ply
format ascii 1.0
element vertex 5023
property float x
property float y
property float z
element face 9976
property list uchar int vertex_indices
end_header
0.064493 -0.011355 -0.051915
0.068052 -0.012411 -0.050518
0.068521 -0.010957 -0.050094
0.064904 -0.010362 -0.051595
0.074955 -0.011132 -0.059814
0.076163 -0.007703 -0.055463
0.075736 -0.005376 -0.054565
0.074853 -0.005224 -0.057579
0.027273 -0.048126 -0.112193
0.012193 -0.047883 -0.116375
0.012231 -0.058726 -0.113874
0.026255 -0.061573 -0.108481
0.046581 -0.084378 -0.089420
0.041053 -0.076611 -0.094907
0.038697 -0.088376 -0.098440
0.048128 -0.091972 -0.089005
0.038909 0.048059 0.038255
0.046231 0.046569 0.032635
0.045334 0.041187 0.036019
-0.064804 -0.011898 -0.052946
-0.068313 -0.012900 -0.051497
-0.068842 -0.011460 -0.051147
-0.065365 -0.010952 -0.052675
-0.076109 -0.011689 -0.061424
-0.077713 -0.008292 -0.056983
-0.076877 -0.005804 -0.056182
-0.076217 -0.005668 -0.059359
0.038190 0.042051 0.039994
0.092206 0.010672 -0.067185
0.092344 0.008209 -0.068444
0.093066 0.006383 -0.066830
0.092900 0.008391 -0.065307
0.088994 -0.006468 -0.067443
0.089238 0.000563 -0.068362
0.090355 0.002992 -0.068853
0.090580 0.000763 -0.068187
0.088709 -0.016835 -0.064427
0.087494 -0.016133 -0.064332
0.088894 -0.011649 -0.066016
0.090388 -0.012110 -0.066609
0.074334 -0.037074 -0.040253
0.077117 -0.034106 -0.042891
0.077011 -0.037217 -0.044396
0.072670 -0.039258 -0.042433
0.069624 -0.037060 -0.043845
0.073972 -0.037776 -0.048405
0.073678 -0.034175 -0.049706
0.070106 -0.034023 -0.046369
0.087379 0.019542 -0.054474
0.087957 0.015788 -0.053905
0.086766 0.014708 -0.052028
0.085931 0.018376 -0.052309
0.073442 -0.011821 -0.065222
0.071728 -0.017996 -0.063728
0.077830 -0.013430 -0.065975
0.078368 -0.010902 -0.066082
0.087322 0.010252 -0.060560
0.087440 0.010867 -0.063546
0.087943 0.008788 -0.064845
0.087253 0.007656 -0.062664
0.089306 0.012146 -0.067963
0.089501 0.009371 -0.069287
0.072651 -0.027049 -0.040167
0.071710 -0.023423 -0.039535
0.072461 -0.022050 -0.040828
0.072833 -0.023135 -0.042289
0.074476 -0.011269 -0.056727
0.076332 -0.006865 -0.054061
0.085054 -0.027542 -0.059694
0.084809 -0.025473 -0.058637
0.087208 -0.021429 -0.061772
0.087170 -0.022806 -0.063136
0.081776 -0.023301 -0.056903
0.084308 -0.020340 -0.060096
0.085212 -0.019632 -0.061899
0.084267 -0.021873 -0.059890
0.088648 0.012419 -0.061687
0.087343 0.014608 -0.056768
0.088720 0.013447 -0.055538
0.090433 0.011357 -0.059617
0.080084 0.000817 -0.064817
0.078419 0.005748 -0.062603
0.077333 0.004969 -0.062571
0.078730 0.000623 -0.064687
0.089346 0.009839 -0.066192
0.089706 0.007699 -0.067505
0.088409 0.006506 -0.066323
0.078618 0.007416 -0.049769
0.080319 0.008788 -0.051776
0.080454 0.007197 -0.052719
0.080040 0.006022 -0.052041
0.076808 -0.038294 -0.048037
0.070481 -0.026532 -0.057126
0.072188 -0.026151 -0.058744
0.074830 -0.021950 -0.061459
0.073209 -0.020776 -0.062001
0.069637 -0.034803 -0.038291
0.072989 -0.034809 -0.038456
0.073603 -0.035979 -0.039497
0.070431 -0.037462 -0.039605
0.081289 0.011886 -0.051846
0.083394 0.011153 -0.053598
0.081610 0.010368 -0.053163
0.080310 0.010821 -0.051776
0.088123 -0.001090 -0.066798
0.087496 0.005130 -0.064384
0.087273 -0.010109 -0.062029
0.087484 -0.009739 -0.064925
0.087111 -0.013814 -0.063360
-0.028982 -0.048032 -0.112256
-0.013994 -0.047833 -0.116392
-0.013976 -0.058683 -0.113912
-0.027876 -0.061508 -0.108566
0.086358 -0.014010 -0.060732
0.087173 -0.002159 -0.061803
0.087641 -0.002074 -0.064995
0.091059 0.005657 -0.065709
0.091230 -0.000015 -0.067010
0.090429 0.006416 -0.066562
0.076574 0.008382 -0.060042
0.077049 0.011442 -0.063765
0.075786 0.005283 -0.065819
0.076575 0.005928 -0.061669
0.073248 -0.018261 -0.041278
0.074292 -0.016083 -0.042785
0.072828 -0.018212 -0.044643
0.071802 -0.020821 -0.043917
0.075613 -0.024126 -0.060252
0.072947 -0.027263 -0.058039
0.073522 -0.027943 -0.057387
0.076215 -0.025913 -0.058969
0.085467 0.011808 -0.055395
0.085777 0.007836 -0.056695
0.084125 0.007804 -0.055584
0.077430 -0.022284 -0.049571
0.077653 -0.021052 -0.051752
0.079245 -0.023824 -0.052817
0.078883 -0.025864 -0.050874
0.081040 -0.034233 -0.053906
0.078507 -0.034377 -0.054693
0.076195 -0.036407 -0.051319
0.079018 -0.036527 -0.050932
0.072591 -0.021845 -0.043147
0.072553 -0.020687 -0.041169
0.082169 0.001287 -0.066444
0.080863 0.007119 -0.063698
0.086922 0.006407 -0.060700
0.087167 0.004093 -0.062281
0.075264 -0.005809 -0.046716
0.073649 -0.005478 -0.048601
0.073995 -0.006331 -0.048495
0.076011 -0.007219 -0.046474
0.075153 -0.006092 -0.045192
0.075672 -0.007668 -0.045066
0.074935 -0.007650 -0.044213
0.074555 -0.006821 -0.044037
0.072934 -0.005357 -0.049024
0.073352 -0.005608 -0.048814
0.073493 -0.005089 -0.048808
0.077345 -0.002515 -0.059609
0.077235 -0.009878 -0.060944
0.076109 -0.010955 -0.061606
0.077355 -0.005181 -0.059423
0.088011 -0.008753 -0.066373
0.083336 0.014990 -0.048704
0.082545 0.017919 -0.048242
0.085087 0.020393 -0.051981
0.071826 -0.019254 -0.054593
0.075288 -0.019095 -0.051953
0.074972 -0.019177 -0.050308
0.072366 -0.019330 -0.052772
0.073565 -0.014276 -0.047789
0.071336 -0.017279 -0.047628
0.074811 -0.015777 -0.045482
0.075310 -0.000370 -0.044819
0.074782 -0.004176 -0.047627
0.074767 -0.005018 -0.046338
0.074710 -0.004668 -0.045000
0.088542 -0.017495 -0.065691
0.089833 -0.012263 -0.067963
0.088191 -0.012288 -0.069090
0.087089 -0.017906 -0.066970
0.070929 -0.030522 -0.037553
0.066223 -0.032386 -0.040977
0.069516 -0.027069 -0.038025
0.090728 0.016849 -0.062282
0.088804 0.018542 -0.062548
0.089087 0.016698 -0.064647
0.091427 0.015086 -0.064271
0.075294 0.000549 -0.052555
0.074965 -0.001473 -0.052493
0.075552 -0.000360 -0.051210
0.075245 0.001807 -0.051038
0.051947 -0.034215 -0.095155
0.060333 -0.033993 -0.076623
0.064353 -0.020687 -0.084765
0.057041 -0.020986 -0.100280
0.081835 -0.031062 -0.053013
0.080987 -0.033152 -0.050413
0.077284 0.007133 -0.043169
0.076476 0.008920 -0.042229
0.076866 0.014441 -0.043985
0.078148 0.011220 -0.044098
0.090160 0.001918 -0.071199
0.092494 0.001259 -0.070080
0.080828 0.011794 -0.050303
0.083063 0.014451 -0.053110
0.081528 0.012511 -0.052015
0.080206 0.011197 -0.050496
0.080161 0.003808 -0.047785
0.080810 0.005054 -0.047641
0.079067 0.005935 -0.047874
0.078029 0.004674 -0.048232
0.075273 0.014079 -0.041350
0.076244 0.019108 -0.044516
0.068431 -0.026702 -0.056744
0.079376 0.005858 -0.045031
0.080152 0.008441 -0.045273
0.081472 0.006809 -0.047489
-0.048064 -0.084443 -0.089616
-0.042588 -0.076704 -0.094990
-0.040322 -0.088434 -0.098525
-0.049622 -0.092025 -0.089215
0.070610 -0.022339 -0.037793
0.071962 -0.020958 -0.039624
0.079782 0.010930 -0.050344
0.079093 0.009745 -0.050336
0.077707 0.005857 -0.048775
0.078593 0.004957 -0.051205
0.082411 -0.001461 -0.058060
0.083480 -0.009585 -0.059229
0.067711 -0.020149 -0.071108
0.064298 -0.032533 -0.056857
0.077968 0.006365 -0.048161
0.078190 0.006872 -0.048236
0.077525 0.006198 -0.048024
0.077015 0.005348 -0.048613
0.079649 -0.034924 -0.047894
0.082464 0.004655 -0.055937
0.079679 0.002511 -0.053974
0.081326 0.004582 -0.053894
0.090809 -0.007636 -0.066640
0.092275 -0.000266 -0.066847
0.093576 -0.000114 -0.068197
0.092004 -0.007821 -0.067862
0.067781 -0.035502 -0.042410
0.074784 -0.002135 -0.053765
0.075883 -0.003552 -0.053226
0.077103 0.003471 -0.051688
0.076342 0.004470 -0.048874
0.072154 -0.018001 -0.039229
0.088375 0.013318 -0.063407
0.088972 0.011768 -0.064739
0.087415 0.012297 -0.062294
0.087201 0.013328 -0.060764
0.086437 0.015783 -0.058955
0.085772 0.016234 -0.058588
0.087837 0.014839 -0.061772
0.079377 0.004048 -0.052376
0.080590 0.005109 -0.052975
0.077348 -0.023373 -0.047833
0.078239 -0.029076 -0.047810
0.085963 -0.017387 -0.061199
0.084651 -0.016782 -0.058645
0.085654 -0.006836 -0.069645
0.085582 0.001792 -0.069493
0.083876 0.001519 -0.067672
0.084500 -0.006714 -0.068392
0.078363 -0.005334 -0.065856
0.074918 -0.004626 -0.065689
0.074188 -0.005950 -0.043492
0.073688 -0.002178 -0.041335
0.075749 0.002492 -0.050879
0.075820 0.004268 -0.049356
0.079459 -0.021626 -0.062716
0.075782 -0.028614 -0.055380
0.079726 -0.023732 -0.060869
0.071669 -0.028916 -0.053444
0.071383 -0.029744 -0.051056
0.073936 -0.030016 -0.052578
0.081572 -0.021350 -0.056019
0.083865 -0.019999 -0.058366
0.073560 -0.005782 -0.049639
0.072346 -0.007346 -0.051469
0.071701 -0.005910 -0.049457
0.085507 -0.001917 -0.059953
0.086208 -0.009834 -0.060269
0.080590 0.007253 -0.048213
0.077539 -0.001911 -0.048308
0.078233 0.001438 -0.046255
0.083477 0.010017 -0.048441
0.082418 0.008651 -0.048748
0.081618 0.007850 -0.048477
0.082316 0.008368 -0.047643
0.067160 -0.014524 -0.051639
0.069422 -0.016252 -0.049618
0.071070 -0.013281 -0.048914
0.085542 0.015390 -0.056208
0.086125 0.013727 -0.057233
0.082685 0.007819 -0.065033
0.080973 0.009034 -0.052599
0.081010 0.007615 -0.053722
0.079578 0.020286 -0.057989
0.079915 0.017886 -0.054805
0.079548 0.018336 -0.053659
0.079173 0.023137 -0.053627
0.070595 -0.032406 -0.047639
0.073265 -0.032236 -0.050338
0.073023 -0.030990 -0.050888
0.071162 -0.030923 -0.049062
0.074442 -0.019266 -0.049731
0.072409 -0.019466 -0.051739
0.086472 -0.015966 -0.064105
0.086045 -0.016868 -0.063044
0.087257 -0.012841 -0.065097
0.087362 -0.011435 -0.066066
0.076016 0.001732 -0.056100
0.075737 0.000282 -0.054650
0.078280 0.012882 -0.056782
0.080791 0.014795 -0.058017
0.080924 0.017041 -0.054813
0.078834 0.015464 -0.054794
0.084507 0.008641 -0.066869
0.080927 0.006157 -0.053715
0.081348 0.006351 -0.054485
0.080769 0.006549 -0.053177
0.077209 0.003826 -0.048641
0.079430 0.002655 -0.048682
0.083648 0.010268 -0.049604
0.086234 0.013447 -0.052082
0.085528 0.014169 -0.053405
0.083140 0.011178 -0.049749
0.078922 0.008591 -0.048672
0.013597 -0.035953 -0.122556
0.015425 -0.025847 -0.129571
-0.038655 0.047304 0.038448
-0.046109 0.045814 0.032884
-0.045106 0.040361 0.036284
-0.037871 0.041311 0.040300
0.081346 0.017733 -0.047900
0.081450 0.019146 -0.051170
0.082571 0.019934 -0.051649
0.082015 0.018400 -0.048326
0.087131 0.012231 -0.060402
0.089732 0.008840 -0.065508
0.076960 -0.005470 -0.052173
0.074086 -0.008148 -0.052973
0.064658 -0.008842 -0.051957
0.064977 -0.007710 -0.051683
0.065600 -0.008019 -0.052693
0.065518 -0.008869 -0.053142
0.068906 -0.014135 -0.054243
0.071222 -0.014849 -0.053254
0.070352 -0.016296 -0.051714
0.068456 -0.015366 -0.053554
0.064214 -0.011400 -0.052648
0.064437 -0.010014 -0.052247
0.065156 -0.010446 -0.053668
0.064998 -0.011955 -0.054543
0.084774 0.015954 -0.054595
0.086299 0.015677 -0.056639
0.091857 0.007311 -0.064122
0.092062 0.005408 -0.065499
0.089206 0.012546 -0.062626
0.089585 0.010786 -0.063994
0.074286 -0.013408 -0.042677
0.075286 -0.013262 -0.044397
0.075100 -0.014856 -0.044360
0.092845 0.009789 -0.063730
0.091891 0.012799 -0.065652
0.073422 -0.030514 -0.039209
0.072369 -0.032167 -0.038040
0.045064 -0.100473 -0.022819
0.055770 -0.095628 -0.034978
0.055228 -0.105941 -0.034293
0.045052 -0.110936 -0.022579
0.082114 0.013296 -0.047456
0.080558 0.016179 -0.047330
0.064388 -0.013394 -0.053075
0.064439 -0.013579 -0.053223
0.067046 -0.015328 -0.052900
0.068953 -0.009576 -0.050046
0.065360 -0.009123 -0.051303
0.069323 -0.012580 -0.053984
0.068965 -0.007533 -0.052243
0.068826 -0.006477 -0.050957
0.070053 -0.018957 -0.048562
0.071188 -0.019731 -0.050254
0.072652 -0.020348 -0.047116
0.065450 -0.013974 -0.054839
0.077126 0.002878 -0.053918
0.072034 -0.012220 -0.053591
0.073340 -0.014368 -0.055572
0.072737 -0.016035 -0.054642
0.071485 -0.013936 -0.053605
0.080123 -0.024270 -0.054252
0.079996 -0.022489 -0.054307
0.072075 -0.018495 -0.056730
0.075177 -0.019063 -0.054917
0.077269 -0.002782 -0.052166
0.078569 0.000082 -0.049758
0.074313 -0.005691 -0.050243
0.072174 -0.010111 -0.052691
0.073787 -0.012322 -0.055029
0.069049 -0.008499 -0.050194
0.072229 -0.008105 -0.048735
0.071971 -0.007089 -0.049017
0.069005 -0.007577 -0.050441
0.082758 0.007762 -0.054903
0.079120 0.014328 -0.045602
0.081183 0.010962 -0.046186
0.080124 0.024761 -0.069132
0.077954 0.016308 -0.074243
0.079030 0.016777 -0.061795
0.070034 -0.010992 -0.053580
0.065174 -0.007296 -0.051739
0.065894 -0.007883 -0.051599
0.086177 -0.020256 -0.061773
0.073153 -0.021170 -0.046550
0.076231 0.001963 -0.049269
0.084997 -0.011754 -0.068526
0.084132 -0.017201 -0.066665
0.075903 0.003375 -0.049315
0.076031 0.004430 -0.049309
0.071905 -0.019743 -0.051242
0.073989 -0.019870 -0.048541
0.076358 0.004672 -0.048976
0.075626 -0.013776 -0.045823
0.087056 0.007720 -0.059352
0.077162 -0.031643 -0.055059
0.075160 -0.033093 -0.052199
0.065794 -0.008173 -0.051154
0.069045 -0.016213 -0.051151
0.069269 -0.009160 -0.052582
0.074396 -0.010099 -0.047806
0.074141 -0.012249 -0.047561
0.075607 -0.011513 -0.045637
0.076121 -0.018460 -0.056509
0.072482 -0.016375 -0.058695
0.073663 -0.015502 -0.060690
0.078107 -0.017220 -0.057573
0.082813 -0.022214 -0.064400
0.081013 -0.026653 -0.061243
0.083198 -0.028499 -0.061305
0.085635 -0.023551 -0.064512
0.080582 0.041166 -0.077329
0.080498 0.030722 -0.062270
0.080921 0.047743 -0.065969
0.083881 0.016256 -0.062531
0.083748 0.014024 -0.064035
0.089131 0.014624 -0.066393
0.078442 0.021470 -0.049013
0.079325 0.018635 -0.052424
0.081174 0.018453 -0.051074
0.089207 -0.007340 -0.070493
0.076391 0.003382 -0.043433
0.078566 0.003484 -0.045312
0.078435 -0.020375 -0.063619
0.079677 -0.019242 -0.054846
0.082253 -0.018411 -0.056473
0.089383 0.015838 -0.056038
0.087385 0.013769 -0.053836
0.010116 -0.111593 0.008019
0.009980 -0.119289 0.004546
0.008432 -0.008191 0.057646
0.009436 -0.008356 0.056371
0.007843 -0.006761 0.055283
0.007506 -0.006768 0.055892
0.008933 -0.016635 0.056928
0.008182 -0.015359 0.056156
0.009514 -0.015466 0.055070
0.010678 -0.016325 0.056186
0.006668 -0.006636 0.055344
0.005633 -0.008432 0.058026
0.006706 -0.008355 0.058676
0.007021 -0.006747 0.055666
0.089592 0.018990 -0.056762
0.013340 -0.015992 0.056939
0.011924 -0.014268 0.056153
0.012411 -0.013827 0.057957
0.014997 -0.015011 0.058702
0.005080 -0.014745 0.064737
0.006343 -0.012821 0.064714
0.005198 -0.013747 0.062629
0.005048 -0.015460 0.062185
0.008605 -0.012512 0.063999
0.010762 -0.012606 0.065967
0.012766 -0.012699 0.064219
0.010341 -0.013037 0.062450
0.005550 -0.012266 0.058203
0.006434 -0.014183 0.059314
0.004854 -0.011554 0.061297
0.011728 -0.011753 0.056450
0.011420 -0.012649 0.055202
0.009491 -0.009208 0.055150
0.009753 -0.008930 0.055092
0.047235 -0.083038 -0.022871
0.056825 -0.081661 -0.036847
0.034501 0.007207 0.034906
0.033837 0.004219 0.035895
0.030000 0.005573 0.036875
0.030782 0.008149 0.035887
0.075759 -0.009437 -0.044786
0.074887 -0.008684 -0.043802
0.083699 0.011472 -0.065430
0.087769 0.013875 -0.062183
0.084165 0.017795 -0.060708
0.083620 0.019393 -0.056147
0.082059 0.018198 -0.055419
0.082154 0.016344 -0.059287
0.091376 0.013311 -0.060643
0.074322 -0.022541 -0.046082
0.084062 0.003917 -0.057943
0.083102 0.019899 -0.053727
0.086250 0.020968 -0.054247
0.089197 -0.007209 -0.066525
0.092123 0.012006 -0.062329
0.090920 0.010375 -0.061248
0.084514 0.011957 -0.049168
0.076464 -0.012917 -0.061478
0.082218 -0.012931 -0.058857
0.080335 -0.015602 -0.058240
-0.091973 0.010464 -0.068679
-0.092144 0.008079 -0.070006
-0.092777 0.006253 -0.068186
-0.092588 0.008219 -0.066710
-0.088800 -0.006821 -0.068732
-0.089062 0.000102 -0.069850
-0.089950 0.002640 -0.070403
-0.090501 0.000423 -0.069630
0.075480 -0.014822 -0.061397
0.075403 -0.000866 -0.054332
0.071759 -0.017115 -0.037113
0.079811 -0.028708 -0.051328
-0.088515 -0.016908 -0.065599
-0.087383 -0.016365 -0.065489
-0.088672 -0.011802 -0.067083
-0.090242 -0.012183 -0.067554
0.080812 -0.027578 -0.053756
0.030050 -0.035505 -0.116854
0.033747 -0.024560 -0.123113
0.091114 -0.007587 -0.069460
0.085210 0.016336 -0.055821
0.076135 -0.023048 -0.047053
0.076348 -0.028431 -0.044669
0.074862 -0.027580 -0.043185
0.081154 0.006774 -0.054324
0.077670 -0.019054 -0.063644
0.077535 -0.016868 -0.065015
0.065780 -0.007439 -0.052388
0.080181 -0.025088 -0.060849
0.076615 -0.030003 -0.055130
0.060036 -0.079097 -0.050938
0.056923 -0.076265 -0.067101
-0.075244 -0.036905 -0.040494
-0.077886 -0.034005 -0.043287
-0.077939 -0.036902 -0.044705
-0.073199 -0.038313 -0.043028
0.057777 -0.087824 -0.064619
0.059943 -0.091511 -0.049312
0.072240 -0.003610 -0.038194
0.073053 -0.010757 -0.040569
0.072559 -0.011785 -0.038818
0.023686 -0.101707 0.001042
0.021020 -0.114971 -0.001806
0.070528 -0.016066 -0.033737
0.068958 -0.016220 -0.022313
0.070666 -0.000702 -0.022533
0.070674 -0.006336 -0.033049
0.059430 0.030347 0.013760
0.060625 0.030497 0.009378
0.061068 0.021432 0.009164
0.059273 0.022851 0.012862
0.018887 0.084604 0.029929
0.009186 0.085685 0.032043
0.009134 0.092708 0.026890
0.019122 0.091521 0.024552
0.035700 -0.016309 -0.126710
0.037568 -0.005745 -0.130697
0.017619 -0.008548 -0.137929
0.016468 -0.018277 -0.133402
0.019226 0.108900 0.004435
0.009017 0.110371 0.006794
0.009163 0.115639 -0.002485
-0.070018 -0.036801 -0.044422
-0.074015 -0.037202 -0.048957
-0.073542 -0.033985 -0.050435
-0.070366 -0.033978 -0.047088
0.019578 0.113931 -0.004522
0.051835 0.003960 0.026020
0.053577 -0.002001 0.026488
0.049950 -0.002306 0.029774
0.048786 0.003769 0.028725
0.076298 -0.032897 -0.041678
0.075130 -0.031777 -0.040607
-0.087304 0.018826 -0.055803
-0.087947 0.015069 -0.055311
-0.086861 0.013874 -0.053448
-0.085859 0.017569 -0.053660
-0.074474 -0.011904 -0.065866
-0.072818 -0.018246 -0.064333
-0.078738 -0.013572 -0.066769
-0.079194 -0.010933 -0.067036
0.009381 0.120239 -0.013515
0.020079 0.118370 -0.015188
0.013569 0.015271 0.043346
-0.086322 0.009617 -0.062708
-0.086929 0.010200 -0.065447
-0.087391 0.008256 -0.066585
-0.086562 0.007038 -0.064442
-0.089073 0.011892 -0.069485
-0.089193 0.009213 -0.070965
-0.073613 -0.027311 -0.040712
-0.072237 -0.023789 -0.040310
-0.072794 -0.022381 -0.041722
-0.073464 -0.023488 -0.043050
-0.075546 -0.011826 -0.058269
-0.077163 -0.007299 -0.055612
-0.084800 -0.027061 -0.060667
-0.084986 -0.025354 -0.059582
-0.087082 -0.021329 -0.062748
-0.086904 -0.022594 -0.064322
0.013767 0.017234 0.040452
0.017328 0.013698 0.039076
0.017135 0.011599 0.041342
0.007695 0.059771 0.043818
0.008369 0.066716 0.040343
0.016991 0.066440 0.039014
0.016057 0.059677 0.043067
0.021592 0.011042 0.037705
0.020954 0.009008 0.039398
0.009036 0.099091 0.020869
0.019160 0.097840 0.018385
0.019940 0.125385 -0.063734
-0.082347 -0.023668 -0.057753
-0.084641 -0.020685 -0.061085
-0.085305 -0.019946 -0.062985
-0.084611 -0.022237 -0.060922
0.020243 0.125388 -0.055598
0.009222 0.128057 -0.055918
-0.087964 0.011972 -0.063573
-0.086638 0.014102 -0.058714
-0.088447 0.012910 -0.057219
-0.090076 0.010984 -0.061340
0.010417 0.127410 -0.068163
0.069675 -0.002614 -0.091457
0.072832 -0.004281 -0.076157
0.075734 0.007735 -0.077094
0.073778 0.013991 -0.093463
0.033438 -0.095062 -0.009656
0.031900 -0.108096 -0.012171
-0.080418 0.000676 -0.066177
-0.078801 0.005453 -0.063836
-0.078192 0.004677 -0.063670
-0.079651 0.000506 -0.065993
-0.088828 0.009388 -0.067935
-0.089259 0.007278 -0.069129
-0.087859 0.006021 -0.067939
-0.078599 0.006447 -0.051648
-0.080394 0.007748 -0.053833
-0.079938 0.006338 -0.054803
-0.080060 0.005040 -0.053999
-0.077103 -0.037529 -0.048642
-0.071305 -0.026926 -0.057939
-0.072813 -0.026353 -0.059621
-0.075659 -0.022155 -0.062419
-0.074242 -0.021073 -0.062806
0.051822 0.051349 0.020982
0.053406 0.056002 0.016689
0.056811 0.049281 0.013166
0.055193 0.045660 0.017852
0.006327 0.048548 0.047862
0.013887 0.048390 0.047663
0.012100 0.042654 0.047521
0.005702 0.042670 0.047894
-0.070208 -0.034815 -0.038687
-0.073719 -0.034847 -0.038567
-0.074388 -0.035991 -0.039666
-0.071049 -0.037073 -0.040050
0.058801 0.015374 0.013014
0.061158 0.012555 0.010481
0.060022 0.004721 0.015331
0.057216 0.008340 0.017136
0.054250 0.004815 0.023068
-0.081072 0.010982 -0.053923
-0.082712 0.010377 -0.055837
-0.081140 0.009562 -0.055275
-0.080241 0.009900 -0.053778
0.056442 -0.000835 0.023030
-0.087954 -0.001603 -0.068254
-0.086927 0.004612 -0.065998
0.018153 0.075397 0.035562
0.008854 0.076164 0.037079
0.059094 0.040289 0.010382
0.057805 0.038314 0.015342
0.010850 0.018450 0.045721
0.011427 0.020092 0.042155
0.008731 0.023863 0.044098
-0.087434 -0.010558 -0.063027
-0.087281 -0.010177 -0.066063
-0.087167 -0.014206 -0.064334
-0.086778 -0.014419 -0.061577
0.004815 0.023504 0.049999
0.004650 0.027231 0.047887
0.008021 0.027152 0.044518
0.032933 0.059158 0.035998
0.033910 0.065383 0.032034
0.041212 0.064129 0.026965
0.040038 0.058126 0.030703
0.019159 0.103497 0.011867
-0.087346 -0.002780 -0.062946
-0.087388 -0.002611 -0.066311
0.008974 0.104831 0.014332
0.004828 0.035841 0.046562
0.009431 0.035967 0.045096
0.008526 0.032640 0.044127
-0.090759 0.005454 -0.067226
-0.091173 -0.000255 -0.068299
-0.090073 0.006117 -0.068114
-0.076951 0.008164 -0.061036
-0.077263 0.011369 -0.064770
-0.076735 0.005408 -0.066947
-0.077206 0.005899 -0.062831
0.004742 0.032763 0.046341
0.025381 0.007001 0.037967
0.026070 0.009299 0.036851
0.067139 -0.031516 -0.047556
0.068581 -0.033077 -0.046094
0.073162 0.014531 -0.035344
0.071522 0.004098 -0.033796
0.071211 0.012047 -0.023390
0.072065 0.024810 -0.025161
0.074508 0.037205 -0.028260
0.075393 0.044915 -0.033096
0.077128 0.028723 -0.040549
0.075401 0.023357 -0.037228
0.053287 -0.085359 -0.078138
0.050602 -0.075244 -0.081752
0.004893 0.020276 0.052879
0.004825 0.017142 0.055567
0.019987 0.034053 -0.147052
-0.072959 -0.018479 -0.042437
-0.074136 -0.016362 -0.043970
-0.072648 -0.018456 -0.045722
-0.072354 -0.021199 -0.044881
0.019383 0.020255 -0.145896
0.040015 0.024309 -0.137269
0.040324 0.037501 -0.137980
0.066538 -0.013206 -0.088193
-0.076311 -0.024241 -0.061203
-0.073497 -0.027384 -0.058838
-0.073950 -0.028051 -0.058229
-0.076527 -0.025817 -0.059824
0.070196 -0.012826 -0.074055
0.010835 -0.010991 0.058306
0.007685 -0.006503 0.054574
0.008396 -0.009432 0.055480
0.007770 -0.006497 0.054558
0.011797 -0.013433 0.060429
0.014682 -0.013397 0.061816
0.008789 -0.013723 0.054619
0.007693 -0.013659 0.055040
0.007697 -0.009209 0.055732
0.007973 -0.006521 0.054703
0.001812 -0.015825 0.067016
0.002416 -0.014405 0.069950
0.006774 -0.013458 0.068846
0.005116 -0.014919 0.066770
0.006891 -0.006484 0.055299
0.005878 -0.009001 0.056836
0.005750 -0.010874 0.062687
0.007545 -0.008239 0.058493
0.007261 -0.006730 0.055843
0.007802 -0.010603 0.061814
0.006360 -0.016090 0.059712
0.009390 -0.010689 0.060307
-0.084451 0.011180 -0.057699
-0.084821 0.006977 -0.058906
-0.083343 0.006957 -0.057813
-0.078213 -0.022687 -0.050572
-0.078596 -0.021527 -0.052730
-0.079764 -0.024190 -0.053835
-0.079375 -0.026076 -0.051860
0.078172 -0.020162 -0.053491
0.057179 -0.062921 -0.032587
0.060723 -0.048756 -0.040695
0.060896 -0.050511 -0.045875
-0.080791 -0.033582 -0.054688
-0.078301 -0.033976 -0.055725
-0.076366 -0.035960 -0.052153
-0.079049 -0.035847 -0.051716
-0.073443 -0.022213 -0.043949
-0.072642 -0.021006 -0.042196
-0.082186 0.001146 -0.067990
-0.081568 0.006704 -0.065004
0.059062 -0.065486 -0.041376
0.082696 0.006293 -0.055536
0.064880 0.056112 -0.003814
0.066203 0.067148 -0.012571
0.072010 0.056192 -0.024220
-0.086037 0.005615 -0.062513
-0.086587 0.003478 -0.063830
0.071933 0.046293 -0.019693
0.066871 0.076914 -0.019921
0.072405 0.066691 -0.030860
0.076135 0.054971 -0.040480
0.079345 0.034300 -0.053984
0.042641 0.019866 0.030589
0.042721 0.019732 0.030674
0.041160 0.019522 0.031968
-0.075652 -0.006254 -0.048045
-0.074035 -0.005939 -0.049945
-0.074338 -0.006773 -0.049795
-0.076334 -0.007641 -0.047718
0.041223 0.019597 0.031846
0.042307 0.020052 0.030001
0.040711 0.019740 0.031051
-0.075568 -0.006533 -0.046442
-0.076068 -0.008076 -0.046266
-0.075352 -0.008060 -0.045388
-0.074996 -0.007246 -0.045220
0.043189 0.020345 0.029074
0.043672 0.020048 0.029540
0.043867 0.019858 0.029613
0.025069 0.021403 0.034162
0.025852 0.021691 0.033634
0.028407 0.020713 0.033737
0.027739 0.020688 0.034783
0.024811 0.021183 0.034551
0.027634 0.020387 0.035135
-0.073333 -0.005796 -0.050402
-0.073731 -0.006057 -0.050169
-0.073904 -0.005530 -0.050205
-0.077183 -0.003033 -0.061791
-0.077984 -0.010512 -0.062623
-0.076965 -0.011566 -0.062996
-0.077928 -0.005645 -0.061177
0.029068 0.023286 0.027794
0.028603 0.023557 0.027706
-0.087791 -0.009141 -0.067682
0.029821 0.022928 0.027935
0.023322 0.023015 0.031984
0.023422 0.024145 0.031863
-0.083695 0.014044 -0.049925
-0.082792 0.016851 -0.049504
-0.085381 0.019303 -0.053330
0.028356 0.024327 0.027638
0.028317 0.023752 0.027645
0.023612 0.022636 0.032248
-0.072787 -0.019992 -0.055790
-0.076229 -0.019588 -0.053039
-0.075334 -0.019470 -0.051348
-0.073207 -0.019983 -0.053876
-0.073588 -0.014642 -0.048878
-0.071294 -0.017650 -0.048646
-0.074714 -0.016072 -0.046605
-0.075569 -0.000919 -0.046273
-0.075100 -0.004618 -0.048948
-0.075179 -0.005490 -0.047666
-0.075149 -0.005157 -0.046326
-0.088467 -0.017522 -0.067004
-0.089696 -0.012345 -0.069249
-0.088181 -0.012460 -0.070812
-0.087012 -0.017945 -0.068475
0.021973 0.022520 0.032292
0.020962 0.022785 0.031798
-0.071513 -0.030756 -0.037864
-0.066483 -0.032617 -0.041703
-0.070369 -0.027447 -0.038645
-0.090697 0.016312 -0.063638
-0.088792 0.017908 -0.063812
-0.089055 0.016158 -0.065980
-0.091299 0.014647 -0.065688
-0.075652 -0.000056 -0.054249
-0.075430 -0.001986 -0.054201
-0.075802 -0.000984 -0.052858
-0.075601 0.001129 -0.052745
0.021058 0.024337 0.031768
0.032853 0.019236 0.035025
0.033002 0.018419 0.034965
0.028250 0.018853 0.035287
0.027883 0.019765 0.035291
0.032711 0.019740 0.034945
0.036130 0.019729 0.033959
0.036170 0.019240 0.034019
0.036208 0.018420 0.033919
-0.053260 -0.034012 -0.095433
-0.061350 -0.033784 -0.077026
-0.065438 -0.020393 -0.085241
-0.058250 -0.020724 -0.100667
-0.081895 -0.030780 -0.053897
-0.081175 -0.032788 -0.051251
-0.077264 0.006352 -0.044939
-0.076459 0.008165 -0.043547
-0.076955 0.013613 -0.045108
-0.078112 0.010431 -0.045458
0.024908 0.019872 0.035132
0.024839 0.020789 0.034897
0.036131 0.017700 0.033793
0.033162 0.017708 0.034768
-0.090029 0.001765 -0.073108
-0.092400 0.001137 -0.071726
0.028419 0.018152 0.035154
0.024887 0.019408 0.035192
0.022116 0.020749 0.034579
0.023261 0.020964 0.034675
0.033086 0.016861 0.034481
0.033038 0.016008 0.034312
0.028263 0.016442 0.034938
0.028374 0.017321 0.034985
-0.080674 0.010842 -0.052408
-0.082343 0.013762 -0.055301
-0.080938 0.011674 -0.054175
-0.079991 0.010241 -0.052591
-0.080196 0.003090 -0.049748
-0.080863 0.004241 -0.049633
-0.079120 0.005030 -0.049906
-0.078156 0.003816 -0.050181
0.036065 0.016884 0.033400
0.035978 0.015953 0.033211
-0.075337 0.013230 -0.042372
-0.076277 0.018059 -0.045525
0.044938 0.019737 0.027904
0.045482 0.020160 0.027035
0.045359 0.019558 0.027073
-0.069237 -0.027058 -0.057363
0.044973 0.019216 0.027512
0.047090 0.016456 0.024224
0.048159 0.017660 0.023559
0.049496 0.016737 0.022080
-0.079335 0.005113 -0.046992
-0.080050 0.007646 -0.047143
-0.081341 0.006056 -0.049448
-0.070905 -0.022776 -0.038699
-0.071917 -0.021325 -0.040664
-0.079742 0.009950 -0.052367
-0.079158 0.008788 -0.052228
-0.077846 0.004863 -0.050650
-0.078771 0.004057 -0.053009
0.048381 0.015420 0.023234
-0.082893 -0.002270 -0.059450
-0.083997 -0.010141 -0.060150
0.056054 0.006191 0.019846
0.050451 0.012260 0.022671
0.051766 0.013558 0.020630
0.044441 0.019664 0.028669
0.043829 0.019481 0.029589
0.044449 0.019946 0.028709
0.044930 0.020180 0.027804
0.044447 0.018948 0.028310
0.043810 0.018813 0.029309
0.042729 0.019415 0.030636
0.042697 0.018725 0.030442
0.041066 0.018509 0.031755
0.041069 0.019258 0.031927
0.039021 0.019230 0.033030
-0.068616 -0.019882 -0.071695
-0.064856 -0.032721 -0.057258
0.039342 0.019590 0.032918
0.039012 0.018392 0.032862
0.041067 0.017809 0.031406
0.039014 0.017700 0.032634
0.042573 0.017988 0.029958
0.043766 0.018162 0.028799
0.044494 0.018414 0.027758
0.045205 0.018686 0.026990
0.045717 0.019234 0.026476
0.044734 0.017759 0.027109
0.045278 0.016888 0.026282
0.044051 0.016554 0.027586
0.043866 0.017471 0.028255
0.045644 0.018126 0.026242
0.046333 0.017342 0.025235
-0.078043 0.005374 -0.050186
-0.078237 0.005842 -0.050243
-0.077687 0.005198 -0.049914
-0.077212 0.004374 -0.050555
0.042742 0.017287 0.029455
0.042761 0.016415 0.028987
0.040870 0.016198 0.030493
0.040984 0.017074 0.030961
-0.080236 -0.034579 -0.048591
-0.082029 0.003823 -0.057717
-0.079781 0.001605 -0.055572
-0.081004 0.003731 -0.055730
0.038947 0.016976 0.032191
0.038912 0.015983 0.031779
-0.090578 -0.007734 -0.067483
-0.092246 -0.000413 -0.067709
-0.093519 -0.000243 -0.069158
-0.091782 -0.007828 -0.068799
0.032664 0.019793 0.034734
0.032337 0.019997 0.033683
0.035810 0.019657 0.033114
0.036169 0.019660 0.033744
0.039401 0.019520 0.032807
-0.068143 -0.035496 -0.042988
-0.075443 -0.002611 -0.055460
-0.076678 -0.003993 -0.054922
0.038716 0.019658 0.032242
0.035599 0.019600 0.031984
0.033973 0.021967 0.027695
0.035306 0.021938 0.027292
0.038371 0.019544 0.031181
-0.077470 0.002568 -0.053436
-0.076594 0.003513 -0.050715
0.032487 0.019950 0.032519
0.032449 0.022096 0.027961
0.029192 0.020821 0.032593
-0.072165 -0.018416 -0.040380
0.030953 0.022518 0.028025
0.026514 0.021597 0.032873
0.034612 0.031935 0.035574
0.034341 0.031948 0.036033
0.040195 0.030919 0.035067
0.039793 0.030822 0.034730
0.050630 -0.002398 -0.120021
0.052182 0.012678 -0.125032
0.039437 0.008142 -0.134840
0.041941 0.028466 0.033848
0.041916 0.029415 0.033729
0.044286 0.028027 0.031839
0.044145 0.027159 0.031830
0.041889 0.027417 0.033950
-0.087602 0.012832 -0.065373
-0.088365 0.011279 -0.066583
-0.086574 0.011738 -0.064347
-0.086372 0.012782 -0.062855
-0.085604 0.015240 -0.061070
-0.085035 0.015647 -0.060618
-0.087013 0.014333 -0.063810
-0.079474 0.003153 -0.054063
-0.080298 0.004278 -0.054886
0.043898 0.026067 0.031840
0.039226 0.028748 0.036012
-0.078139 -0.023738 -0.048806
-0.078733 -0.029158 -0.048671
-0.086112 -0.017674 -0.062129
-0.085596 -0.017261 -0.059281
-0.085655 -0.007013 -0.071350
-0.085689 0.001539 -0.071283
-0.084135 0.001288 -0.069245
-0.084465 -0.006813 -0.069986
0.039340 0.029917 0.035832
0.039377 0.030688 0.035336
0.042844 0.024954 0.027344
0.042135 0.025851 0.028121
-0.079110 -0.005342 -0.067062
-0.076010 -0.004522 -0.066704
-0.074690 -0.006390 -0.044642
-0.073992 -0.002654 -0.042573
-0.076092 0.001701 -0.052671
-0.076251 0.003342 -0.051158
-0.080033 -0.021704 -0.063798
-0.076050 -0.028739 -0.056409
-0.080111 -0.023774 -0.062043
-0.072089 -0.029301 -0.054379
-0.071708 -0.030100 -0.052019
-0.074140 -0.030236 -0.053638
0.042733 0.025555 0.029646
0.043691 0.024788 0.028285
0.043513 0.024336 0.026695
0.044343 0.024174 0.027293
0.038132 0.024285 0.025058
0.037817 0.024603 0.025390
0.037335 0.025009 0.025845
-0.082519 -0.021840 -0.056645
-0.084347 -0.020345 -0.059255
0.038286 0.023976 0.024861
-0.073988 -0.006213 -0.050959
-0.072884 -0.007825 -0.052831
-0.072091 -0.006332 -0.050807
-0.085854 -0.002756 -0.061012
-0.086634 -0.010384 -0.061195
-0.080492 0.006393 -0.050272
0.038315 0.023640 0.024781
-0.077852 -0.002359 -0.049945
-0.078353 0.000886 -0.048073
-0.083610 0.009153 -0.050252
-0.082314 0.007768 -0.050803
-0.081390 0.007042 -0.050528
-0.082169 0.007585 -0.049592
-0.067425 -0.015003 -0.052564
-0.069640 -0.016736 -0.050590
-0.071244 -0.013717 -0.049925
0.038232 0.023297 0.024787
0.038147 0.023001 0.024918
0.058307 -0.009152 0.020707
0.058490 0.001170 0.019303
-0.084766 0.014822 -0.058335
-0.085294 0.013156 -0.059368
-0.082725 0.007557 -0.066553
0.060670 -0.006719 0.016499
0.044229 0.020233 0.028575
-0.080895 0.008027 -0.054722
-0.080429 0.006825 -0.055832
0.044750 0.020546 0.027699
-0.079267 0.019550 -0.058703
-0.079734 0.017029 -0.055607
-0.079378 0.017384 -0.054542
-0.078883 0.022091 -0.054409
0.043719 0.020547 0.028204
-0.070810 -0.032528 -0.048450
-0.073429 -0.032307 -0.051338
-0.073227 -0.031197 -0.051909
-0.071372 -0.031192 -0.049917
-0.074711 -0.019568 -0.050762
-0.073165 -0.020068 -0.052784
0.044171 0.020937 0.027458
-0.086519 -0.016335 -0.065278
-0.086099 -0.017215 -0.064119
-0.087155 -0.013211 -0.066255
-0.087329 -0.011820 -0.067291
0.045301 0.021069 0.026870
0.045606 0.020772 0.026795
0.041653 0.020102 0.029315
0.037141 0.022126 0.026356
0.037575 0.022268 0.025928
-0.076248 0.000807 -0.057506
-0.075933 -0.000344 -0.056373
-0.078453 0.012091 -0.057715
-0.080838 0.013950 -0.059054
-0.080744 0.016173 -0.055911
-0.078913 0.014592 -0.055780
-0.084437 0.008409 -0.068446
0.042390 0.020570 0.028436
0.040175 0.019754 0.030208
0.036328 0.022011 0.026827
0.037871 0.022470 0.025569
0.038057 0.022683 0.025188
-0.080466 0.005307 -0.055684
-0.080753 0.005486 -0.056479
0.042756 0.020900 0.027716
-0.080326 0.005709 -0.055165
0.043211 0.021317 0.026995
0.044545 0.021580 0.026884
-0.077399 0.003032 -0.050494
-0.079515 0.002034 -0.050579
-0.083347 0.009422 -0.051710
-0.085811 0.012718 -0.054015
-0.084846 0.013462 -0.055507
-0.082845 0.010268 -0.051889
0.043668 0.022452 0.026138
0.043783 0.023072 0.026164
0.044674 0.022115 0.026660
-0.078975 0.007579 -0.050596
0.044779 0.022761 0.026612
0.043507 0.021934 0.026384
-0.015323 -0.035894 -0.122591
-0.017049 -0.025779 -0.129622
0.043743 0.023704 0.026317
0.044666 0.023403 0.026852
0.045748 0.020200 0.026634
0.045878 0.021132 0.026483
0.046246 0.022126 0.025932
0.046147 0.020117 0.026127
-0.081584 0.016673 -0.049070
-0.081643 0.018113 -0.052354
-0.082835 0.018851 -0.052897
-0.082288 0.017320 -0.049540
-0.086263 0.011637 -0.062523
0.046738 0.019999 0.025417
0.046235 0.018798 0.025637
0.047161 0.022697 0.025562
0.048412 0.022841 0.024908
-0.089341 0.008488 -0.067144
-0.077580 -0.005905 -0.053746
-0.074806 -0.008656 -0.054482
0.047724 0.019811 0.024380
0.046986 0.018382 0.024642
0.045633 0.021690 0.026526
-0.065120 -0.009445 -0.053128
-0.065443 -0.008314 -0.052911
-0.066095 -0.008590 -0.053869
-0.066037 -0.009467 -0.054335
0.045678 0.022353 0.026262
0.046780 0.023922 0.026889
-0.069355 -0.014634 -0.055233
-0.071599 -0.015385 -0.054266
-0.070570 -0.016808 -0.052708
-0.068729 -0.015852 -0.054467
0.047488 0.024714 0.026758
0.046103 0.023356 0.027002
0.045683 0.024174 0.028308
0.046202 0.024889 0.028325
-0.064665 -0.011984 -0.053616
-0.064898 -0.010608 -0.053335
-0.065692 -0.011063 -0.054758
-0.065314 -0.012521 -0.055356
0.046786 0.025637 0.028225
0.045484 0.025852 0.029979
-0.083977 0.015265 -0.056754
-0.085584 0.015082 -0.058694
0.045911 0.026709 0.029994
0.045000 0.025015 0.029878
0.045537 0.023202 0.026929
-0.091527 0.007129 -0.065635
-0.091753 0.005273 -0.066735
-0.088575 0.012146 -0.064464
-0.089122 0.010399 -0.065715
0.045086 0.023929 0.027937
0.044358 0.024722 0.029293
0.043381 0.025335 0.031259
-0.074339 -0.013793 -0.043863
-0.075428 -0.013644 -0.045523
-0.075099 -0.015206 -0.045513
-0.092637 0.009512 -0.065124
-0.091736 0.012500 -0.067108
-0.074061 -0.030632 -0.039676
-0.073019 -0.032315 -0.038182
-0.045548 -0.100522 -0.023245
-0.056628 -0.095602 -0.035435
-0.056374 -0.105905 -0.034749
-0.045753 -0.110883 -0.023014
-0.082576 0.012401 -0.048630
-0.080908 0.015213 -0.048435
0.041644 0.026417 0.033421
0.040857 0.026513 0.031482
0.038932 0.027757 0.035369
-0.064708 -0.013932 -0.054049
-0.064722 -0.014076 -0.054045
-0.067323 -0.015755 -0.053730
-0.069294 -0.010071 -0.051149
-0.065766 -0.009694 -0.052434
0.038137 0.027299 0.033211
0.034574 0.032648 0.037017
0.040965 0.031836 0.035827
0.037634 0.027488 0.031204
0.035113 0.025739 0.027271
0.033501 0.025883 0.027820
0.034422 0.027546 0.032270
-0.069956 -0.013173 -0.055160
0.023977 0.025077 0.032344
0.024856 0.025983 0.032912
-0.069492 -0.008086 -0.053412
-0.069248 -0.007007 -0.052261
-0.070543 -0.019513 -0.049505
-0.071716 -0.020441 -0.051266
-0.073254 -0.020855 -0.048085
-0.065644 -0.014448 -0.055463
-0.077286 0.002179 -0.055638
0.029017 0.025066 0.028095
0.028585 0.024728 0.027844
0.022487 0.025140 0.032899
0.023866 0.026177 0.033732
-0.072753 -0.012810 -0.054975
-0.074082 -0.014949 -0.056795
-0.073307 -0.016624 -0.055766
-0.072158 -0.014520 -0.054794
-0.080569 -0.024639 -0.055221
-0.080744 -0.022921 -0.055125
-0.072519 -0.019154 -0.058235
-0.075990 -0.019588 -0.056150
-0.077744 -0.003153 -0.053893
-0.078831 -0.000450 -0.051528
-0.074791 -0.006140 -0.051617
-0.072822 -0.010619 -0.054072
-0.074691 -0.012888 -0.056395
-0.069421 -0.009009 -0.051409
-0.072566 -0.008557 -0.049973
-0.072338 -0.007547 -0.050318
-0.069415 -0.008088 -0.051729
-0.081986 0.006989 -0.057097
-0.079229 0.013520 -0.046607
-0.081098 0.010233 -0.047640
-0.080014 0.024721 -0.069861
-0.078167 0.016592 -0.075105
-0.078742 0.016387 -0.062552
-0.070684 -0.011504 -0.054998
-0.065659 -0.007891 -0.053022
-0.066328 -0.008451 -0.052837
-0.086073 -0.020429 -0.062929
-0.073929 -0.021586 -0.047442
-0.076488 0.001241 -0.051002
-0.085079 -0.011910 -0.070172
-0.084100 -0.017263 -0.068204
-0.076177 0.002564 -0.051083
-0.076358 0.003549 -0.051138
-0.072594 -0.020437 -0.052235
-0.074156 -0.020165 -0.049579
-0.076662 0.003750 -0.050858
-0.075610 -0.014113 -0.046945
-0.086132 0.006929 -0.061444
0.028479 0.027166 0.033252
0.030622 0.025553 0.028402
-0.076944 -0.031652 -0.056354
-0.075126 -0.032989 -0.053282
0.029646 0.025333 0.028305
-0.066205 -0.008745 -0.052338
0.026684 0.026609 0.032990
-0.069310 -0.016634 -0.052066
-0.069823 -0.009685 -0.053866
0.027799 0.027857 0.035213
0.025471 0.026982 0.034392
0.034712 0.027899 0.034494
-0.074618 -0.010510 -0.048977
-0.074209 -0.012625 -0.048673
-0.075824 -0.011911 -0.046802
0.021451 0.070331 -0.142700
0.020982 0.054496 -0.146556
-0.077195 -0.018970 -0.057610
-0.073421 -0.017076 -0.060157
-0.075127 -0.016177 -0.061769
-0.079317 -0.017731 -0.058474
-0.082691 -0.022217 -0.065881
-0.080947 -0.026630 -0.062599
-0.082808 -0.028113 -0.062478
-0.085344 -0.023371 -0.065844
0.040700 0.056395 -0.137497
0.040622 0.070148 -0.134332
-0.080652 0.041031 -0.077891
-0.080312 0.030413 -0.062968
-0.080946 0.047411 -0.066526
-0.083980 0.015539 -0.063664
-0.083787 0.013473 -0.065253
-0.089152 0.014177 -0.067843
-0.078303 0.020308 -0.049978
-0.079086 0.017558 -0.053381
-0.081215 0.017416 -0.052193
-0.089076 -0.007489 -0.072368
0.040100 0.026789 0.029771
0.036378 0.025427 0.026567
0.050618 0.071276 -0.126570
0.049713 0.079958 -0.123396
0.041020 0.081917 -0.128886
0.036585 -0.063222 -0.099590
0.026498 -0.074310 -0.106198
-0.076471 0.002699 -0.045198
-0.078581 0.002823 -0.047257
0.020216 0.025024 0.034122
-0.079174 -0.020544 -0.064701
0.022035 0.026254 0.034699
-0.080677 -0.019712 -0.055513
-0.083126 -0.018786 -0.057096
-0.089388 0.015221 -0.057397
-0.087052 0.013161 -0.055582
0.019009 0.023934 0.033696
0.018389 0.023784 0.033706
0.019536 0.025144 0.034053
0.021125 0.026488 0.034648
0.024273 0.027289 0.035340
0.023604 0.027696 0.035771
0.027183 0.028952 0.037034
0.027237 0.028206 0.036540
0.034798 0.028698 0.036583
0.034943 0.029653 0.037204
0.026661 0.029918 0.036573
0.023084 0.028288 0.035209
0.025930 0.030925 0.036075
0.022858 0.029222 0.034970
0.035017 0.031518 0.036117
0.035100 0.030715 0.036945
0.021992 0.021701 0.034189
0.019720 0.022052 0.033928
0.022542 0.022009 0.034063
0.020064 0.022381 0.033794
0.023743 0.022260 0.033233
0.019198 0.022846 0.033540
0.018542 0.022637 0.033672
-0.010971 -0.111841 0.008391
-0.010880 -0.119521 0.004765
0.024557 0.022215 0.032707
0.018829 0.025242 0.033557
0.017523 0.023617 0.033523
0.017729 0.025736 0.032587
0.016875 0.023728 0.033018
0.020103 0.027941 0.033364
0.020472 0.026836 0.033725
0.017611 0.022504 0.033578
0.018201 0.021964 0.033790
0.016956 0.022496 0.033426
0.017565 0.021764 0.033707
0.024648 0.018708 0.035191
0.024414 0.017992 0.035104
0.021383 0.020198 0.034605
0.020847 0.019713 0.034481
0.032857 0.015070 0.034162
0.035898 0.014967 0.033178
0.032601 0.013846 0.034274
-0.008948 -0.008110 0.057823
-0.009974 -0.008243 0.056561
-0.008371 -0.006661 0.055502
-0.008013 -0.006693 0.056097
0.035819 0.013695 0.033139
0.027647 0.014471 0.035229
0.028090 0.015498 0.035052
0.032148 -0.116631 -0.013189
0.045934 0.015819 0.025602
0.046883 0.014554 0.025030
0.045311 0.014020 0.026716
0.044506 0.015518 0.027016
0.042875 0.015307 0.028523
-0.009596 -0.016640 0.057085
-0.008884 -0.015355 0.056385
-0.010234 -0.015451 0.055329
-0.011322 -0.016337 0.056266
0.043264 0.013749 0.028506
0.040940 0.013654 0.030187
0.040791 0.015100 0.030163
0.038918 0.014992 0.031589
0.038783 0.013526 0.031672
0.049214 0.018987 0.023121
0.050237 0.022326 0.023001
0.050512 0.017946 0.021666
0.052272 0.021595 0.020920
0.016034 0.026755 0.032777
-0.007129 -0.006598 0.055546
-0.006069 -0.008429 0.058281
-0.007210 -0.008297 0.058854
-0.007472 -0.006713 0.055848
0.015829 0.024004 0.032703
0.014585 0.027293 0.034038
0.014612 0.024554 0.033662
0.015861 0.029868 0.035084
0.017563 0.029447 0.033481
0.016277 0.022589 0.033391
0.016948 0.021506 0.033551
0.015367 0.022478 0.033791
0.016264 0.021039 0.033981
0.024012 0.017150 0.035084
0.023614 0.016203 0.035142
0.020351 0.019116 0.034665
0.019596 0.018299 0.034763
0.048793 -0.013553 -0.115717
0.052954 0.028687 -0.127058
0.047521 0.035038 0.033214
0.045324 0.032534 0.033901
0.042093 0.033954 0.036064
0.043549 0.037036 0.036244
0.050411 0.038478 0.031542
0.052761 0.035061 0.028611
0.050157 0.032611 0.030345
0.047836 0.030758 0.031568
0.051408 0.025105 0.023956
0.049622 0.025359 0.025506
0.049763 0.027052 0.026942
0.051530 0.027518 0.025530
0.053517 0.024967 0.021809
0.054097 0.028165 0.023701
0.051109 0.029917 0.027802
0.049038 0.028794 0.029095
0.053790 0.031283 0.026138
0.023500 0.034540 0.037722
0.024047 0.033293 0.036533
0.021462 0.031230 0.034897
0.020059 0.031640 0.035466
0.022492 0.035797 0.038547
0.017997 0.032472 0.036338
0.036617 0.037918 0.039023
0.035765 0.035188 0.038117
0.025485 0.031536 0.035549
0.023479 0.030190 0.035283
0.024972 0.031571 0.035386
0.022900 0.030133 0.034944
0.058350 0.090805 -0.105634
0.060384 0.096661 -0.093320
0.043935 0.107603 -0.099374
0.043188 0.100275 -0.111566
0.041959 0.029604 0.033889
0.042679 0.029755 0.033668
0.044942 0.028548 0.031872
0.044391 0.028405 0.032092
0.046252 0.027208 0.029973
0.046722 0.027466 0.029955
0.047619 0.026411 0.028259
0.047252 0.026267 0.028326
0.047752 0.025452 0.027054
0.048092 0.025407 0.026705
0.022759 0.030830 0.035185
0.024664 0.031994 0.035871
0.052085 0.059244 -0.128226
0.042962 0.071098 0.022502
0.049896 0.067752 0.016232
0.048067 0.061545 0.021396
0.043502 0.030650 0.034281
0.045965 0.029330 0.032181
0.047589 0.028017 0.029882
0.048501 0.026711 0.027954
0.048875 0.025780 0.026693
0.072483 -0.014579 -0.038734
0.072846 -0.014656 -0.040457
0.080090 -0.005903 -0.065806
0.077950 0.000446 -0.064770
0.076625 0.003822 -0.063120
0.081500 0.012092 -0.049931
0.083577 0.015222 -0.052763
0.084232 -0.023539 -0.058747
0.080750 -0.025616 -0.055125
-0.089574 0.018315 -0.058022
0.084008 -0.022665 -0.059414
0.090186 0.010860 -0.061618
0.090576 0.009306 -0.063000
0.091510 0.008888 -0.062572
0.041729 -0.034748 -0.106777
0.046373 -0.022297 -0.112444
0.090792 0.007625 -0.064401
0.074331 -0.010156 -0.043058
0.081298 -0.006187 -0.065968
0.083044 -0.006543 -0.067566
0.084011 -0.011371 -0.067679
0.083193 -0.011019 -0.067119
0.083305 -0.016472 -0.065872
0.082546 -0.015780 -0.065474
0.085666 -0.019794 -0.062011
0.085990 -0.015417 -0.064741
0.084625 0.015555 -0.054121
0.084567 0.014861 -0.053395
0.085320 0.015487 -0.054467
0.075230 -0.011322 -0.044493
0.079623 0.009823 -0.050063
0.079344 0.008097 -0.048313
0.079036 0.008560 -0.048800
0.073314 -0.006726 -0.048636
0.073069 -0.005915 -0.048820
0.074514 -0.008116 -0.048272
0.076141 -0.009304 -0.046024
0.070723 -0.016836 -0.048329
0.070456 -0.017564 -0.049780
0.070031 -0.018205 -0.048991
0.087452 0.020903 -0.057149
0.079394 0.007156 -0.047917
0.080673 0.008121 -0.048271
0.081385 0.009201 -0.048570
0.086149 0.014650 -0.054509
0.081976 0.010027 -0.048720
0.080861 0.010205 -0.048987
0.082313 0.011738 -0.049734
0.080160 0.010322 -0.049378
0.075675 -0.014117 -0.061637
0.074491 -0.014160 -0.059701
0.073675 0.005498 -0.039200
0.074803 0.003188 -0.041197
0.079711 -0.026324 -0.052832
0.077149 0.009550 -0.057706
0.078320 0.012826 -0.059392
0.087701 -0.011330 -0.066116
0.080268 -0.017510 -0.056544
0.078046 -0.018542 -0.055388
0.082640 -0.016114 -0.057898
0.084821 -0.013552 -0.059405
0.075880 0.001461 -0.052587
0.085388 0.005853 -0.057912
0.085624 0.003696 -0.059125
0.083933 0.006036 -0.056722
0.079296 0.016469 -0.057669
0.079456 0.016357 -0.055336
0.076701 0.012689 -0.056902
0.079277 0.014491 -0.054990
0.072553 -0.013582 -0.047985
0.070413 -0.018846 -0.051460
0.072446 -0.017657 -0.053048
0.071527 -0.019391 -0.052391
0.073008 -0.018610 -0.054135
0.073170 -0.017423 -0.055594
0.073457 -0.015784 -0.056864
0.074565 -0.013830 -0.057046
0.072158 -0.009611 -0.048608
0.078260 0.017532 -0.046657
0.071722 -0.011381 -0.048652
0.073613 -0.007983 -0.048418
0.073549 -0.009672 -0.048095
0.073074 -0.011537 -0.047861
0.076245 -0.021272 -0.049240
0.076376 -0.019863 -0.051807
0.075411 -0.020631 -0.048598
0.076810 -0.019429 -0.054014
0.074415 -0.020202 -0.048304
0.078734 0.010639 -0.057077
0.079445 0.013894 -0.056698
0.071876 -0.010984 -0.037144
0.062740 -0.001957 0.011365
0.064307 0.007224 0.005867
0.027275 -0.050485 0.038098
0.026574 -0.053525 0.038557
0.055207 -0.011473 0.024790
0.050703 -0.014061 0.029444
0.025572 -0.044935 0.050260
0.024794 -0.045781 0.050656
0.023913 -0.045193 0.050889
0.024617 -0.044844 0.050392
0.022500 -0.043977 0.048896
0.023382 -0.044337 0.048063
0.023507 -0.044448 0.049459
0.022842 -0.044245 0.050189
0.029014 -0.028741 0.048703
0.031967 -0.024722 0.045075
0.034849 -0.029094 0.044696
0.031810 -0.032682 0.047813
0.024922 -0.046951 0.040518
0.024697 -0.045227 0.041027
0.023947 -0.044637 0.044143
0.023934 -0.045454 0.043663
0.024958 -0.048127 0.040527
0.023839 -0.045918 0.043641
0.027064 -0.048621 0.037962
0.026620 -0.045844 0.038114
0.034608 -0.051314 0.045678
0.031023 -0.049283 0.047870
0.032064 -0.046033 0.047813
0.035704 -0.046645 0.045723
0.025701 -0.016618 0.044712
0.029172 -0.020304 0.044807
0.026284 -0.025003 0.047986
0.022813 -0.020043 0.047317
0.019504 -0.015389 0.047509
0.022281 -0.012139 0.044690
0.019456 -0.007102 0.050331
0.020323 -0.011088 0.051976
0.019857 -0.012440 0.055658
0.020402 -0.009864 0.054263
0.017288 -0.016651 0.054253
0.020126 -0.013560 0.050503
0.012462 -0.017673 0.055101
-0.013902 -0.015927 0.056988
-0.012569 -0.014220 0.056255
-0.012941 -0.013764 0.058054
-0.015427 -0.014926 0.058743
0.012266 -0.017330 0.055856
0.017272 -0.016813 0.052922
-0.005698 -0.014735 0.064821
-0.006938 -0.012816 0.064785
-0.005803 -0.013761 0.062760
-0.005656 -0.015475 0.062295
0.017018 -0.017747 0.051649
0.012691 -0.018272 0.054537
0.011408 -0.016908 0.056385
0.014790 -0.016669 0.056428
-0.009154 -0.012506 0.064066
-0.011304 -0.012557 0.066052
-0.013263 -0.012591 0.064291
-0.010845 -0.012951 0.062537
-0.006111 -0.012253 0.058441
-0.007046 -0.014166 0.059500
-0.005404 -0.011570 0.061499
-0.012335 -0.011668 0.056611
-0.012060 -0.012588 0.055379
-0.010026 -0.009155 0.055381
-0.010323 -0.008847 0.055291
0.016867 -0.014502 0.058039
0.004352 -0.015583 0.064443
0.005792 -0.014562 0.066499
0.010683 0.016009 0.048667
0.013715 0.012671 0.045762
0.010689 0.013182 0.050865
0.013624 0.010170 0.047857
0.016143 -0.012295 0.061463
0.018426 -0.009988 0.060064
0.013228 -0.011231 0.065138
0.014563 -0.008332 0.064785
0.004579 0.030179 0.046823
0.001966 -0.018760 0.060358
0.002428 -0.019328 0.060205
0.001622 -0.017399 0.061924
0.022180 0.093248 -0.129628
0.022645 0.105632 -0.118408
0.021533 0.118584 -0.095495
0.019129 0.122673 -0.083194
0.005768 -0.036664 0.065182
0.005397 -0.033592 0.065143
0.012719 -0.042565 0.048578
0.007468 -0.042742 0.049906
0.007405 -0.043517 0.053116
0.012889 -0.043665 0.051909
0.016504 -0.043515 0.050233
0.017001 -0.042470 0.046852
0.012801 -0.041211 0.046087
0.007377 -0.041317 0.046904
0.012433 -0.044400 0.057837
0.007047 -0.044115 0.059894
0.006568 -0.042194 0.062511
0.012140 -0.042605 0.059989
0.019380 -0.021948 0.050990
0.015323 -0.021329 0.053619
0.010798 -0.021322 0.057012
0.007183 -0.021558 0.059351
0.006379 -0.019498 0.058912
0.009178 -0.018892 0.056958
0.006018 -0.018611 0.058702
0.008812 -0.018175 0.056956
0.008563 -0.017675 0.057140
0.009020 -0.017185 0.057145
0.007089 -0.017045 0.058401
0.007604 -0.016521 0.058186
0.005813 -0.017956 0.058694
0.004620 0.006937 0.064017
0.004486 0.010489 0.060902
0.010327 -0.031861 0.062995
0.005219 -0.031235 0.064303
0.004506 -0.027195 0.062279
0.009194 -0.027211 0.061257
0.014023 -0.028063 0.058993
0.015611 -0.033755 0.060407
0.002846 -0.020173 0.060254
0.010629 -0.034381 0.063330
0.010964 -0.037188 0.063101
0.015980 -0.036355 0.060517
0.016148 -0.038777 0.060106
0.020391 -0.036542 0.057054
0.019581 -0.030154 0.056195
0.025304 -0.032418 0.052777
0.024280 -0.039358 0.053762
0.031983 -0.042720 0.048485
0.026970 -0.045208 0.049824
0.027078 -0.043803 0.050148
0.026870 -0.042531 0.050881
0.031174 -0.039406 0.049327
0.035429 -0.041901 0.046516
0.034113 -0.037067 0.047186
0.029154 -0.036092 0.050586
0.026182 -0.041145 0.051876
0.025764 -0.044111 0.050548
0.024719 -0.044412 0.050553
0.025530 -0.043388 0.051185
0.024500 -0.044037 0.051050
0.025041 -0.042697 0.052076
0.024091 -0.043703 0.051713
0.023145 -0.043051 0.052924
0.023824 -0.041536 0.053581
0.022576 -0.044421 0.049285
0.021595 -0.044544 0.050079
0.021712 -0.044594 0.051183
0.022603 -0.044601 0.050170
0.023322 -0.044368 0.048567
0.023134 -0.044562 0.049712
0.023544 -0.044375 0.044835
0.022945 -0.043979 0.045403
-0.047819 -0.083595 -0.022991
-0.057391 -0.081958 -0.037264
0.023800 -0.044274 0.047958
0.023858 -0.044478 0.049033
0.023814 -0.044628 0.050289
0.023660 -0.044416 0.050509
0.023209 -0.044330 0.051045
0.022357 -0.044088 0.052011
0.016145 -0.041016 0.059025
0.019839 -0.040887 0.056723
0.019507 -0.042729 0.055465
0.016016 -0.043441 0.057243
0.019099 -0.044148 0.054089
0.017563 -0.041137 0.044060
0.015948 -0.044599 0.055267
0.020872 -0.042733 0.044183
0.021846 -0.041611 0.041504
0.020083 -0.043620 0.047572
0.024287 -0.044206 0.041865
0.023655 -0.043451 0.042227
0.025897 -0.043930 0.038675
0.024908 -0.042584 0.039470
0.019069 -0.044565 0.052514
0.020224 -0.038925 0.057172
0.011423 -0.039815 0.061841
0.006084 -0.039391 0.064072
-0.034202 0.006782 0.035265
-0.033624 0.003889 0.036264
-0.029729 0.005316 0.037315
-0.030423 0.007804 0.036356
0.005179 -0.001070 0.070753
0.005019 0.003337 0.067261
0.023276 -0.044626 0.050869
0.010030 -0.125400 0.001693
-0.076124 -0.009862 -0.045957
-0.075367 -0.009097 -0.044929
-0.083892 0.011017 -0.066839
0.026173 -0.046494 0.050192
0.024539 -0.050363 0.040780
0.023233 -0.046894 0.043974
0.031663 -0.055845 0.046760
0.026983 -0.060083 0.049963
0.025002 -0.055873 0.051906
0.028771 -0.052631 0.049134
0.022289 -0.049649 0.054106
0.024774 -0.047900 0.051583
-0.087090 0.013356 -0.064117
0.023539 -0.046607 0.052232
0.021159 -0.047521 0.054719
0.020244 -0.045810 0.054972
0.022616 -0.045465 0.052315
0.018372 -0.042697 0.053574
0.013923 -0.041863 0.056416
0.013361 -0.046177 0.051032
0.017985 -0.046765 0.048500
0.022177 -0.046876 0.045350
0.021611 -0.043573 0.049900
-0.084180 0.017047 -0.061903
-0.084009 0.018404 -0.057349
-0.082048 0.017276 -0.056557
-0.082233 0.015487 -0.060424
0.018939 -0.043345 0.054355
0.021888 -0.043917 0.051336
0.014384 -0.042589 0.057704
0.020801 -0.121849 -0.004656
0.022165 -0.044495 0.052018
0.019401 -0.044206 0.054595
0.014966 -0.043952 0.058332
0.015970 -0.046204 0.058920
0.017048 -0.048663 0.059219
0.017908 -0.051614 0.058431
0.019549 -0.058932 0.055355
0.020888 -0.064102 0.053781
0.013427 -0.060714 0.058011
0.014249 -0.065913 0.057421
0.012626 -0.053180 0.062220
0.012032 -0.049416 0.063496
0.011196 -0.046362 0.062908
0.010499 -0.043758 0.061729
0.003529 -0.021870 0.060418
0.005648 -0.016788 0.059634
0.004381 -0.016184 0.061797
0.008335 -0.013103 0.067364
0.001544 -0.016577 0.064267
0.011430 -0.011499 0.066812
0.009393 -0.011998 0.068272
0.010101 -0.010339 0.069037
0.011622 -0.009640 0.067923
0.007590 -0.012554 0.069513
0.009009 -0.010590 0.069973
0.002905 -0.013368 0.071306
0.003901 -0.010118 0.073124
0.005024 -0.004702 0.072796
0.004422 -0.008003 0.073503
0.010461 -0.008750 0.069393
0.011969 -0.006833 0.067659
-0.091348 0.012865 -0.062038
0.012274 -0.003616 0.065473
0.015379 -0.005343 0.062227
0.009592 0.127174 -0.040417
0.009918 -0.042053 0.060772
0.009118 -0.041194 0.058858
-0.075306 -0.022955 -0.046863
-0.083664 0.003109 -0.059338
0.013064 -0.057372 0.043973
0.013184 -0.052384 0.046435
0.008231 -0.052432 0.048194
-0.083441 0.018853 -0.054970
-0.086570 0.020002 -0.055526
0.008005 -0.057458 0.045996
0.005042 -0.040935 0.060087
-0.088881 -0.007411 -0.067744
-0.091866 0.011640 -0.063805
-0.090481 0.010100 -0.062985
-0.084725 0.011022 -0.050821
-0.077557 -0.013536 -0.062600
-0.083086 -0.013329 -0.059612
-0.081469 -0.016025 -0.058973
-0.076784 -0.015358 -0.062239
-0.075856 -0.001314 -0.056056
0.004782 -0.045628 0.053787
0.008614 -0.045672 0.052865
0.005243 -0.041872 0.062016
0.005657 -0.043664 0.063347
0.006189 -0.046469 0.064975
0.004579 -0.052419 0.048949
0.004291 -0.057852 0.046853
-0.071815 -0.017563 -0.038230
0.022969 -0.051659 0.041931
-0.080059 -0.028675 -0.052216
-0.080996 -0.027643 -0.054702
-0.031714 -0.035381 -0.116930
-0.035274 -0.024411 -0.123239
-0.091013 -0.007707 -0.070941
0.023798 -0.055758 0.039665
0.018229 -0.052893 0.044554
0.018577 -0.056473 0.042267
0.007737 -0.066448 0.060152
0.007079 -0.061350 0.059786
0.006669 -0.050064 0.065621
0.006757 -0.054388 0.064272
0.022486 0.113335 -0.107547
0.060769 0.073772 -0.005403
0.058896 0.067171 0.001703
-0.084397 0.015788 -0.058001
0.052297 0.074331 0.008378
0.054255 0.079665 0.001892
0.061563 0.081742 -0.013010
0.054963 0.086400 -0.005210
0.039320 0.119694 -0.059258
0.039641 0.118839 -0.045290
0.020613 0.124623 -0.041658
0.034396 0.119924 -0.072969
0.046951 0.111796 -0.082303
0.048873 0.114299 -0.063183
0.048500 0.113901 -0.048130
-0.077178 -0.023407 -0.047806
-0.077275 -0.028744 -0.045405
-0.075760 -0.027820 -0.043821
-0.080564 0.005967 -0.056391
0.026345 -0.086061 -0.107169
0.052941 0.041596 -0.127867
0.046971 0.112685 -0.034616
0.038771 0.116806 -0.031866
0.038101 0.113526 -0.019916
0.045471 0.110216 -0.023269
0.020379 0.121998 -0.027591
0.009527 0.124122 -0.025911
0.018779 0.004274 -0.142747
0.004581 0.014048 0.058080
0.047790 -0.050502 -0.090602
0.057528 -0.050720 -0.072935
0.059904 -0.101608 -0.048601
0.070779 -0.028496 -0.054416
0.070415 -0.027812 -0.055085
0.059719 -0.064660 -0.053560
0.060665 -0.051135 -0.054714
0.038076 -0.049628 -0.102165
0.079317 -0.017397 -0.064903
0.080008 -0.013852 -0.065970
0.080761 -0.018251 -0.064393
0.081379 -0.014305 -0.065649
0.081575 -0.010123 -0.066204
0.081537 -0.019967 -0.063471
0.079272 0.016543 -0.053857
0.081082 0.017953 -0.052779
-0.078327 -0.019173 -0.064674
-0.078276 -0.016973 -0.065883
0.070106 -0.029684 -0.050127
0.070024 -0.029009 -0.051826
-0.066277 -0.008014 -0.053600
0.069340 -0.029235 -0.051115
0.069151 -0.029699 -0.049717
0.069910 -0.030584 -0.048496
0.069002 -0.030266 -0.048573
0.078018 0.033780 -0.045698
0.067985 -0.029579 -0.052249
0.069554 -0.028099 -0.054716
0.069608 -0.028499 -0.053176
0.069022 -0.029104 -0.051807
0.068732 -0.030003 -0.049792
0.068661 -0.030881 -0.048073
0.069129 -0.031652 -0.047391
-0.080356 -0.025139 -0.062141
-0.076638 -0.030104 -0.056343
-0.060500 -0.078932 -0.051802
-0.057894 -0.076672 -0.067233
-0.058953 -0.087910 -0.064898
-0.060964 -0.091463 -0.049760
-0.072822 -0.004209 -0.039344
-0.073277 -0.011220 -0.041784
-0.072928 -0.012350 -0.039996
0.081971 -0.021054 -0.063772
0.074719 -0.031258 -0.052515
-0.024583 -0.102340 0.001638
-0.022049 -0.115334 -0.001608
0.077964 0.009614 -0.059182
0.078036 0.007674 -0.060818
0.080673 0.009205 -0.062017
0.080507 0.011423 -0.060684
0.059261 -0.012697 -0.103789
0.061564 -0.001672 -0.108234
0.012543 -0.084237 -0.111729
0.012408 -0.071613 -0.111872
0.076310 0.031057 -0.092457
0.078006 0.011230 -0.057959
0.080617 0.013202 -0.059392
0.080381 -0.009867 -0.066243
0.076198 0.010905 -0.058218
0.076382 0.009100 -0.059499
0.081965 0.014848 -0.060920
0.081813 0.012866 -0.062354
0.081707 0.010514 -0.063636
0.076593 0.007106 -0.060915
-0.071208 -0.016599 -0.034746
-0.069281 -0.016735 -0.023234
-0.070785 -0.001316 -0.023449
-0.071332 -0.006867 -0.034077
0.079214 0.014762 -0.059467
0.080190 0.062051 -0.068136
0.079687 0.056178 -0.082033
0.076522 0.078983 -0.071110
0.075837 0.074059 -0.086200
0.071524 0.068148 -0.101972
0.075092 0.049122 -0.097903
0.079388 0.016456 -0.054181
0.081979 0.018893 -0.053174
0.062241 0.088254 -0.020216
0.067570 0.083502 -0.027252
0.055274 0.092358 -0.011748
0.055264 0.097761 -0.017890
0.061787 0.094495 -0.026673
0.069328 0.087997 -0.038702
0.079213 0.052741 -0.053930
0.078022 0.067381 -0.054183
0.074494 0.071236 -0.040783
-0.059183 0.029560 0.013794
-0.060696 0.029765 0.009352
-0.060766 0.020611 0.008946
-0.058768 0.022021 0.012725
0.074063 0.083708 -0.055619
0.065266 0.097205 -0.044492
0.069197 0.093772 -0.058878
0.058295 0.105740 -0.047925
0.060630 0.103974 -0.062507
0.060662 0.101493 -0.078317
0.071076 0.089955 -0.073997
0.060099 0.100107 -0.032374
0.053803 0.102680 -0.022827
0.055163 0.106570 -0.035437
0.051657 0.106820 -0.027013
0.072116 0.072708 -0.033726
0.063655 -0.034322 -0.047992
0.065387 -0.034736 -0.042781
-0.019563 0.084487 0.030039
-0.009733 0.085637 0.032087
-0.009879 0.092743 0.026862
-0.019933 0.091524 0.024567
0.069245 -0.024437 -0.034902
-0.037115 -0.016152 -0.126863
-0.038855 -0.005593 -0.130857
-0.019018 -0.008472 -0.138005
-0.017997 -0.018205 -0.133465
0.067210 0.000410 -0.000604
0.067071 0.012561 -0.003114
0.070500 0.004714 -0.013381
0.068893 -0.009562 -0.011703
-0.020287 0.108803 0.004511
-0.010071 0.110328 0.006834
-0.010230 0.115581 -0.002451
-0.020634 0.113808 -0.004466
-0.051528 0.003348 0.026185
-0.053240 -0.002596 0.026583
-0.049699 -0.002840 0.029930
-0.048431 0.003229 0.028931
0.065591 0.026001 -0.004580
0.069222 0.018460 -0.014729
0.070234 0.033223 -0.016436
0.065932 0.040320 -0.004734
0.062845 0.062733 -0.116981
0.065117 0.045711 -0.115400
-0.076997 -0.032885 -0.042050
-0.075877 -0.031794 -0.040939
0.065612 0.032670 -0.114166
0.046740 0.056099 0.025245
-0.010426 0.120167 -0.013491
-0.021098 0.118222 -0.015153
0.021889 0.084202 -0.136109
0.044806 0.078300 0.015373
0.054869 0.083402 -0.116489
-0.000878 -0.070270 -0.113428
0.041762 0.089512 -0.122876
0.070562 0.085300 -0.088927
0.067550 0.080199 -0.102178
0.059672 0.073899 -0.116974
0.064642 0.016151 -0.112849
0.045851 0.106056 -0.016175
0.056053 0.024609 0.018784
0.054797 0.020101 0.017691
0.056749 0.029341 0.020459
0.052669 0.015274 0.019279
0.016932 0.009384 0.043346
0.016625 0.007107 0.045238
0.016202 0.004568 0.047239
0.019849 0.004384 0.043006
0.019217 0.001383 0.044791
0.013042 0.004548 0.052583
0.013381 0.007417 0.050136
0.015652 0.001978 0.049118
0.015931 -0.000908 0.051232
0.013361 0.001727 0.055216
0.020105 -0.013423 0.048100
0.020337 -0.008611 0.045551
0.018196 -0.004446 0.047683
0.022699 -0.001506 0.043208
0.021605 -0.004777 0.044371
0.018398 -0.001299 0.046097
0.023841 0.001742 0.041272
0.017854 -0.004119 0.054283
0.019194 -0.007729 0.057644
0.014423 -0.001661 0.058817
0.011810 -0.000039 0.062006
0.011160 0.003665 0.058551
0.020355 0.006771 0.041263
0.024693 0.004333 0.039578
0.024992 -0.008143 0.043818
0.029093 -0.011372 0.043446
0.026941 -0.003995 0.042133
0.030775 -0.006661 0.041535
0.027937 -0.000612 0.040265
0.031897 -0.003074 0.039440
0.032572 -0.015622 0.043124
0.035745 -0.019580 0.042503
0.038548 -0.025243 0.041732
0.038326 -0.014642 0.039962
0.041717 -0.020075 0.038509
0.040163 -0.009435 0.037341
0.043978 -0.014884 0.035763
-0.013239 0.014972 0.043634
-0.013411 0.016923 0.040833
-0.017108 0.013430 0.039557
-0.016861 0.011350 0.041631
-0.007433 0.059635 0.043801
-0.008271 0.066577 0.040345
-0.017078 0.066186 0.039132
-0.015889 0.059416 0.043119
0.034895 -0.010095 0.040695
0.036355 -0.006145 0.038433
0.033015 0.000452 0.037426
0.029033 0.002504 0.038412
0.041376 0.001347 0.033672
0.041093 -0.004182 0.035332
0.037155 -0.001717 0.036415
0.037707 0.002807 0.034706
0.045762 -0.008013 0.033433
0.045687 -0.000478 0.032163
0.044994 0.004528 0.030838
0.031917 0.011806 0.034875
0.027082 0.012635 0.035725
0.035314 0.011447 0.033814
0.041276 0.005428 0.032465
0.038079 0.006276 0.033693
0.048568 0.011371 0.024899
0.046475 0.010878 0.027100
0.041180 0.010897 0.031018
0.038482 0.011114 0.032497
0.043976 0.010831 0.029148
0.022765 0.014403 0.035840
0.018284 0.016667 0.036061
0.056294 -0.063312 -0.069872
0.010589 0.006882 0.055894
0.010572 0.010035 0.053223
0.015540 0.032676 0.038017
0.013520 0.029928 0.037201
0.007894 0.030029 0.044153
0.019401 0.036512 0.040749
0.015227 0.019513 0.036098
-0.021363 0.010820 0.038339
-0.020723 0.008792 0.039842
0.013446 0.022027 0.035991
0.012542 0.024276 0.036138
0.012272 0.027260 0.036601
-0.009927 0.099086 0.020881
-0.020103 0.097808 0.018455
-0.020739 0.125279 -0.063754
-0.021100 0.125225 -0.055609
-0.010089 0.127978 -0.055925
-0.011228 0.127389 -0.068174
0.030386 0.048333 0.043144
0.027128 0.042256 0.044627
0.056236 0.060626 0.010157
0.060032 0.052517 0.006350
0.050950 0.043331 0.028395
0.054307 0.039406 0.025291
0.056267 0.034496 0.022498
0.062107 0.041390 0.003531
0.062889 0.029228 0.002748
0.063910 0.017896 0.003465
-0.070586 -0.002270 -0.092064
-0.073719 -0.003816 -0.077002
-0.076389 0.008153 -0.077935
-0.074390 0.014264 -0.094084
0.046714 0.090291 0.002798
-0.034595 -0.095801 -0.009413
-0.032840 -0.108418 -0.012288
-0.000993 -0.083457 -0.113077
0.046717 0.096069 -0.003381
0.046213 0.084153 0.009244
0.037658 0.109210 -0.011018
0.037629 0.104570 -0.003224
0.046472 0.101362 -0.009635
0.038016 0.099252 0.003395
0.038328 0.093496 0.009486
0.037898 0.087491 0.015961
0.036903 0.081373 0.021980
0.035441 0.073135 0.028176
0.047110 -0.062878 -0.088234
0.007756 -0.006438 0.054804
0.007330 -0.006592 0.055244
-0.051584 0.050594 0.020852
-0.053202 0.055293 0.016459
-0.056609 0.048564 0.012881
-0.055032 0.044918 0.017768
0.007538 -0.006446 0.054567
0.007004 -0.006543 0.055048
0.007359 -0.006775 0.055064
0.007219 -0.014995 0.057499
0.006188 -0.013039 0.056548
0.006709 -0.009236 0.055947
0.068842 -0.030953 -0.036968
-0.006032 0.048410 0.047802
-0.013553 0.048119 0.047521
-0.011805 0.042426 0.047529
-0.005414 0.042571 0.047965
-0.058213 0.014507 0.012826
-0.060755 0.011684 0.010286
-0.059747 0.004003 0.015290
-0.056869 0.007541 0.017155
-0.053885 0.004145 0.023219
-0.056154 -0.001468 0.023112
-0.018540 0.075198 0.035696
-0.009039 0.076046 0.037111
-0.059138 0.039593 0.010235
-0.057761 0.037577 0.015376
-0.010466 0.018189 0.045937
-0.011000 0.019767 0.042451
-0.008325 0.023624 0.044268
-0.004243 0.023325 0.050056
-0.004020 0.027032 0.047852
-0.007563 0.026907 0.044605
-0.033055 0.058667 0.036293
-0.034190 0.064972 0.032254
-0.041308 0.063589 0.027051
-0.040070 0.057539 0.030923
-0.020185 0.103430 0.011953
-0.009969 0.104806 0.014367
-0.004484 0.035691 0.046789
-0.009067 0.035714 0.045394
-0.008162 0.032395 0.044449
-0.004313 0.032616 0.046464
-0.025255 0.006770 0.038491
-0.025870 0.008978 0.037411
-0.067012 -0.031783 -0.048128
-0.068787 -0.033229 -0.046813
-0.073053 0.013804 -0.036232
-0.071711 0.003455 -0.034751
-0.071539 0.011397 -0.024145
-0.072144 0.023992 -0.025913
-0.074478 0.036322 -0.029092
-0.075641 0.044238 -0.033753
-0.077138 0.028024 -0.041425
-0.075195 0.022450 -0.038131
-0.054612 -0.085445 -0.078395
-0.051926 -0.075417 -0.081933
-0.004361 0.020239 0.052887
-0.004319 0.017124 0.055543
-0.020857 0.034098 -0.147136
-0.020414 0.020313 -0.145983
-0.040921 0.024417 -0.137444
-0.041078 0.037573 -0.138144
-0.067588 -0.012854 -0.088763
-0.071182 -0.012426 -0.074753
-0.011372 -0.010890 0.058451
-0.008198 -0.006450 0.054814
-0.008940 -0.009369 0.055763
-0.008212 -0.006496 0.054811
-0.012276 -0.013348 0.060519
-0.015143 -0.013283 0.061867
-0.009449 -0.013682 0.054931
-0.008403 -0.013600 0.055413
-0.008230 -0.009149 0.056013
-0.008499 -0.006431 0.054912
-0.002349 -0.015761 0.067011
-0.002963 -0.014312 0.069929
-0.007361 -0.013387 0.068888
-0.005701 -0.014865 0.066822
-0.007315 -0.006454 0.055539
-0.006389 -0.008995 0.057094
-0.006299 -0.010848 0.062819
-0.008047 -0.008178 0.058666
-0.007737 -0.006676 0.056031
-0.008331 -0.010544 0.061944
-0.006986 -0.016077 0.059848
-0.009891 -0.010619 0.060434
-0.078963 -0.020614 -0.054418
-0.057991 -0.063536 -0.032768
-0.062067 -0.049732 -0.041030
-0.061977 -0.051039 -0.046411
-0.059724 -0.066105 -0.041852
-0.081995 0.005471 -0.057551
-0.065087 0.055284 -0.004049
-0.066988 0.066671 -0.012691
-0.072611 0.055591 -0.024603
-0.071978 0.045397 -0.020333
-0.067614 0.076437 -0.020054
-0.073021 0.066162 -0.031132
-0.076479 0.054403 -0.040956
-0.079247 0.033824 -0.054664
-0.041893 0.019152 0.030869
-0.042061 0.018998 0.031010
-0.040519 0.018799 0.032315
-0.040584 0.018860 0.032168
-0.041434 0.019266 0.030265
-0.039993 0.018911 0.031281
-0.042362 0.019678 0.029262
-0.042871 0.019349 0.029782
-0.043050 0.019164 0.029891
-0.024440 0.020682 0.034457
-0.025180 0.020837 0.033857
-0.027863 0.019883 0.033842
-0.027120 0.019919 0.035088
-0.024167 0.020401 0.034834
-0.026997 0.019592 0.035463
-0.028390 0.022453 0.028033
-0.027862 0.022745 0.027993
-0.029178 0.022117 0.028057
-0.022474 0.022438 0.032224
-0.022522 0.023408 0.032190
-0.027522 0.023476 0.027991
-0.027476 0.022998 0.027933
-0.022915 0.021945 0.032483
-0.021220 0.021964 0.032492
-0.020107 0.022324 0.031988
-0.020115 0.023704 0.032026
-0.032239 0.018441 0.035370
-0.032394 0.017636 0.035340
-0.027635 0.018037 0.035658
-0.027258 0.018942 0.035641
-0.032092 0.018955 0.035260
-0.035510 0.018973 0.034284
-0.035553 0.018487 0.034374
-0.035597 0.017677 0.034284
-0.024278 0.019037 0.035475
-0.024202 0.019961 0.035203
-0.035536 0.016946 0.034223
-0.032564 0.016935 0.035163
-0.027813 0.017339 0.035573
-0.024263 0.018588 0.035541
-0.021474 0.019943 0.034956
-0.022607 0.020138 0.034991
-0.032520 0.016078 0.034880
-0.032499 0.015246 0.034699
-0.027719 0.015678 0.035359
-0.027798 0.016526 0.035392
-0.035476 0.016108 0.033853
-0.035422 0.015171 0.033639
-0.044096 0.019043 0.028195
-0.044657 0.019461 0.027332
-0.044551 0.018845 0.027407
-0.044171 0.018508 0.027840
-0.046659 0.015614 0.024670
-0.047654 0.016764 0.023983
-0.048973 0.015828 0.022425
-0.047921 0.014591 0.023686
-0.055783 0.005467 0.019965
-0.050074 0.011408 0.022963
-0.051378 0.012680 0.020865
-0.043608 0.018975 0.028965
-0.042997 0.018798 0.029885
-0.043627 0.019253 0.028976
-0.044105 0.019486 0.028070
-0.043707 0.018235 0.028616
-0.042998 0.018128 0.029642
-0.042055 0.018690 0.030994
-0.042060 0.017993 0.030843
-0.040463 0.017773 0.032179
-0.040440 0.018541 0.032318
-0.038392 0.018515 0.033359
-0.038718 0.018882 0.033236
-0.038405 0.017667 0.033243
-0.040476 0.017041 0.031859
-0.038394 0.016948 0.033033
-0.041977 0.017219 0.030407
-0.042987 0.017459 0.029170
-0.043770 0.017689 0.028096
-0.044467 0.017953 0.027360
-0.044972 0.018488 0.026854
-0.044086 0.017009 0.027503
-0.044720 0.016122 0.026707
-0.043442 0.015809 0.027978
-0.043110 0.016758 0.028639
-0.044984 0.017366 0.026673
-0.045740 0.016559 0.025702
-0.042034 0.016553 0.029871
-0.042053 0.015692 0.029375
-0.040247 0.015416 0.030970
-0.040365 0.016287 0.031466
-0.037574 0.016334 0.032580
-0.037579 0.015321 0.032161
-0.032064 0.019069 0.035038
-0.031903 0.019275 0.033587
-0.035333 0.019017 0.032940
-0.035564 0.018949 0.034039
-0.038781 0.018819 0.033101
-0.038137 0.018816 0.032174
-0.035069 0.018718 0.031876
-0.033268 0.021125 0.027728
-0.034297 0.021101 0.027299
-0.037774 0.018627 0.031132
-0.031981 0.019137 0.032431
-0.031828 0.021261 0.028036
-0.028658 0.020009 0.032572
-0.030345 0.021703 0.028079
-0.025903 0.020764 0.032996
-0.033911 0.031010 0.035627
-0.033689 0.030979 0.036195
-0.039611 0.029943 0.035299
-0.039118 0.029886 0.034774
-0.051771 -0.002205 -0.120268
-0.053114 0.012835 -0.125308
-0.040539 0.008278 -0.135007
-0.041146 0.027555 0.033811
-0.041186 0.028427 0.033733
-0.043547 0.027103 0.031895
-0.043303 0.026291 0.031844
-0.041070 0.026577 0.033958
-0.042951 0.025266 0.031910
-0.038377 0.027894 0.035918
-0.038551 0.028951 0.035736
-0.038625 0.029670 0.035263
-0.042134 0.024121 0.027580
-0.041442 0.025054 0.028319
-0.042101 0.024767 0.029780
-0.043039 0.023994 0.028473
-0.042753 0.023492 0.026949
-0.043605 0.023336 0.027566
-0.037364 0.023405 0.025303
-0.037071 0.023743 0.025612
-0.036599 0.024173 0.026078
-0.037496 0.023094 0.025137
-0.037538 0.022750 0.025061
-0.037529 0.022442 0.025057
-0.037416 0.022154 0.025194
-0.057960 -0.009732 0.020640
-0.058194 0.000506 0.019349
-0.060350 -0.007308 0.016354
-0.043424 0.019538 0.028810
-0.043954 0.019864 0.027951
-0.042890 0.019940 0.028385
-0.043423 0.020245 0.027669
-0.044526 0.020380 0.027132
-0.044794 0.020077 0.027078
-0.040834 0.019273 0.029469
-0.036312 0.021251 0.026455
-0.036734 0.021436 0.026077
-0.041563 0.019847 0.028572
-0.039544 0.018846 0.030216
-0.035621 0.021103 0.026884
-0.037041 0.021666 0.025777
-0.037241 0.021892 0.025444
-0.041958 0.020183 0.027884
-0.042440 0.020571 0.027222
-0.043835 0.020811 0.027122
-0.043078 0.021672 0.026357
-0.043093 0.022241 0.026407
-0.044047 0.021333 0.026883
-0.044169 0.022003 0.026843
-0.042858 0.021098 0.026624
-0.042977 0.022871 0.026595
-0.043943 0.022583 0.027124
-0.044955 0.019480 0.026952
-0.045037 0.020407 0.026772
-0.045608 0.021337 0.026246
-0.045385 0.019367 0.026445
-0.046036 0.019197 0.025744
-0.045549 0.018014 0.026042
-0.046541 0.021854 0.025860
-0.047591 0.021979 0.025060
-0.047193 0.018910 0.024742
-0.046457 0.017521 0.025067
-0.044759 0.020985 0.026812
-0.045026 0.021610 0.026561
-0.046111 0.023088 0.027124
-0.046822 0.023834 0.026956
-0.045436 0.022568 0.027245
-0.044993 0.023356 0.028508
-0.045445 0.024051 0.028503
-0.046103 0.024750 0.028382
-0.044586 0.025032 0.030063
-0.045103 0.025834 0.030056
-0.044195 0.024198 0.030030
-0.044870 0.022458 0.027182
-0.044405 0.023152 0.028151
-0.043666 0.023899 0.029481
-0.042603 0.024525 0.031392
-0.040726 0.025641 0.033489
-0.040122 0.025648 0.031622
-0.038010 0.026988 0.035362
-0.037312 0.026612 0.033525
-0.033973 0.031623 0.037358
-0.040480 0.030805 0.036323
-0.036953 0.026639 0.031473
-0.034373 0.024853 0.027567
-0.032757 0.024934 0.028117
-0.033744 0.026582 0.032597
-0.023195 0.024140 0.032707
-0.024067 0.024934 0.033308
-0.028223 0.024044 0.028440
-0.027784 0.023785 0.028203
-0.021570 0.024316 0.033218
-0.022981 0.025201 0.034077
-0.027825 0.025932 0.033551
-0.029923 0.024427 0.028682
-0.028896 0.024221 0.028621
-0.025906 0.025486 0.033357
-0.027228 0.026690 0.035365
-0.024597 0.025905 0.034728
-0.034025 0.026993 0.034673
-0.022017 0.070346 -0.142770
-0.021673 0.054523 -0.146635
-0.041308 0.056432 -0.137644
-0.041141 0.070161 -0.134462
-0.039405 0.025967 0.029975
-0.035647 0.024580 0.026835
-0.051075 0.071234 -0.126747
-0.050157 0.079906 -0.123549
-0.041485 0.081912 -0.128998
-0.038007 -0.063157 -0.099756
-0.027962 -0.074281 -0.106309
-0.019417 0.024271 0.034320
-0.021247 0.025485 0.034832
-0.018205 0.023207 0.033931
-0.017628 0.023076 0.034017
-0.018752 0.024421 0.034312
-0.020340 0.025726 0.034834
-0.023517 0.026515 0.035411
-0.022848 0.026884 0.035860
-0.026441 0.028107 0.037021
-0.026487 0.027449 0.036545
-0.034057 0.027891 0.036464
-0.034299 0.028692 0.037130
-0.025925 0.029021 0.036594
-0.022363 0.027481 0.035324
-0.025224 0.030040 0.036091
-0.022202 0.028391 0.034983
-0.034309 0.030513 0.036024
-0.034426 0.029655 0.036801
-0.021304 0.020915 0.034506
-0.019088 0.021278 0.034335
-0.021853 0.021270 0.034353
-0.019416 0.021595 0.034092
-0.023065 0.021495 0.033507
-0.018443 0.022102 0.033831
-0.017870 0.021890 0.034061
-0.023923 0.021404 0.032961
-0.018085 0.024559 0.033865
-0.016823 0.022949 0.033862
-0.017064 0.025091 0.032866
-0.016243 0.023109 0.033382
-0.019443 0.027176 0.033440
-0.019701 0.026124 0.034002
-0.016972 0.021785 0.033985
-0.017588 0.021207 0.034222
-0.016345 0.021823 0.033855
-0.016973 0.021046 0.034156
-0.024038 0.017905 0.035541
-0.023838 0.017236 0.035503
-0.020804 0.019408 0.035027
-0.020291 0.018984 0.034964
-0.032337 0.014366 0.034514
-0.035349 0.014237 0.033522
-0.032017 0.013226 0.034632
-0.035306 0.013013 0.033433
-0.027158 0.013871 0.035706
-0.027554 0.014809 0.035476
-0.032792 -0.116765 -0.013391
-0.045480 0.015027 0.026040
-0.046417 0.013765 0.025445
-0.044836 0.013266 0.027107
-0.044016 0.014753 0.027439
-0.042345 0.014549 0.028959
-0.042769 0.012990 0.028885
-0.040376 0.012910 0.030524
-0.040163 0.014340 0.030598
-0.037578 0.014399 0.031848
-0.038200 0.012826 0.031921
-0.048571 0.018067 0.023352
-0.049441 0.021418 0.023058
-0.049874 0.016986 0.021791
-0.051513 0.020680 0.020957
-0.015466 0.026158 0.033100
-0.015252 0.023425 0.033112
-0.014114 0.026720 0.034323
-0.014140 0.024019 0.034033
-0.015332 0.029251 0.035379
-0.017002 0.028759 0.033668
-0.015733 0.021981 0.033859
-0.016406 0.020840 0.034092
-0.014878 0.021938 0.034261
-0.015788 0.020443 0.034518
-0.023481 0.016476 0.035540
-0.023078 0.015626 0.035692
-0.019822 0.018455 0.035184
-0.019153 0.017737 0.035377
-0.050064 -0.013355 -0.115971
-0.053698 0.028784 -0.127322
-0.047297 0.034185 0.033566
-0.044922 0.031598 0.034367
-0.041626 0.033001 0.036573
-0.043268 0.036151 0.036616
-0.050168 0.037686 0.031772
-0.052277 0.034281 0.028758
-0.049748 0.031793 0.030570
-0.047470 0.029858 0.031905
-0.050702 0.024177 0.024063
-0.048982 0.024444 0.025642
-0.049249 0.026110 0.027183
-0.051036 0.026575 0.025736
-0.052780 0.024064 0.021878
-0.053464 0.027294 0.023800
-0.050647 0.029026 0.028034
-0.048603 0.027873 0.029371
-0.053222 0.030447 0.026291
-0.022919 0.033615 0.038072
-0.023438 0.032388 0.036698
-0.020879 0.030404 0.035076
-0.019565 0.030852 0.035742
-0.022024 0.034959 0.038951
-0.017561 0.031697 0.036738
-0.036157 0.036991 0.039474
-0.035155 0.034205 0.038581
-0.024801 0.030658 0.035698
-0.022817 0.029321 0.035324
-0.024333 0.030682 0.035498
-0.022293 0.029286 0.035015
-0.058796 0.090713 -0.105786
-0.060819 0.096493 -0.093488
-0.044385 0.107500 -0.099483
-0.043619 0.100223 -0.111668
-0.041314 0.028630 0.033993
-0.042128 0.028757 0.033957
-0.044425 0.027551 0.032173
-0.043767 0.027444 0.032236
-0.045641 0.026275 0.030155
-0.046226 0.026479 0.030271
-0.047067 0.025460 0.028517
-0.046641 0.025347 0.028535
-0.047126 0.024552 0.027253
-0.047460 0.024496 0.026895
-0.022174 0.029921 0.035339
-0.024056 0.031028 0.036079
-0.052593 0.059244 -0.128430
-0.043239 0.070708 0.022640
-0.049982 0.067198 0.016203
-0.047957 0.060936 0.021271
-0.043077 0.029632 0.034740
-0.045566 0.028330 0.032589
-0.047153 0.027045 0.030214
-0.048001 0.025754 0.028230
-0.048307 0.024846 0.026912
-0.072550 -0.015054 -0.039922
-0.072999 -0.015152 -0.041697
-0.080714 -0.005971 -0.067254
-0.078963 0.000428 -0.065969
-0.077769 0.003810 -0.064400
-0.081364 0.011048 -0.052094
-0.082898 0.014375 -0.055000
-0.084363 -0.023723 -0.059827
-0.081242 -0.025891 -0.056046
-0.084321 -0.022968 -0.060425
-0.089645 0.010519 -0.063418
-0.090178 0.008978 -0.064709
-0.091167 0.008622 -0.064183
-0.043266 -0.034584 -0.106922
-0.047738 -0.022099 -0.112689
-0.090463 0.007364 -0.066048
-0.074708 -0.010600 -0.044212
-0.081721 -0.006324 -0.067383
-0.083258 -0.006689 -0.069083
-0.084104 -0.011464 -0.069141
-0.083439 -0.011120 -0.068528
-0.083411 -0.016572 -0.067378
-0.082854 -0.015884 -0.066860
-0.085695 -0.020092 -0.063141
-0.085838 -0.015737 -0.065910
-0.083866 0.014801 -0.056305
-0.083996 0.014040 -0.055565
-0.084583 0.014800 -0.056593
-0.075557 -0.011739 -0.045627
-0.079572 0.008830 -0.052098
-0.079245 0.007118 -0.050399
-0.078989 0.007525 -0.050851
-0.073667 -0.007163 -0.049947
-0.073444 -0.006360 -0.050172
-0.074784 -0.008543 -0.049489
-0.076432 -0.009706 -0.047231
-0.070838 -0.017285 -0.049334
-0.070630 -0.018038 -0.050782
-0.070123 -0.018656 -0.049962
-0.087365 0.020175 -0.058387
-0.079338 0.006223 -0.049969
-0.080501 0.007227 -0.050358
-0.081291 0.008217 -0.050716
-0.085407 0.014055 -0.056563
-0.081788 0.009057 -0.050871
-0.080803 0.009159 -0.051141
-0.082090 0.010755 -0.051910
-0.080144 0.009252 -0.051494
-0.076613 -0.014669 -0.062880
-0.075375 -0.014738 -0.061096
-0.074284 0.004722 -0.040317
-0.074971 0.002524 -0.042654
-0.080106 -0.026585 -0.053827
-0.077377 0.009184 -0.058545
-0.078099 0.012481 -0.060233
-0.087492 -0.011605 -0.067281
-0.081302 -0.017881 -0.057186
-0.078997 -0.019005 -0.056283
-0.083819 -0.016556 -0.058487
-0.085558 -0.013992 -0.060121
-0.076142 0.000768 -0.054299
-0.084728 0.004987 -0.059722
-0.085053 0.002998 -0.060638
-0.083397 0.005126 -0.058583
-0.079046 0.015830 -0.058447
-0.079404 0.015604 -0.056169
-0.076776 0.012032 -0.057779
-0.079351 0.013778 -0.055900
-0.072665 -0.013983 -0.049046
-0.071194 -0.019554 -0.052348
-0.072762 -0.018206 -0.054136
-0.072218 -0.020161 -0.053532
-0.073381 -0.019187 -0.055323
-0.073679 -0.018032 -0.056892
-0.074123 -0.016413 -0.058250
-0.075613 -0.014392 -0.058475
-0.072451 -0.010056 -0.049777
-0.078508 0.016475 -0.047751
-0.071974 -0.011818 -0.049729
-0.073916 -0.008414 -0.049653
-0.073811 -0.010097 -0.049278
-0.073309 -0.011964 -0.049029
-0.077209 -0.021658 -0.050171
-0.077362 -0.020354 -0.052846
-0.075872 -0.020835 -0.049552
-0.077626 -0.019898 -0.055048
-0.074748 -0.020431 -0.049271
-0.078815 0.010178 -0.057923
-0.079531 0.013270 -0.057517
-0.072448 -0.011535 -0.038233
-0.062604 -0.002724 0.011171
-0.064223 0.006379 0.005648
-0.027608 -0.050282 0.037726
-0.026843 -0.053092 0.038191
-0.054950 -0.011991 0.024825
-0.050680 -0.014462 0.029465
-0.025962 -0.045148 0.050235
-0.025271 -0.045968 0.050658
-0.024421 -0.045305 0.050864
-0.025086 -0.044976 0.050346
-0.022982 -0.043762 0.048741
-0.023807 -0.044228 0.047893
-0.023957 -0.044417 0.049283
-0.023307 -0.044225 0.050059
-0.029257 -0.029092 0.048684
-0.032161 -0.025114 0.045035
-0.034924 -0.029478 0.044666
-0.031978 -0.033041 0.047808
-0.025405 -0.046717 0.040263
-0.025164 -0.045017 0.040763
-0.024377 -0.044451 0.043894
-0.024373 -0.045227 0.043431
-0.025416 -0.047831 0.040296
-0.024307 -0.045666 0.043417
-0.027417 -0.048443 0.037576
-0.027025 -0.045698 0.037758
-0.034582 -0.051569 0.045452
-0.031178 -0.049557 0.047711
-0.032123 -0.046282 0.047473
-0.035682 -0.046886 0.045418
-0.025926 -0.016922 0.044574
-0.029327 -0.020668 0.044753
-0.026555 -0.025325 0.047994
-0.023006 -0.020328 0.047212
-0.019875 -0.015569 0.047531
-0.022616 -0.012348 0.044782
-0.019998 -0.007090 0.050624
-0.020888 -0.011046 0.052133
-0.020111 -0.012327 0.055697
-0.020818 -0.009777 0.054446
-0.017599 -0.016547 0.054179
-0.020550 -0.013514 0.050550
-0.012712 -0.017594 0.054898
-0.012587 -0.017293 0.055763
-0.017583 -0.016772 0.052813
-0.017336 -0.017798 0.051481
-0.012916 -0.018274 0.054229
-0.011932 -0.016897 0.056422
-0.015214 -0.016583 0.056425
-0.017122 -0.014343 0.057989
-0.004914 -0.015547 0.064503
-0.006430 -0.014564 0.066559
-0.010415 0.015867 0.048853
-0.013390 0.012461 0.045956
-0.010519 0.013118 0.051049
-0.013344 0.010001 0.048012
-0.016472 -0.012160 0.061474
-0.018615 -0.009867 0.060101
-0.013694 -0.011142 0.065220
-0.014856 -0.008203 0.064846
-0.004038 0.029991 0.046850
-0.002419 -0.018774 0.060355
-0.002806 -0.019360 0.060164
-0.002094 -0.017357 0.061920
-0.022626 0.093244 -0.129680
-0.023063 0.105613 -0.118457
-0.022057 0.118479 -0.095549
-0.019764 0.122573 -0.083229
-0.006042 -0.036721 0.065134
-0.005698 -0.033721 0.064999
-0.013065 -0.042353 0.048299
-0.007719 -0.042588 0.049721
-0.007625 -0.043387 0.052919
-0.013115 -0.043507 0.051600
-0.016835 -0.043372 0.049898
-0.017341 -0.042248 0.046511
-0.013099 -0.041041 0.045799
-0.007646 -0.041106 0.046705
-0.012647 -0.044311 0.057428
-0.007287 -0.044003 0.059637
-0.006851 -0.042227 0.062418
-0.012471 -0.042632 0.059735
-0.019609 -0.022120 0.050763
-0.015573 -0.021387 0.053356
-0.011035 -0.021326 0.056701
-0.007412 -0.021565 0.059024
-0.006613 -0.019496 0.058644
-0.009380 -0.018887 0.056639
-0.006341 -0.018608 0.058565
-0.009094 -0.018155 0.056774
-0.008916 -0.017648 0.057031
-0.009613 -0.017189 0.057219
-0.007654 -0.017050 0.058470
-0.008258 -0.016507 0.058360
-0.006223 -0.017955 0.058649
-0.004685 0.006987 0.064146
-0.004310 0.010482 0.060934
-0.010686 -0.032048 0.062802
-0.005637 -0.031376 0.064089
-0.004821 -0.027295 0.062011
-0.009525 -0.027313 0.060952
-0.014386 -0.028156 0.058772
-0.015903 -0.033925 0.060209
-0.003121 -0.020191 0.060092
-0.010932 -0.034530 0.063188
-0.011231 -0.037267 0.063001
-0.016265 -0.036495 0.060383
-0.016417 -0.038914 0.059922
-0.020665 -0.036670 0.056944
-0.019851 -0.030332 0.055966
-0.025386 -0.032635 0.052595
-0.024458 -0.039519 0.053664
-0.032093 -0.042958 0.048254
-0.027254 -0.045435 0.049768
-0.027244 -0.044002 0.050166
-0.027008 -0.042724 0.050865
-0.031276 -0.039659 0.049268
-0.035492 -0.042152 0.046245
-0.034293 -0.037381 0.047131
-0.029287 -0.036384 0.050454
-0.026291 -0.041330 0.051777
-0.026128 -0.044326 0.050519
-0.025146 -0.044563 0.050482
-0.025894 -0.043618 0.051125
-0.024894 -0.044213 0.050954
-0.025366 -0.042920 0.051952
-0.024459 -0.043896 0.051583
-0.023507 -0.043268 0.052755
-0.024136 -0.041748 0.053376
-0.023104 -0.044418 0.049051
-0.022099 -0.044541 0.049824
-0.022112 -0.044711 0.050955
-0.023028 -0.044704 0.049962
-0.023836 -0.044376 0.048322
-0.023587 -0.044651 0.049508
-0.024042 -0.044311 0.044546
-0.023446 -0.043903 0.045119
-0.024223 -0.044143 0.047723
-0.024295 -0.044479 0.048823
-0.024298 -0.044676 0.050170
-0.024084 -0.044537 0.050374
-0.023605 -0.044469 0.050881
-0.022742 -0.044262 0.051825
-0.016424 -0.041146 0.058815
-0.020220 -0.041067 0.056521
-0.019904 -0.042890 0.055243
-0.016363 -0.043486 0.056953
-0.019501 -0.044260 0.053838
-0.017908 -0.040927 0.043702
-0.016236 -0.044504 0.054875
-0.021216 -0.042576 0.043846
-0.022216 -0.041486 0.041133
-0.020534 -0.043510 0.047247
-0.024684 -0.044172 0.041543
-0.024071 -0.043400 0.041871
-0.026299 -0.043818 0.038318
-0.025324 -0.042515 0.039085
-0.019479 -0.044486 0.052214
-0.020586 -0.039097 0.056985
-0.011728 -0.039900 0.061681
-0.006380 -0.039405 0.064013
-0.005541 -0.000961 0.070922
-0.005189 0.003374 0.067352
-0.023768 -0.044695 0.050794
-0.011156 -0.125517 0.001656
-0.026510 -0.046743 0.050146
-0.024958 -0.049995 0.040540
-0.023685 -0.046553 0.043806
-0.031800 -0.056086 0.046679
-0.027229 -0.060245 0.049812
-0.025292 -0.056003 0.051883
-0.029057 -0.052888 0.049064
-0.022825 -0.049845 0.054242
-0.025175 -0.048118 0.051636
-0.024069 -0.046767 0.052277
-0.021651 -0.047661 0.054739
-0.020731 -0.045879 0.054945
-0.023151 -0.045572 0.052307
-0.019069 -0.042593 0.053507
-0.014439 -0.041949 0.056225
-0.013823 -0.046112 0.050954
-0.018442 -0.046536 0.048384
-0.022641 -0.046494 0.045185
-0.022173 -0.043341 0.049760
-0.019501 -0.043280 0.054268
-0.022417 -0.043873 0.051225
-0.014837 -0.042619 0.057513
-0.021689 -0.122231 -0.004578
-0.022692 -0.044539 0.051957
-0.019955 -0.044199 0.054550
-0.015471 -0.043984 0.058193
-0.016505 -0.046251 0.058904
-0.017400 -0.048715 0.059283
-0.018300 -0.051676 0.058605
-0.019813 -0.059010 0.055306
-0.021025 -0.064162 0.053564
-0.013694 -0.060682 0.057890
-0.014470 -0.065947 0.057099
-0.013136 -0.053300 0.062359
-0.012573 -0.049502 0.063498
-0.011709 -0.046518 0.062688
-0.010991 -0.043938 0.061447
-0.003779 -0.021908 0.060163
-0.006203 -0.016795 0.059716
-0.004939 -0.016188 0.061883
-0.008924 -0.013064 0.067434
-0.002064 -0.016560 0.064282
-0.011972 -0.011440 0.066918
-0.009977 -0.011956 0.068381
-0.010713 -0.010290 0.069225
-0.012137 -0.009550 0.068072
-0.008192 -0.012497 0.069602
-0.009646 -0.010534 0.070159
-0.003482 -0.013300 0.071296
-0.004480 -0.010108 0.073196
-0.005462 -0.004648 0.072889
-0.004943 -0.007974 0.073570
-0.011081 -0.008636 0.069624
-0.012490 -0.006659 0.067868
-0.012737 -0.003443 0.065690
-0.015677 -0.005257 0.062361
-0.010513 0.127032 -0.040410
-0.010381 -0.042257 0.060530
-0.009552 -0.041384 0.058681
-0.013421 -0.057049 0.043832
-0.013526 -0.052209 0.046339
-0.008629 -0.052379 0.048139
-0.008437 -0.057264 0.045886
-0.005250 -0.041110 0.060001
-0.005077 -0.045805 0.053696
-0.009003 -0.045841 0.052747
-0.005514 -0.042016 0.061889
-0.005964 -0.043901 0.063115
-0.006530 -0.046653 0.064690
-0.004931 -0.052453 0.048918
-0.004656 -0.057743 0.046810
-0.023389 -0.051133 0.041661
-0.024090 -0.055485 0.039431
-0.018585 -0.052377 0.044285
-0.018918 -0.056063 0.042090
-0.008005 -0.066413 0.059850
-0.007472 -0.061333 0.059582
-0.007004 -0.050168 0.065452
-0.007261 -0.054432 0.064257
-0.022934 0.113297 -0.107597
-0.061618 0.073421 -0.005354
-0.059329 0.066627 0.001675
-0.052828 0.073837 0.008558
-0.055118 0.079416 0.002074
-0.062396 0.081331 -0.013030
-0.055858 0.086084 -0.005121
-0.039992 0.119464 -0.059320
-0.040398 0.118567 -0.045334
-0.021511 0.124420 -0.041656
-0.034989 0.119749 -0.073034
-0.047442 0.111619 -0.082416
-0.049424 0.114020 -0.063295
-0.049160 0.113583 -0.048215
-0.028170 -0.086146 -0.107150
-0.053561 0.041640 -0.128100
-0.047720 0.112344 -0.034675
-0.039604 0.116511 -0.031889
-0.039002 0.113231 -0.019913
-0.046290 0.109862 -0.023300
-0.021341 0.121820 -0.027578
-0.010518 0.124029 -0.025899
-0.020001 0.004343 -0.142824
-0.004245 0.014050 0.058111
-0.049060 -0.050378 -0.090861
-0.058631 -0.050874 -0.073142
-0.061549 -0.101525 -0.048960
-0.071384 -0.028810 -0.055212
-0.071108 -0.028116 -0.055853
-0.060441 -0.065017 -0.053960
-0.061632 -0.051417 -0.055080
-0.039585 -0.049509 -0.102320
-0.079941 -0.017510 -0.066015
-0.080813 -0.013995 -0.067074
-0.081199 -0.018332 -0.065632
-0.082001 -0.014460 -0.066877
-0.081986 -0.010227 -0.067523
-0.081773 -0.020033 -0.064845
-0.079220 0.015568 -0.054852
-0.081172 0.016946 -0.053884
-0.070624 -0.030170 -0.050957
-0.070665 -0.029586 -0.052706
-0.069954 -0.029809 -0.051876
-0.069749 -0.030207 -0.050501
-0.070209 -0.030885 -0.049273
-0.069380 -0.030649 -0.049337
-0.078014 0.033159 -0.046438
-0.067798 -0.029747 -0.052939
-0.070367 -0.028559 -0.055470
-0.070259 -0.029107 -0.053997
-0.069690 -0.029787 -0.052547
-0.068811 -0.030437 -0.050406
-0.068616 -0.031189 -0.048689
-0.069404 -0.031883 -0.048146
-0.082034 -0.021078 -0.065167
-0.074763 -0.031352 -0.053639
-0.078361 0.009070 -0.060132
-0.078481 0.007240 -0.061843
-0.080880 0.008813 -0.063167
-0.080722 0.010858 -0.061686
-0.060419 -0.012427 -0.104185
-0.062556 -0.001434 -0.108634
-0.014462 -0.084270 -0.111765
-0.014062 -0.071587 -0.111918
-0.076617 0.031149 -0.093022
-0.078316 0.010561 -0.058845
-0.080758 0.012486 -0.060353
-0.080984 -0.009929 -0.067527
-0.076443 0.010357 -0.059086
-0.076784 0.008704 -0.060475
-0.082088 0.014059 -0.061991
-0.082009 0.012190 -0.063409
-0.082424 0.009908 -0.064850
-0.077087 0.006818 -0.061943
-0.079095 0.014257 -0.060230
-0.080398 0.061707 -0.068561
-0.079886 0.055977 -0.082462
-0.076864 0.078645 -0.071415
-0.076126 0.073823 -0.086520
-0.071841 0.068020 -0.102277
-0.075411 0.049083 -0.098302
-0.079310 0.015616 -0.055077
-0.082258 0.017853 -0.054342
-0.063039 0.087830 -0.020275
-0.068291 0.083047 -0.027381
-0.056156 0.091997 -0.011725
-0.056104 0.097378 -0.017910
-0.062527 0.094067 -0.026763
-0.069948 0.087550 -0.038877
-0.079321 0.052262 -0.054479
-0.078348 0.066936 -0.054569
-0.075007 0.070747 -0.041079
-0.074541 0.083303 -0.055869
-0.065856 0.096806 -0.044650
-0.069728 0.093420 -0.059063
-0.058873 0.105389 -0.048059
-0.061126 0.103648 -0.062670
-0.061123 0.101237 -0.078488
-0.071528 0.089638 -0.074217
-0.060787 0.099695 -0.032480
-0.054593 0.102288 -0.022877
-0.055830 0.106193 -0.035538
-0.052401 0.106435 -0.027083
-0.072786 0.072229 -0.033927
-0.063899 -0.034782 -0.048662
-0.065123 -0.035171 -0.043459
-0.070099 -0.025033 -0.035793
-0.067015 -0.000285 -0.000965
-0.067210 0.011803 -0.003355
-0.070662 0.004054 -0.013993
-0.068712 -0.010085 -0.012341
-0.065862 0.025162 -0.004834
-0.069658 0.017754 -0.015256
-0.070269 0.032345 -0.017001
-0.065907 0.039441 -0.005009
-0.063249 0.062679 -0.117244
-0.065615 0.045726 -0.115689
-0.066159 0.032732 -0.114524
-0.046624 0.055392 0.025211
-0.022369 0.084209 -0.136168
-0.045414 0.077903 0.015636
-0.055309 0.083326 -0.116647
-0.042210 0.089489 -0.122981
-0.070961 0.085053 -0.089163
-0.067945 0.080056 -0.102400
-0.060080 0.073808 -0.117185
-0.065353 0.016307 -0.113260
-0.046731 0.105707 -0.016177
-0.055324 0.023747 0.018871
-0.054042 0.019221 0.017743
-0.056178 0.028489 0.020581
-0.052154 0.014357 0.019424
-0.016645 0.009144 0.043534
-0.016359 0.006925 0.045398
-0.016013 0.004370 0.047404
-0.019609 0.004175 0.043143
-0.019029 0.001160 0.044880
-0.013100 0.004535 0.052806
-0.013230 0.007284 0.050333
-0.015606 0.001848 0.049334
-0.016086 -0.001017 0.051539
-0.013495 0.001689 0.055441
-0.020637 -0.013467 0.048275
-0.020880 -0.008708 0.045923
-0.018646 -0.004510 0.048109
-0.022576 -0.001743 0.043317
-0.021690 -0.004975 0.044503
-0.018482 -0.001469 0.046328
-0.023654 0.001555 0.041494
-0.018128 -0.004142 0.054539
-0.019412 -0.007645 0.057778
-0.014650 -0.001675 0.059018
-0.012179 0.000067 0.062242
-0.011417 0.003755 0.058811
-0.020132 0.006539 0.041545
-0.024581 0.004136 0.040000
-0.025026 -0.008383 0.043764
-0.029281 -0.011647 0.043522
-0.026871 -0.004239 0.042241
-0.030729 -0.006887 0.041749
-0.027809 -0.000814 0.040560
-0.031805 -0.003282 0.039815
-0.032736 -0.015932 0.043074
-0.035809 -0.019943 0.042402
-0.038561 -0.025575 0.041585
-0.038301 -0.014900 0.040084
-0.041687 -0.020373 0.038542
-0.040047 -0.009711 0.037688
-0.043993 -0.015174 0.035945
-0.034823 -0.010336 0.040974
-0.036223 -0.006383 0.038802
-0.032814 0.000218 0.037820
-0.028850 0.002308 0.038836
-0.041120 0.000934 0.034003
-0.040841 -0.004477 0.035723
-0.036942 -0.001980 0.036836
-0.037469 0.002438 0.035044
-0.045559 -0.008357 0.033769
-0.045265 -0.000895 0.032414
-0.044597 0.004002 0.031089
-0.031401 0.011259 0.035229
-0.026690 0.012120 0.036229
-0.034853 0.010823 0.034075
-0.040885 0.004903 0.032687
-0.037728 0.005803 0.033986
-0.048157 0.010578 0.025235
-0.046027 0.010114 0.027386
-0.040691 0.010216 0.031269
-0.037989 0.010454 0.032724
-0.043514 0.010117 0.029446
-0.022321 0.013920 0.036431
-0.017904 0.016149 0.036586
-0.057393 -0.063558 -0.070152
-0.010704 0.006966 0.056128
-0.010556 0.010041 0.053430
-0.015148 0.032131 0.038380
-0.013126 0.029491 0.037554
-0.007456 0.029796 0.044340
-0.019019 0.035895 0.041086
-0.014848 0.019034 0.036603
-0.012986 0.021584 0.036450
-0.012067 0.023836 0.036450
-0.011757 0.026813 0.036872
-0.030096 0.047700 0.043141
-0.026695 0.041746 0.044685
-0.056189 0.059970 0.010017
-0.059806 0.051810 0.006101
-0.050855 0.042588 0.028575
-0.054079 0.038656 0.025513
-0.055840 0.033703 0.022684
-0.061997 0.040571 0.003359
-0.063021 0.028445 0.002661
-0.063808 0.017090 0.003197
-0.047655 0.090070 0.002969
-0.047668 0.095789 -0.003284
-0.047103 0.084015 0.009511
-0.038615 0.108932 -0.010983
-0.038621 0.104326 -0.003142
-0.047396 0.101040 -0.009594
-0.039016 0.099057 0.003530
-0.039297 0.093363 0.009676
-0.038789 0.087428 0.016192
-0.037576 0.081166 0.022356
-0.035820 0.072818 0.028384
-0.048463 -0.062972 -0.088434
-0.008253 -0.006363 0.055020
-0.007803 -0.006540 0.055446
-0.008014 -0.006388 0.054797
-0.007481 -0.006492 0.055271
-0.007844 -0.006744 0.055309
-0.007899 -0.014956 0.057755
-0.006817 -0.013001 0.056857
-0.007221 -0.009197 0.056229
-0.069794 -0.031542 -0.037768
-0.059740 -0.097723 -0.064266
-0.055735 -0.094567 -0.077975
0.058326 -0.097738 -0.063950
0.054396 -0.094497 -0.077699
0.020746 -0.128094 -0.006830
0.032849 -0.124027 -0.014144
0.034567 -0.133111 -0.015341
0.021624 -0.136501 -0.009002
0.061928 -0.115928 -0.069640
0.059655 -0.106933 -0.065353
0.055849 -0.103547 -0.080135
0.059079 -0.112112 -0.085280
0.048623 -0.101394 -0.092882
0.051694 -0.110753 -0.098573
0.040728 -0.110762 -0.108511
0.038613 -0.099803 -0.102696
0.026394 -0.098755 -0.109817
0.027790 -0.110951 -0.114821
0.045619 -0.119205 -0.023075
0.055566 -0.114432 -0.035132
0.057142 -0.123999 -0.037744
0.047348 -0.128615 -0.024842
0.060421 -0.110424 -0.049528
0.061882 -0.120147 -0.053296
0.013611 -0.111060 -0.117871
0.012885 -0.097954 -0.113323
0.023810 -0.156281 -0.012541
0.010289 -0.158258 -0.010611
0.010474 -0.148080 -0.007413
0.022745 -0.146292 -0.010988
0.055800 -0.159790 -0.031555
0.069707 -0.153137 -0.045315
0.076110 -0.161605 -0.042041
0.059878 -0.169845 -0.028773
0.098100 -0.158807 -0.054071
0.107621 -0.147258 -0.075910
0.039507 -0.163780 -0.020458
0.041969 -0.174258 -0.017361
-0.001084 -0.123491 -0.125104
-0.001004 -0.111096 -0.118364
0.097515 -0.141689 -0.078647
0.096664 -0.137607 -0.102760
0.109108 -0.143476 -0.101041
0.054424 -0.158229 -0.141688
0.054705 -0.165024 -0.144453
0.070031 -0.160381 -0.142259
0.065778 -0.154026 -0.138711
0.075430 -0.125717 -0.097581
0.064148 -0.126094 -0.112633
0.072438 -0.133537 -0.118100
0.085808 -0.131479 -0.101646
0.037042 -0.142541 -0.134673
0.055339 -0.137639 -0.128501
0.049358 -0.129429 -0.123152
0.032882 -0.132262 -0.129097
0.087753 -0.136744 -0.079315
0.077423 -0.131389 -0.077687
0.080071 -0.145595 -0.061235
0.071948 -0.138684 -0.060454
0.064303 -0.144807 -0.044606
0.057156 -0.119084 -0.105713
0.044487 -0.120498 -0.115781
0.029773 -0.122063 -0.122008
0.014353 -0.123115 -0.124701
-0.000712 -0.171327 -0.142865
-0.000772 -0.159117 -0.140956
0.017830 -0.145286 -0.136318
0.016057 -0.134360 -0.131446
0.088636 -0.151889 -0.059274
0.065572 -0.130153 -0.057766
0.060011 -0.134709 -0.041431
0.066916 -0.176760 -0.017948
0.084881 -0.170180 -0.034063
0.046356 -0.181591 -0.007337
0.027721 -0.185378 -0.000878
0.019403 -0.157952 -0.139969
0.018637 -0.169831 -0.142224
0.038544 -0.166977 -0.143323
0.042177 -0.154475 -0.140061
0.052656 -0.150069 -0.030315
0.038356 -0.153621 -0.019144
0.024112 -0.166531 -0.012893
0.065672 -0.119629 -0.091353
0.067726 -0.124230 -0.074264
0.049890 -0.139095 -0.027659
0.036454 -0.143455 -0.017469
0.009829 -0.138803 -0.003867
0.025371 -0.176661 -0.009216
0.097973 -0.147486 -0.122325
0.084628 -0.154378 -0.135358
0.077341 -0.150423 -0.133691
-0.001128 -0.146184 -0.137357
-0.000943 -0.148443 -0.006555
-0.001355 -0.158548 -0.010440
-0.000341 -0.139288 -0.002209
0.082050 -0.142219 -0.124011
0.061280 -0.146687 -0.134078
-0.000650 -0.132026 0.001389
-0.001003 -0.097582 -0.114209
-0.001535 -0.170219 -0.014068
-0.001490 -0.182671 -0.011476
-0.001292 -0.191687 -0.001917
0.010017 -0.131166 -0.000840
0.011543 -0.180308 -0.009585
0.010660 -0.169037 -0.012520
0.012573 -0.189795 -0.001046
-0.000981 -0.134798 -0.132119
-0.021643 -0.128419 -0.006846
-0.033476 -0.124105 -0.014476
-0.034870 -0.132923 -0.015717
-0.022140 -0.136463 -0.009050
-0.063075 -0.116057 -0.069718
-0.061113 -0.106984 -0.065574
-0.057246 -0.103615 -0.080311
-0.060409 -0.112260 -0.085357
-0.050188 -0.101545 -0.092969
-0.053261 -0.110891 -0.098621
-0.042395 -0.110921 -0.108564
-0.040274 -0.099973 -0.102737
-0.028146 -0.098911 -0.109857
-0.029578 -0.111086 -0.114868
-0.046458 -0.119236 -0.023493
-0.056591 -0.114555 -0.035481
-0.057829 -0.123890 -0.037921
-0.048138 -0.128407 -0.025107
-0.062068 -0.110557 -0.049776
-0.062905 -0.120329 -0.053293
-0.015463 -0.111161 -0.117847
-0.014781 -0.098055 -0.113318
-0.025241 -0.156142 -0.012698
-0.012348 -0.158104 -0.010602
-0.011704 -0.147804 -0.007639
-0.023871 -0.146069 -0.011245
-0.056019 -0.160271 -0.032477
-0.070156 -0.153284 -0.045899
-0.076713 -0.161760 -0.042876
-0.060548 -0.170210 -0.029562
-0.098711 -0.158916 -0.054828
-0.108399 -0.147310 -0.076481
-0.040521 -0.164020 -0.020993
-0.043475 -0.174519 -0.017730
-0.098474 -0.141771 -0.079102
-0.097881 -0.137641 -0.103085
-0.110237 -0.143446 -0.101505
-0.055975 -0.158442 -0.141886
-0.056283 -0.165217 -0.144647
-0.071446 -0.160627 -0.142456
-0.067284 -0.154285 -0.138842
-0.076847 -0.125858 -0.097635
-0.065678 -0.126537 -0.112805
-0.073938 -0.133760 -0.118162
-0.087110 -0.131612 -0.101790
-0.038721 -0.142745 -0.134713
-0.056947 -0.137717 -0.128561
-0.050926 -0.129032 -0.122956
-0.034561 -0.132441 -0.129064
-0.088748 -0.136813 -0.079586
-0.078227 -0.131470 -0.077794
-0.080880 -0.145619 -0.061566
-0.072666 -0.138700 -0.060719
-0.064262 -0.144951 -0.045329
-0.058642 -0.119240 -0.105761
-0.046178 -0.120653 -0.115817
-0.031627 -0.122190 -0.121958
-0.016049 -0.123770 -0.124928
-0.019839 -0.145989 -0.136433
-0.018473 -0.133032 -0.131342
-0.089380 -0.151995 -0.059839
-0.066006 -0.130281 -0.057971
-0.060243 -0.134714 -0.041950
-0.067969 -0.177249 -0.018635
-0.085545 -0.170303 -0.034867
-0.048263 -0.181833 -0.007333
-0.030070 -0.185080 -0.000686
-0.021369 -0.157902 -0.140088
-0.020304 -0.169861 -0.142266
-0.039819 -0.167360 -0.143449
-0.043727 -0.154710 -0.140167
-0.053059 -0.150116 -0.031215
-0.039216 -0.153624 -0.019748
-0.026042 -0.166772 -0.013284
-0.066996 -0.119759 -0.091409
-0.068773 -0.124343 -0.074366
-0.050899 -0.138931 -0.027914
-0.037234 -0.143274 -0.017919
-0.011444 -0.138716 -0.004163
-0.027692 -0.176555 -0.009223
-0.099102 -0.147660 -0.122551
-0.085926 -0.154612 -0.135545
-0.078728 -0.150684 -0.133819
-0.083393 -0.142436 -0.124177
-0.062741 -0.146970 -0.134174
-0.011162 -0.131264 -0.000970
-0.014027 -0.180222 -0.009320
-0.013026 -0.169207 -0.012638
-0.014772 -0.189130 -0.000817
-0.008238 -0.006682 0.054977
-0.066405 -0.032502 -0.015640
-0.066027 -0.039972 -0.023154
-0.062463 -0.051532 -0.015089
-0.063451 -0.043110 -0.007339
-0.057439 -0.061392 -0.006816
-0.060397 -0.051415 -0.001022
-0.050955 -0.068876 0.002709
-0.055656 -0.058938 0.006432
-0.046177 -0.073093 0.013122
-0.050664 -0.063578 0.015110
-0.033578 -0.077852 0.037332
-0.031853 -0.082586 0.033401
-0.025546 -0.086279 0.041844
-0.026391 -0.082354 0.046343
-0.018353 -0.088890 0.049170
-0.019106 -0.084934 0.053538
-0.010241 -0.089769 0.053306
-0.010300 -0.085942 0.057892
-0.000151 -0.089794 0.055184
-0.000178 -0.085897 0.059746
-0.000145 -0.075977 0.063030
-0.009296 -0.076081 0.061768
-0.009757 -0.081182 0.060707
-0.000231 -0.081705 0.062039
-0.016734 -0.075158 0.057643
-0.018153 -0.080453 0.056157
-0.023285 -0.072885 0.051774
-0.025261 -0.078051 0.049724
-0.031092 -0.068558 0.044633
-0.032906 -0.073613 0.041334
-0.037239 -0.063048 0.039858
-0.039957 -0.066076 0.034733
-0.009548 -0.092582 0.046236
-0.000135 -0.092489 0.048812
-0.017125 -0.091627 0.042330
-0.023871 -0.088975 0.035833
-0.029707 -0.086337 0.028238
-0.040631 -0.076494 0.023682
-0.035336 -0.083548 0.019463
-0.041630 -0.079025 0.010304
-0.046366 -0.074825 -0.001071
-0.054341 -0.067006 -0.012329
-0.060896 -0.056074 -0.022549
-0.065334 -0.044730 -0.030557
-0.068178 -0.032556 -0.028551
-0.015656 -0.070758 0.057546
-0.008578 -0.071276 0.061193
-0.021831 -0.068787 0.052845
-0.029079 -0.064405 0.047352
-0.034588 -0.059470 0.043730
-0.039299 -0.047371 0.042322
-0.038229 -0.053684 0.042334
-0.037431 -0.034887 0.043939
-0.038990 -0.041070 0.043200
-0.044397 -0.028205 0.036697
-0.046263 -0.036964 0.034436
-0.042636 -0.039497 0.039148
-0.041053 -0.031912 0.040401
-0.047460 -0.022175 0.032784
-0.049833 -0.032799 0.029432
-0.008413 -0.094458 0.039792
-0.000149 -0.094412 0.041084
-0.015166 -0.093973 0.036193
-0.021063 -0.092428 0.030124
-0.025328 -0.091313 0.022932
-0.030111 -0.089669 0.014943
-0.034708 -0.087007 0.005998
-0.040622 -0.082890 -0.004796
-0.049708 -0.074607 -0.017442
-0.059022 -0.060823 -0.028800
-0.063195 -0.048569 -0.037367
-0.021656 -0.097928 0.010252
-0.017852 -0.097484 0.016398
-0.014413 -0.098146 0.022162
-0.011110 -0.098355 0.027254
-0.006384 -0.099027 0.026524
-0.000023 -0.099447 0.026006
-0.005452 -0.100358 0.018237
0.000205 -0.101035 0.018764
-0.007946 -0.102917 0.013861
0.000207 -0.103506 0.014954
-0.010313 -0.106378 0.011409
-0.000122 -0.108229 0.011959
-0.041548 -0.055734 0.038067
-0.044690 -0.056511 0.032221
-0.046583 -0.046558 0.032485
-0.050428 -0.043896 0.026391
-0.048594 -0.055782 0.025231
-0.042998 -0.047629 0.038069
-0.053809 -0.052447 0.016981
-0.054810 -0.039486 0.019796
-0.053514 -0.026721 0.024716
-0.058089 -0.033602 0.014477
-0.058043 -0.047037 0.009290
-0.056861 -0.022720 0.020053
-0.059492 -0.018497 0.016107
-0.060440 -0.029172 0.010071
-0.060973 -0.040366 0.004442
-0.043991 -0.068464 0.025782
-0.063217 -0.034644 -0.000879
-0.061789 -0.014877 0.011557
-0.062523 -0.024093 0.005485
-0.064229 -0.009702 0.005740
-0.065303 -0.018468 -0.002763
-0.065884 -0.026736 -0.009398
-0.068713 -0.024562 -0.024629
-0.000207 -0.071249 0.062581
-0.064530 -0.033980 -0.052862
-0.022764 -0.028070 0.052152
-0.017811 -0.025742 0.054869
-0.012663 -0.024811 0.057934
-0.008357 -0.024518 0.060018
-0.004121 -0.024737 0.060989
-0.000437 -0.120663 0.007393
0.000229 0.042582 0.048097
-0.000395 -0.113171 0.010253
-0.000297 -0.057727 0.047195
-0.000506 0.124974 -0.025087
-0.000214 -0.066423 0.061436
-0.000188 -0.052167 0.049526
0.000049 0.004189 0.069089
-0.000238 -0.061585 0.060402
-0.000181 -0.050691 0.066277
-0.000047 -0.043628 0.063698
0.000086 0.076231 0.037784
-0.000130 -0.046603 0.065356
-0.000240 -0.022263 0.060498
-0.000046 0.000014 0.072556
-0.000041 -0.041716 0.062203
-0.000907 -0.047696 -0.116915
-0.000189 -0.054521 0.064731
-0.000233 -0.045780 0.054082
-0.000082 -0.040891 0.060438
-0.000057 -0.041503 0.047248
-0.000155 -0.025216 0.061522
0.000404 0.021611 0.054279
-0.000740 -0.009466 -0.139866
0.000266 0.018446 0.056902
-0.000409 0.099618 0.021773
-0.000166 0.086231 0.032654
0.000092 0.008020 0.065632
-0.000371 0.053982 -0.150332
-0.000298 0.070746 -0.146554
0.000133 0.060038 0.043803
-0.000311 0.124373 -0.086426
-0.000159 -0.003911 0.074614
-0.000250 -0.016957 0.064440
-0.000527 0.116371 -0.001622
-0.000554 0.019082 -0.149245
-0.000205 0.115372 -0.110539
-0.000172 -0.042480 0.063164
-0.000527 0.120996 -0.012797
-0.000162 -0.044105 0.060251
-0.000291 -0.013720 0.071984
-0.000651 0.003196 -0.145613
-0.000471 0.032991 -0.150567
-0.000255 -0.031729 0.064074
-0.000208 -0.027824 0.062341
-0.000239 0.120832 -0.098875
0.000379 0.048451 0.047953
-0.000238 -0.034371 0.065385
0.000265 0.030264 0.048250
-0.000200 -0.037275 0.065803
-0.000601 -0.126594 0.004232
-0.000221 0.095074 -0.132819
-0.000198 -0.039960 0.064654
-0.000084 -0.043281 0.053699
0.000235 0.011775 0.062439
-0.000054 -0.042591 0.050453
0.000147 0.066776 0.040789
-0.000246 -0.019654 0.060747
-0.000226 -0.019123 0.061112
0.000305 0.027848 0.049387
-0.000328 0.093350 0.027650
0.000286 0.032680 0.047838
-0.000158 -0.020443 0.060456
-0.000244 0.085679 -0.139569
-0.000404 0.128690 -0.069378
-0.000426 0.129519 -0.056355
0.000348 0.024612 0.051827
0.000320 0.015337 0.059386
-0.000900 -0.057268 -0.115209
-0.000277 -0.010463 0.074412
-0.000260 -0.007682 0.075100
-0.000511 0.110977 0.007839
-0.000799 -0.018965 -0.135096
-0.000467 0.128555 -0.039747
-0.000471 0.105361 0.015340
-0.000880 -0.036288 -0.123791
-0.000839 -0.026528 -0.131097
-0.000288 -0.014796 0.070290
0.000091 0.035833 0.047411
-0.000297 -0.016114 0.067145
-0.000199 0.107865 -0.121365
-0.000215 -0.018120 0.062289
0.007791 -0.006704 0.054733
0.066148 -0.032006 -0.014990
0.065547 -0.039430 -0.022584
0.062082 -0.050878 -0.014599
0.063366 -0.042592 -0.006749
0.057228 -0.060852 -0.006469
0.060455 -0.050967 -0.000557
0.050910 -0.068431 0.002889
0.055750 -0.058576 0.006767
-0.005208 -0.013949 0.069478
-0.004059 -0.015388 0.066946
0.045903 -0.072767 0.013246
0.050702 -0.063258 0.015313
-0.015513 0.022703 0.033457
-0.009295 -0.017285 0.057182
-0.008194 0.005765 0.061963
-0.014504 0.022971 0.034060
0.033054 -0.077705 0.037586
0.031676 -0.082400 0.033666
0.025247 -0.086056 0.042221
0.026057 -0.082209 0.046719
-0.012198 -0.016957 0.056255
0.018149 -0.088771 0.049494
0.018876 -0.084868 0.053807
0.009972 -0.089765 0.053485
0.010061 -0.085998 0.057994
-0.007591 0.012602 0.056152
-0.009436 0.021970 0.043458
0.008873 -0.076029 0.061919
0.009408 -0.081167 0.060869
-0.007626 0.009071 0.059114
-0.018670 -0.013608 0.056666
-0.016405 -0.016493 0.055353
-0.008263 -0.008354 0.071925
-0.009177 -0.005515 0.070901
0.016650 -0.075142 0.057773
-0.009056 -0.011380 0.070006
-0.005923 -0.012958 0.070567
0.017956 -0.080355 0.056406
-0.016722 0.022420 0.033905
-0.027372 0.023222 0.027904
-0.007395 -0.010326 0.071825
-0.003932 -0.012080 0.072299
-0.019659 0.023233 0.031748
-0.016152 0.022582 0.033645
-0.014301 -0.009515 0.065278
-0.008070 0.020915 0.047761
0.023141 -0.072723 0.052153
0.024986 -0.077792 0.050053
0.030935 -0.068344 0.045053
0.032615 -0.073456 0.041678
-0.017425 -0.010927 0.060925
0.037006 -0.062834 0.040175
0.039505 -0.065909 0.035012
0.009299 -0.092478 0.046409
-0.017440 0.022482 0.033819
-0.017948 0.022645 0.033717
-0.008999 0.001994 0.065246
0.016832 -0.091479 0.042599
0.023566 -0.088732 0.036149
0.029569 -0.086137 0.028509
0.040377 -0.076351 0.023865
-0.022335 0.022995 0.032124
-0.003535 -0.016793 0.061922
-0.012131 -0.010396 0.067586
-0.010448 -0.010991 0.068971
-0.004153 -0.017656 0.060105
0.035203 -0.083328 0.019591
0.041297 -0.078548 0.010280
-0.012407 0.022769 0.036449
0.046065 -0.074176 -0.001056
-0.007668 0.018544 0.051270
-0.007444 0.015580 0.053979
0.054158 -0.066460 -0.012153
0.060400 -0.055408 -0.022264
-0.003523 -0.016082 0.064396
0.064438 -0.044002 -0.030041
0.067341 -0.031986 -0.027789
0.015442 -0.070680 0.057784
0.008279 -0.071279 0.061408
0.021692 -0.068694 0.053190
-0.009350 -0.001937 0.068679
0.028855 -0.064175 0.047622
0.034443 -0.059197 0.043885
0.039280 -0.047199 0.042449
-0.006914 -0.017198 0.058675
0.038048 -0.053439 0.042552
0.037288 -0.034533 0.043965
0.038854 -0.040801 0.043304
0.044328 -0.027918 0.036833
0.046134 -0.036687 0.034599
0.042602 -0.039239 0.039340
-0.000310 -0.012301 0.073287
-0.006605 -0.011846 0.071311
0.040990 -0.031610 0.040496
0.047483 -0.021875 0.032749
0.049715 -0.032486 0.029619
0.008163 -0.094127 0.039842
-0.029090 0.035752 0.039693
-0.028901 0.033583 0.038347
0.014840 -0.093665 0.036334
0.020780 -0.092045 0.030249
0.025005 -0.090902 0.022991
0.029607 -0.089193 0.014827
0.034206 -0.086426 0.005683
0.040018 -0.082145 -0.004967
-0.022578 0.038526 0.042969
-0.004919 0.038933 0.047354
-0.010324 0.038845 0.046558
0.049276 -0.073919 -0.017387
-0.030117 0.029291 0.036738
-0.030477 0.026871 0.035104
-0.028762 0.031615 0.036828
-0.030193 0.027666 0.036527
-0.030296 0.028347 0.037060
0.058202 -0.060163 -0.028598
-0.029042 0.030845 0.036255
0.061745 -0.047457 -0.036866
-0.028877 0.031030 0.036349
0.021077 -0.097369 0.009609
-0.027311 0.037670 0.041123
0.017461 -0.096878 0.016058
0.014178 -0.097623 0.022034
-0.029501 0.030323 0.036209
-0.030561 0.026301 0.033346
0.011069 -0.097998 0.027234
-0.031228 0.024711 0.028538
0.006353 -0.098863 0.026512
0.000168 0.039171 0.047759
-0.021464 0.047877 0.046069
-0.050967 0.046355 0.024959
0.005650 -0.100233 0.018156
-0.054435 0.041333 0.022288
0.007669 -0.102598 0.013432
-0.047094 0.007117 0.027935
-0.049536 0.007659 0.025566
-0.018767 0.042189 0.046515
0.009714 -0.106089 0.010849
0.041210 -0.055475 0.038208
0.044234 -0.056242 0.032396
0.046337 -0.046297 0.032693
0.050303 -0.043575 0.026594
-0.025912 0.065539 0.036568
-0.030478 0.111494 -0.007309
-0.024853 0.059157 0.040656
-0.038962 0.052001 0.035349
0.048529 -0.055483 0.025467
-0.030536 0.106718 0.001206
0.042872 -0.047426 0.038215
0.053928 -0.052109 0.017260
0.054749 -0.039033 0.020144
0.053594 -0.026355 0.024832
0.058170 -0.033161 0.014816
-0.046013 0.050329 0.029223
0.058199 -0.046615 0.009829
-0.053975 0.011555 0.018465
-0.006532 0.053671 0.046554
-0.055641 0.017321 0.015608
0.056962 -0.022250 0.020265
-0.014798 0.053523 0.046269
-0.027404 0.122880 -0.067884
0.059669 -0.017958 0.016278
0.060501 -0.028687 0.010463
0.061030 -0.039927 0.004888
0.043772 -0.068207 0.025889
-0.013761 0.035820 0.043310
0.063212 -0.034191 -0.000275
-0.037869 0.008410 0.033167
-0.040744 0.007823 0.031818
0.061957 -0.014304 0.011804
-0.031205 0.122451 -0.056881
-0.053099 0.009842 0.020429
-0.029100 0.083153 0.027023
-0.010008 0.029716 0.041055
-0.011696 0.032344 0.041337
-0.029896 0.089913 0.021255
0.062605 -0.023610 0.005841
0.064347 -0.009114 0.006011
0.065366 -0.017994 -0.002358
-0.030265 0.095999 0.014935
0.065732 -0.026244 -0.008829
0.068077 -0.024059 -0.023826
-0.030884 0.115798 -0.017397
-0.021868 0.012468 0.037216
0.064020 -0.033608 -0.052333
0.022533 -0.027856 0.052353
0.017508 -0.025651 0.055124
-0.056788 0.035403 0.019729
-0.057462 0.028994 0.017930
-0.031706 0.121612 -0.043336
-0.030952 0.009700 0.035712
-0.056730 0.023113 0.016428
-0.015775 0.124895 -0.075840
0.012313 -0.024812 0.058184
-0.051599 0.008445 0.023033
0.008103 -0.024450 0.060377
0.003866 -0.024672 0.061265
-0.031858 0.052997 0.040286
-0.034612 0.008978 0.034561
-0.009459 0.026814 0.040643
-0.017558 0.015020 0.037799
-0.014281 0.018088 0.038290
-0.030415 0.101532 0.008465
-0.011824 0.020926 0.039161
-0.009954 0.023708 0.040220
-0.026331 0.010708 0.036772
-0.027669 0.074146 0.032718
-0.031170 0.119213 -0.029643
-0.044019 0.007416 0.029989
-0.000379 0.126176 -0.078660
0.000146 0.054015 0.046420
-0.010797 0.022356 0.039878
-0.016323 0.038732 0.045191
-0.023556 0.053323 0.044153
-0.000168 -0.057643 0.061731
-0.027581 -0.039217 0.051601
-0.028863 -0.041403 0.050333
-0.028390 -0.047863 0.049084
-0.020588 -0.033652 0.056633
-0.024934 -0.036652 0.053656
-0.019309 -0.055070 0.057126
-0.029344 -0.043538 0.049481
-0.013564 -0.056690 0.060231
-0.029312 -0.045720 0.048830
-0.007470 -0.057638 0.061837
-0.000217 -0.029611 0.063282
-0.010128 -0.029541 0.061982
-0.005129 -0.029233 0.063257
-0.015381 -0.031042 0.059582
-0.026668 -0.050174 0.050752
-0.023980 -0.052716 0.053358
0.004636 -0.014018 0.069465
0.003488 -0.015413 0.066906
0.016078 0.023290 0.033043
0.008831 -0.017300 0.057211
0.007968 0.005623 0.061715
0.015005 0.023492 0.033648
0.011785 -0.016970 0.056271
0.007689 0.012561 0.055978
0.009831 0.022269 0.043219
0.007579 0.009008 0.058923
0.018504 -0.013767 0.056711
0.016078 -0.016579 0.055407
0.007649 -0.008448 0.071694
0.008567 -0.005687 0.070590
0.008428 -0.011408 0.069855
0.005354 -0.013051 0.070555
0.017388 0.023103 0.033526
0.028265 0.023942 0.027583
0.006797 -0.010370 0.071690
0.003339 -0.012120 0.072286
0.020581 0.023792 0.031554
0.016795 0.023214 0.033258
0.013989 -0.009638 0.065247
0.008457 0.021104 0.047578
0.017239 -0.011079 0.060949
0.018177 0.023186 0.033474
0.018727 0.023379 0.033424
0.008552 0.001781 0.064925
0.023278 0.023527 0.031875
0.003027 -0.016794 0.061880
0.011632 -0.010467 0.067476
0.009852 -0.011031 0.068823
0.003647 -0.017609 0.060060
0.012899 0.023214 0.036077
0.007981 0.018615 0.051132
0.007689 0.015550 0.053844
0.003008 -0.016146 0.064371
0.008816 -0.002156 0.068367
0.006461 -0.017200 0.058691
0.005990 -0.011875 0.071202
0.029680 0.036702 0.039236
0.029558 0.034502 0.038092
0.023006 0.039039 0.042804
0.005257 0.039049 0.047134
0.010687 0.039055 0.046460
0.030805 0.030300 0.036868
0.030950 0.028039 0.034893
0.029387 0.032592 0.036548
0.030915 0.028445 0.036598
0.031001 0.029238 0.037179
0.029701 0.031792 0.036089
0.029585 0.031982 0.036319
0.027820 0.038506 0.040798
0.030202 0.031304 0.036263
0.031188 0.027497 0.033036
0.031940 0.025755 0.028245
0.021848 0.048337 0.046251
0.051101 0.047107 0.024936
0.054490 0.042045 0.022153
0.047518 0.007769 0.027730
0.049932 0.008388 0.025366
0.019114 0.042503 0.046490
0.025508 0.065866 0.036286
0.029457 0.111695 -0.007371
0.024745 0.059549 0.040450
0.039118 0.052703 0.035262
0.029495 0.106879 0.001111
0.046168 0.051057 0.029138
0.054421 0.012421 0.018393
0.006816 0.053830 0.046675
0.056364 0.018202 0.015716
0.015104 0.053818 0.046393
0.026699 0.123028 -0.067843
0.014126 0.036202 0.043052
0.038312 0.008994 0.032934
0.041207 0.008439 0.031609
0.030427 0.122642 -0.056849
0.053462 0.010672 0.020274
0.028378 0.083315 0.026746
0.010389 0.030021 0.040765
0.012054 0.032697 0.041010
0.029040 0.089942 0.021133
0.029297 0.096071 0.014791
0.029913 0.116022 -0.017425
0.022213 0.012836 0.036604
0.056905 0.036149 0.019560
0.057918 0.029821 0.017852
0.030861 0.121840 -0.043321
0.031393 0.010149 0.035291
0.057378 0.023970 0.016419
0.015048 0.124947 -0.075820
0.052005 0.009206 0.022819
0.032003 0.053624 0.040314
0.034996 0.009504 0.034237
0.009839 0.027161 0.040389
0.017812 0.015370 0.037212
0.014572 0.018427 0.037774
0.029388 0.101651 0.008339
0.012275 0.021306 0.038775
0.010353 0.024051 0.039952
0.026628 0.011120 0.036193
0.027150 0.074457 0.032584
0.030261 0.119453 -0.029646
0.044457 0.008021 0.029760
0.011228 0.022725 0.039559
0.016700 0.039060 0.045059
0.023786 0.053789 0.044323
0.027445 -0.038997 0.051632
0.028753 -0.041193 0.050340
0.028166 -0.047614 0.049216
0.020405 -0.033476 0.056812
0.024725 -0.036478 0.053695
0.018652 -0.054953 0.057038
0.029143 -0.043310 0.049555
0.013066 -0.056607 0.060173
0.029146 -0.045487 0.049004
0.006949 -0.057595 0.061825
0.009763 -0.029393 0.062220
0.004734 -0.029118 0.063493
0.015038 -0.030860 0.059809
0.026403 -0.049941 0.050701
0.023490 -0.052528 0.053326
0.031915 0.024381 0.022466
-0.031098 0.023469 0.022736
0.030059 0.024111 0.035623
0.028493 0.024112 0.035148
0.027048 0.024112 0.034380
0.025836 0.024113 0.033384
0.030091 0.024429 0.035623
0.028553 0.024736 0.035148
0.027137 0.025019 0.034379
0.025949 0.025256 0.033383
0.030183 0.024735 0.035623
0.028735 0.025336 0.035148
0.027401 0.025890 0.034379
0.026281 0.026354 0.033383
0.030333 0.025017 0.035623
0.029031 0.025889 0.035149
0.027829 0.026693 0.034379
0.026821 0.027367 0.033383
0.030536 0.025264 0.035622
0.029428 0.026374 0.035148
0.028406 0.027397 0.034379
0.027548 0.028256 0.033385
0.030782 0.025467 0.035623
0.029912 0.026771 0.035149
0.029109 0.027974 0.034379
0.028436 0.028983 0.033382
0.031064 0.025617 0.035622
0.030464 0.027067 0.035147
0.029911 0.028403 0.034378
0.029448 0.029524 0.033381
0.031370 0.025710 0.035621
0.031063 0.027249 0.035147
0.030782 0.028668 0.034378
0.030545 0.029856 0.033381
0.031688 0.025741 0.035621
0.031687 0.027309 0.035146
0.031687 0.028756 0.034377
0.031687 0.029969 0.033381
0.032005 0.025710 0.035622
0.032311 0.027248 0.035147
0.032592 0.028666 0.034376
0.032828 0.029855 0.033379
0.032311 0.025617 0.035622
0.032910 0.027066 0.035146
0.033462 0.028401 0.034375
0.033925 0.029521 0.033378
0.032592 0.025466 0.035620
0.033462 0.026769 0.035144
0.034264 0.027971 0.034373
0.034936 0.028979 0.033376
0.032838 0.025262 0.035618
0.033945 0.026371 0.035142
0.034966 0.027393 0.034370
0.035823 0.028250 0.033374
0.033041 0.025015 0.035616
0.034341 0.025886 0.035139
0.035542 0.026688 0.034367
0.036548 0.027361 0.033370
0.033191 0.024734 0.035616
0.034637 0.025333 0.035139
0.035969 0.025885 0.034366
0.037087 0.026348 0.033366
0.033284 0.024427 0.035617
0.034817 0.024733 0.035137
0.036232 0.025014 0.034363
0.037417 0.025250 0.033362
0.033315 0.024109 0.035617
0.034879 0.024109 0.035138
0.036320 0.024108 0.034361
0.037530 0.024107 0.033361
0.033283 0.023791 0.035615
0.034817 0.023484 0.035136
0.036232 0.023202 0.034362
0.037417 0.022964 0.033361
0.033191 0.023485 0.035615
0.034637 0.022884 0.035136
0.035970 0.022330 0.034363
0.037088 0.021866 0.033363
0.033041 0.023203 0.035614
0.034341 0.022331 0.035135
0.035543 0.021527 0.034365
0.036550 0.020853 0.033367
0.032839 0.022956 0.035617
0.033946 0.021846 0.035139
0.034969 0.020822 0.034369
0.035827 0.019963 0.033374
0.032593 0.022752 0.035618
0.033464 0.021447 0.035143
0.034267 0.020243 0.034374
0.034941 0.019235 0.033376
0.032312 0.022602 0.035620
0.032912 0.021152 0.035144
0.033466 0.019814 0.034375
0.033930 0.018693 0.033379
0.032006 0.022508 0.035622
0.032314 0.020968 0.035147
0.032596 0.019549 0.034378
0.032834 0.018360 0.033380
0.031689 0.022477 0.035622
0.031690 0.020908 0.035147
0.031691 0.019460 0.034378
0.031692 0.018247 0.033383
0.031372 0.022508 0.035623
0.031066 0.020968 0.035151
0.030786 0.019549 0.034381
0.030550 0.018360 0.033384
0.031065 0.022602 0.035623
0.030467 0.021151 0.035150
0.029915 0.019815 0.034381
0.029453 0.018694 0.033384
0.030784 0.022752 0.035625
0.029914 0.021447 0.035152
0.029112 0.020244 0.034382
0.028441 0.019236 0.033384
0.030537 0.022956 0.035623
0.029430 0.021847 0.035149
0.028409 0.020823 0.034381
0.027553 0.019966 0.033385
0.030334 0.023203 0.035623
0.029033 0.022332 0.035149
0.027832 0.021528 0.034379
0.026826 0.020856 0.033382
0.031688 0.024110 0.035781
0.030184 0.023486 0.035622
0.028737 0.022886 0.035147
0.027404 0.022333 0.034377
0.026285 0.021870 0.033381
0.030091 0.023793 0.035622
0.028555 0.023487 0.035147
0.027138 0.023205 0.034378
0.025951 0.022969 0.033382
0.024654 0.024113 0.032530
0.022828 0.024114 0.031078
0.021270 0.024115 0.029178
0.020114 0.024115 0.027010
0.019402 0.024116 0.024657
0.019164 0.024116 0.022212
0.019406 0.024115 0.019762
0.020118 0.024114 0.017408
0.021276 0.024113 0.015237
0.022835 0.024111 0.013336
0.024733 0.024110 0.011775
0.026900 0.024109 0.010616
0.029250 0.024109 0.009903
0.024789 0.025488 0.032529
0.022997 0.025845 0.031079
0.021467 0.026151 0.029180
0.020334 0.026376 0.027011
0.019637 0.026516 0.024658
0.019403 0.026562 0.022210
0.019640 0.026515 0.019762
0.020339 0.026374 0.017408
0.021476 0.026147 0.015238
0.023005 0.025841 0.013336
0.024867 0.025470 0.011775
0.026991 0.025046 0.010616
0.029297 0.024586 0.009903
0.025189 0.026809 0.032529
0.023499 0.027510 0.031079
0.022060 0.028108 0.029180
0.020992 0.028550 0.027011
0.020335 0.028824 0.024657
0.020114 0.028916 0.022209
0.020337 0.028823 0.019762
0.020997 0.028548 0.017408
0.022068 0.028104 0.015238
0.023508 0.027506 0.013337
0.025262 0.026777 0.011776
0.027264 0.025947 0.010616
0.029436 0.025045 0.009903
0.025837 0.028027 0.032531
0.024317 0.029044 0.031080
0.023022 0.029910 0.029180
0.022061 0.030554 0.027010
0.021470 0.030949 0.024657
0.021271 0.031083 0.022208
0.021472 0.030948 0.019761
0.022066 0.030551 0.017408
0.023030 0.029906 0.015238
0.024325 0.029039 0.013337
0.025905 0.027982 0.011775
0.027706 0.026776 0.010616
0.029661 0.025468 0.009903
0.026712 0.029093 0.032530
0.025421 0.030386 0.031077
0.024318 0.031490 0.029178
0.023501 0.032309 0.027009
0.022998 0.032813 0.024656
0.022829 0.032983 0.022208
0.023000 0.032812 0.019761
0.023505 0.032306 0.017407
0.024324 0.031486 0.015238
0.025427 0.030382 0.013336
0.026770 0.029038 0.011775
0.028302 0.027504 0.010616
0.029966 0.025838 0.009903
0.027778 0.029968 0.032528
0.026764 0.031488 0.031075
0.025898 0.032785 0.029176
0.025255 0.033749 0.027007
0.024861 0.034342 0.024655
0.024727 0.034542 0.022208
0.024862 0.034341 0.019761
0.025259 0.033747 0.017407
0.025902 0.032782 0.015238
0.026769 0.031485 0.013336
0.027824 0.029904 0.011775
0.029029 0.028100 0.010616
0.030335 0.026143 0.009902
0.028995 0.030616 0.032526
0.028296 0.032306 0.031073
0.027699 0.033748 0.029175
0.027258 0.034819 0.027007
0.026985 0.035478 0.024655
0.026894 0.035701 0.022208
0.026985 0.035478 0.019760
0.027260 0.034817 0.017407
0.027703 0.033745 0.015237
0.028300 0.032304 0.013336
0.029028 0.030547 0.011775
0.029857 0.028543 0.010616
0.030758 0.026368 0.009903
0.030314 0.031017 0.032525
0.029959 0.032810 0.031073
0.029654 0.034340 0.029174
0.029429 0.035478 0.027006
0.029291 0.036178 0.024655
0.029244 0.036413 0.022208
0.029292 0.036177 0.019761
0.029432 0.035476 0.017407
0.029657 0.034338 0.015237
0.029963 0.032807 0.013336
0.030333 0.030943 0.011775
0.030757 0.028816 0.010616
0.031216 0.026508 0.009902
0.031687 0.031151 0.032525
0.031687 0.032980 0.031072
0.031687 0.034540 0.029173
0.031687 0.035699 0.027005
0.031687 0.036412 0.024653
0.031689 0.036655 0.022210
0.031689 0.036412 0.019761
0.031689 0.035698 0.017407
0.031690 0.034538 0.015237
0.031691 0.032977 0.013336
0.031691 0.031076 0.011775
0.031692 0.028908 0.010616
0.031693 0.026555 0.009902
0.033059 0.031015 0.032523
0.033415 0.032808 0.031071
0.033719 0.034338 0.029172
0.033945 0.035476 0.027004
0.034085 0.036176 0.024653
0.034133 0.036411 0.022206
0.034086 0.036175 0.019760
0.033947 0.035474 0.017407
0.033722 0.034337 0.015236
0.033418 0.032806 0.013336
0.033050 0.030942 0.011775
0.032628 0.028816 0.010615
0.032170 0.026507 0.009902
0.034378 0.030613 0.032521
0.035077 0.032303 0.031069
0.035674 0.033743 0.029170
0.036117 0.034815 0.027003
0.036391 0.035474 0.024652
0.036483 0.035696 0.022205
0.036392 0.035474 0.019758
0.036119 0.034813 0.017405
0.035677 0.033742 0.015236
0.035081 0.032301 0.013335
0.034355 0.030545 0.011775
0.033527 0.028541 0.010615
0.032629 0.026368 0.009902
0.035594 0.029963 0.032520
0.036609 0.031482 0.031069
0.037475 0.032779 0.029169
0.038118 0.033742 0.027001
0.038514 0.034336 0.024650
0.038649 0.034536 0.022204
0.038515 0.034335 0.019757
0.038121 0.033741 0.017405
0.037478 0.032777 0.015235
0.036613 0.031481 0.013335
0.035559 0.029901 0.011774
0.034356 0.028098 0.010615
0.033052 0.026142 0.009902
0.036659 0.029087 0.032519
0.037951 0.030379 0.031066
0.039054 0.031481 0.029168
0.039873 0.032300 0.027000
0.040377 0.032804 0.024649
0.040548 0.032975 0.022203
0.040378 0.032804 0.019756
0.039875 0.032299 0.017404
0.039057 0.031480 0.015235
0.037956 0.030377 0.013334
0.036614 0.029034 0.011774
0.035083 0.027501 0.010615
0.033421 0.025837 0.009902
0.037533 0.028019 0.032517
0.039053 0.029035 0.031065
0.040349 0.029900 0.029167
0.041312 0.030544 0.026999
0.041906 0.030939 0.024648
0.042108 0.031074 0.022202
0.041908 0.030939 0.019756
0.041315 0.030543 0.017404
0.040353 0.029899 0.015235
0.039058 0.029033 0.013334
0.037480 0.027977 0.011774
0.035680 0.026772 0.010614
0.033726 0.025467 0.009902
0.038180 0.026801 0.032512
0.039870 0.027501 0.031062
0.041312 0.028097 0.029166
0.042383 0.028540 0.026999
0.043044 0.028813 0.024648
0.043267 0.028904 0.022202
0.043045 0.028812 0.019756
0.042386 0.028539 0.017403
0.041316 0.028095 0.015234
0.039877 0.027499 0.013334
0.038124 0.026771 0.011774
0.036123 0.025943 0.010615
0.033952 0.025043 0.009902
0.038579 0.025480 0.032509
0.040373 0.025836 0.031058
0.041905 0.026140 0.029164
0.043044 0.026365 0.026998
0.043745 0.026504 0.024648
0.043981 0.026551 0.022203
0.043746 0.026504 0.019756
0.043046 0.026364 0.017404
0.041910 0.026139 0.015234
0.040382 0.025834 0.013334
0.038520 0.025464 0.011774
0.036397 0.025042 0.010614
0.034091 0.024584 0.009902
0.038713 0.024107 0.032506
0.040543 0.024106 0.031057
0.042106 0.024105 0.029162
0.043268 0.024104 0.026998
0.043982 0.024104 0.024647
0.044225 0.024105 0.022205
0.043982 0.024104 0.019757
0.043270 0.024104 0.017404
0.042112 0.024103 0.015234
0.040553 0.024104 0.013334
0.038655 0.024104 0.011773
0.036489 0.024105 0.010614
0.034138 0.024106 0.009901
0.038578 0.022733 0.032505
0.040372 0.022376 0.031056
0.041909 0.022069 0.029163
0.043048 0.021843 0.026999
0.043750 0.021703 0.024648
0.043984 0.021656 0.022203
0.043748 0.021704 0.019756
0.043048 0.021843 0.017403
0.041912 0.022069 0.015234
0.040383 0.022374 0.013334
0.038521 0.022745 0.011773
0.036397 0.023169 0.010614
0.034092 0.023629 0.009902
0.038180 0.021412 0.032508
0.039872 0.020710 0.031059
0.041318 0.020112 0.029166
0.042390 0.019668 0.027000
0.043050 0.019395 0.024648
0.043272 0.019302 0.022202
0.043050 0.019395 0.019755
0.042390 0.019669 0.017403
0.041320 0.020112 0.015234
0.039880 0.020709 0.013333
0.038126 0.021438 0.011773
0.036124 0.022268 0.010614
0.033952 0.023170 0.009902
0.037536 0.020194 0.032514
0.039058 0.019176 0.031065
0.040356 0.018308 0.029167
0.041319 0.017665 0.027000
0.041914 0.017269 0.024648
0.042114 0.017134 0.022202
0.041914 0.017269 0.019755
0.041321 0.017665 0.017403
0.040358 0.018309 0.015234
0.039062 0.019176 0.013333
0.037483 0.020233 0.011773
0.035682 0.021439 0.010614
0.033727 0.022747 0.009901
0.036664 0.019126 0.032518
0.037957 0.017832 0.031067
0.039062 0.016728 0.029168
0.039880 0.015909 0.027000
0.040385 0.015405 0.024648
0.040556 0.015234 0.022201
0.040386 0.015405 0.019755
0.039882 0.015910 0.017403
0.039063 0.016729 0.015234
0.037961 0.017833 0.013334
0.036618 0.019177 0.011773
0.035086 0.020711 0.010614
0.033423 0.022377 0.009902
0.035600 0.018250 0.032521
0.036616 0.016729 0.031069
0.037483 0.015432 0.029168
0.038127 0.014468 0.027001
0.038523 0.013875 0.024649
0.038658 0.013675 0.022202
0.038524 0.013876 0.019756
0.038128 0.014469 0.017403
0.037485 0.015433 0.015234
0.036619 0.016730 0.013334
0.035564 0.018311 0.011773
0.034359 0.020115 0.010614
0.033053 0.022072 0.009902
0.031694 0.024108 0.009661
0.034384 0.017600 0.032522
0.035085 0.015910 0.031070
0.035682 0.014469 0.029170
0.036126 0.013399 0.027003
0.036400 0.012739 0.024651
0.036493 0.012517 0.022203
0.036401 0.012739 0.019757
0.036127 0.013399 0.017404
0.035684 0.014470 0.015234
0.035088 0.015912 0.013334
0.034360 0.017668 0.011774
0.033531 0.019672 0.010615
0.032631 0.021847 0.009902
0.033065 0.017200 0.032524
0.033422 0.015407 0.031072
0.033728 0.013877 0.029171
0.033955 0.012740 0.027005
0.034095 0.012041 0.024652
0.034143 0.011805 0.022204
0.034096 0.012041 0.019758
0.033956 0.012741 0.017405
0.033730 0.013878 0.015235
0.033425 0.015408 0.013334
0.033055 0.017272 0.011774
0.032631 0.019398 0.010614
0.032172 0.021707 0.009902
0.031693 0.017065 0.032527
0.031695 0.015237 0.031073
0.031696 0.013677 0.029173
0.031697 0.012518 0.027005
0.031698 0.011806 0.024652
0.031699 0.011566 0.022208
0.031699 0.011806 0.019759
0.031698 0.012519 0.017405
0.031698 0.013678 0.015235
0.031697 0.015238 0.013334
0.031697 0.017138 0.011774
0.031696 0.019308 0.010615
0.031695 0.021660 0.009902
0.030321 0.017200 0.032528
0.029967 0.015408 0.031074
0.029663 0.013878 0.029174
0.029439 0.012742 0.027006
0.029301 0.012043 0.024653
0.029254 0.011807 0.022206
0.029302 0.012043 0.019759
0.029441 0.012742 0.017405
0.029665 0.013879 0.015235
0.029970 0.015409 0.013335
0.030338 0.017273 0.011774
0.030760 0.019399 0.010615
0.031218 0.021708 0.009902
0.029001 0.017602 0.032527
0.028303 0.015913 0.031074
0.027709 0.014473 0.029174
0.027267 0.013403 0.027006
0.026995 0.012743 0.024653
0.026904 0.012521 0.022206
0.026995 0.012743 0.019758
0.027268 0.013403 0.017405
0.027711 0.014474 0.015236
0.028306 0.015914 0.013335
0.029033 0.017670 0.011774
0.029861 0.019673 0.010615
0.030760 0.021847 0.009902
0.027785 0.018254 0.032528
0.026772 0.016734 0.031075
0.025907 0.015438 0.029174
0.025265 0.014475 0.027006
0.024870 0.013881 0.024652
0.024737 0.013681 0.022206
0.024871 0.013882 0.019758
0.025267 0.014475 0.017405
0.025909 0.015438 0.015236
0.026775 0.016734 0.013335
0.027829 0.018314 0.011774
0.029032 0.020117 0.010615
0.030337 0.022073 0.009902
0.026719 0.019130 0.032528
0.025429 0.017838 0.031075
0.024328 0.016736 0.029175
0.023510 0.015917 0.027007
0.023007 0.015413 0.024653
0.022838 0.015242 0.022206
0.023008 0.015413 0.019759
0.023512 0.015917 0.017406
0.024330 0.016736 0.015236
0.025432 0.017838 0.013335
0.026774 0.019181 0.011774
0.028305 0.020714 0.010615
0.029967 0.022378 0.009902
0.025844 0.020198 0.032527
0.024326 0.019183 0.031075
0.023032 0.018317 0.029175
0.022070 0.017674 0.027007
0.021478 0.017278 0.024653
0.021278 0.017144 0.022207
0.021479 0.017278 0.019759
0.022072 0.017674 0.017406
0.023035 0.018317 0.015236
0.024330 0.019182 0.013335
0.025908 0.020238 0.011775
0.027708 0.021442 0.010615
0.029662 0.022748 0.009902
0.025195 0.021417 0.032525
0.023507 0.020717 0.031074
0.022069 0.020121 0.029175
0.020999 0.019679 0.027008
0.020341 0.019405 0.024655
0.020119 0.019314 0.022208
0.020342 0.019405 0.019760
0.021001 0.019678 0.017407
0.022071 0.020120 0.015237
0.023511 0.020716 0.013336
0.025264 0.021444 0.011775
0.027266 0.022272 0.010615
0.029437 0.023172 0.009902
0.024793 0.022738 0.032526
0.023001 0.022384 0.031076
0.021474 0.022079 0.029176
0.020338 0.021854 0.027009
0.019641 0.021715 0.024656
0.019406 0.021668 0.022209
0.019642 0.021714 0.019761
0.020341 0.021853 0.017407
0.021477 0.022077 0.015237
0.023006 0.022381 0.013336
0.024868 0.022750 0.011775
0.026992 0.023173 0.010616
0.029297 0.023631 0.009902
-0.032715 0.023408 0.035694
-0.034278 0.023409 0.035212
-0.035719 0.023410 0.034434
-0.036930 0.023410 0.033436
-0.032682 0.023726 0.035692
-0.034217 0.024033 0.035211
-0.035632 0.024316 0.034437
-0.036818 0.024553 0.033437
-0.032591 0.024033 0.035694
-0.034037 0.024633 0.035215
-0.035370 0.025187 0.034440
-0.036489 0.025651 0.033441
-0.032442 0.024314 0.035694
-0.033743 0.025186 0.035215
-0.034944 0.025990 0.034444
-0.035952 0.026664 0.033447
-0.032240 0.024561 0.035695
-0.033347 0.025670 0.035218
-0.034370 0.026694 0.034447
-0.035228 0.027553 0.033453
-0.031994 0.024765 0.035696
-0.032865 0.026069 0.035221
-0.033668 0.027272 0.034450
-0.034341 0.028280 0.033454
-0.031713 0.024915 0.035698
-0.032313 0.026364 0.035222
-0.032866 0.027701 0.034451
-0.033331 0.028822 0.033456
-0.031407 0.025008 0.035699
-0.031714 0.026547 0.035224
-0.031997 0.027966 0.034454
-0.032234 0.029155 0.033457
-0.031090 0.025040 0.035700
-0.031091 0.026608 0.035224
-0.031092 0.028055 0.034455
-0.031093 0.029267 0.033459
-0.030773 0.025008 0.035701
-0.030467 0.026547 0.035226
-0.030187 0.027965 0.034457
-0.029951 0.029154 0.033460
-0.030466 0.024915 0.035700
-0.029868 0.026364 0.035226
-0.029316 0.027700 0.034456
-0.028854 0.028821 0.033460
-0.030185 0.024764 0.035701
-0.029315 0.026068 0.035226
-0.028514 0.027271 0.034457
-0.027842 0.028279 0.033461
-0.029938 0.024561 0.035700
-0.028832 0.025670 0.035226
-0.027811 0.026692 0.034457
-0.026955 0.027550 0.033462
-0.029735 0.024314 0.035701
-0.028435 0.025185 0.035226
-0.027234 0.025988 0.034456
-0.026228 0.026661 0.033460
-0.029585 0.024032 0.035701
-0.028139 0.024631 0.035226
-0.026806 0.025184 0.034455
-0.025687 0.025647 0.033459
-0.029492 0.023725 0.035702
-0.027957 0.024031 0.035226
-0.026542 0.024312 0.034454
-0.025355 0.024549 0.033458
-0.029461 0.023407 0.035702
-0.027896 0.023406 0.035226
-0.026452 0.023406 0.034456
-0.025241 0.023406 0.033460
-0.029492 0.023089 0.035702
-0.027956 0.022782 0.035227
-0.026540 0.022499 0.034457
-0.025354 0.022262 0.033459
-0.029585 0.022782 0.035702
-0.028138 0.022182 0.035227
-0.026804 0.021628 0.034457
-0.025685 0.021164 0.033460
-0.029735 0.022500 0.035702
-0.028433 0.021628 0.035228
-0.027232 0.020824 0.034457
-0.026226 0.020151 0.033460
-0.029938 0.022254 0.035702
-0.028830 0.021144 0.035227
-0.027809 0.020120 0.034458
-0.026953 0.019262 0.033462
-0.030184 0.022050 0.035702
-0.029314 0.020746 0.035228
-0.028512 0.019542 0.034458
-0.027840 0.018534 0.033460
-0.030465 0.021900 0.035701
-0.029867 0.020450 0.035226
-0.029314 0.019113 0.034457
-0.028852 0.017993 0.033460
-0.030772 0.021806 0.035701
-0.030466 0.020267 0.035227
-0.030185 0.018848 0.034457
-0.029948 0.017659 0.033460
-0.031089 0.021775 0.035701
-0.031089 0.020206 0.035226
-0.031089 0.018759 0.034456
-0.031090 0.017546 0.033460
-0.031406 0.021806 0.035700
-0.031713 0.020267 0.035226
-0.031995 0.018848 0.034455
-0.032231 0.017660 0.033458
-0.031712 0.021900 0.035699
-0.032311 0.020451 0.035223
-0.032864 0.019114 0.034454
-0.033328 0.017993 0.033457
-0.031993 0.022051 0.035697
-0.032863 0.020746 0.035222
-0.033666 0.019543 0.034452
-0.034339 0.018535 0.033454
-0.032239 0.022255 0.035696
-0.033346 0.021146 0.035218
-0.034367 0.020122 0.034448
-0.035226 0.019264 0.033452
-0.032441 0.022502 0.035693
-0.033741 0.021630 0.035215
-0.034942 0.020827 0.034443
-0.035948 0.020154 0.033444
-0.031089 0.023408 0.035859
-0.032591 0.022784 0.035693
-0.034036 0.022185 0.035212
-0.035368 0.021632 0.034438
-0.036484 0.021169 0.033437
-0.032682 0.023091 0.035692
-0.034216 0.022785 0.035209
-0.035629 0.022504 0.034434
-0.036814 0.022267 0.033433
-0.038115 0.023411 0.032583
-0.039943 0.023411 0.031132
-0.041508 0.023411 0.029239
-0.042673 0.023411 0.027076
-0.043387 0.023411 0.024725
-0.043628 0.023412 0.022283
-0.043386 0.023411 0.019835
-0.042673 0.023410 0.017482
-0.041515 0.023409 0.015312
-0.039957 0.023408 0.013412
-0.038059 0.023407 0.011852
-0.035892 0.023407 0.010693
-0.033542 0.023406 0.009981
-0.037980 0.024784 0.032584
-0.039775 0.025141 0.031135
-0.041309 0.025446 0.029241
-0.042450 0.025671 0.027077
-0.043151 0.025811 0.024726
-0.043386 0.025858 0.022281
-0.043151 0.025811 0.019834
-0.042451 0.025670 0.017482
-0.041315 0.025444 0.015312
-0.039787 0.025138 0.013412
-0.037925 0.024767 0.011852
-0.035801 0.024343 0.010693
-0.033495 0.023883 0.009981
-0.037583 0.026105 0.032589
-0.039274 0.026805 0.031138
-0.040718 0.027403 0.029243
-0.041790 0.027846 0.027076
-0.042450 0.028119 0.024726
-0.042674 0.028212 0.022280
-0.042451 0.028119 0.019834
-0.041793 0.027844 0.017481
-0.040723 0.027400 0.015313
-0.039283 0.026803 0.013412
-0.037529 0.026074 0.011853
-0.035528 0.025244 0.010694
-0.033356 0.024343 0.009981
-0.036938 0.027323 0.032595
-0.038459 0.028339 0.031143
-0.039755 0.029205 0.029245
-0.040720 0.029849 0.027077
-0.041314 0.030245 0.024725
-0.041516 0.030379 0.022280
-0.041316 0.030244 0.019834
-0.040723 0.029848 0.017482
-0.039761 0.029203 0.015313
-0.038465 0.028336 0.013413
-0.036887 0.027279 0.011853
-0.035086 0.026073 0.010694
-0.033131 0.024766 0.009981
-0.036065 0.028390 0.032598
-0.037358 0.029682 0.031145
-0.038461 0.030785 0.029246
-0.039280 0.031604 0.027077
-0.039786 0.032109 0.024727
-0.039957 0.032279 0.022281
-0.039787 0.032108 0.019835
-0.039284 0.031603 0.017482
-0.038466 0.030783 0.015313
-0.037364 0.029679 0.013413
-0.036022 0.028335 0.011853
-0.034490 0.026801 0.010694
-0.032827 0.025136 0.009981
-0.035000 0.029265 0.032599
-0.036016 0.030785 0.031147
-0.036883 0.032081 0.029247
-0.037527 0.033045 0.027079
-0.037924 0.033639 0.024728
-0.038059 0.033839 0.022282
-0.037926 0.033638 0.019836
-0.037531 0.033044 0.017483
-0.036888 0.032079 0.015314
-0.036022 0.030782 0.013413
-0.034967 0.029201 0.011853
-0.033763 0.027397 0.010694
-0.032457 0.025441 0.009981
-0.033784 0.029914 0.032600
-0.034485 0.031604 0.031148
-0.035083 0.033045 0.029249
-0.035527 0.034116 0.027082
-0.035801 0.034776 0.024730
-0.035893 0.034998 0.022283
-0.035803 0.034775 0.019837
-0.035529 0.034114 0.017484
-0.035087 0.033043 0.015315
-0.034491 0.031601 0.013414
-0.033763 0.029845 0.011854
-0.032935 0.027841 0.010695
-0.032035 0.025666 0.009982
-0.032466 0.030315 0.032601
-0.032823 0.032108 0.031149
-0.033129 0.033638 0.029250
-0.033355 0.034775 0.027083
-0.033496 0.035475 0.024731
-0.033544 0.035710 0.022285
-0.033497 0.035474 0.019839
-0.033358 0.034774 0.017485
-0.033133 0.033636 0.015315
-0.032828 0.032105 0.013415
-0.032458 0.030240 0.011854
-0.032035 0.028114 0.010695
-0.031576 0.025805 0.009982
-0.031094 0.030449 0.032603
-0.031095 0.032277 0.031150
-0.031097 0.033838 0.029251
-0.031098 0.034997 0.027084
-0.031099 0.035710 0.024732
-0.031100 0.035953 0.022289
-0.031101 0.035709 0.019840
-0.031101 0.034996 0.017486
-0.031101 0.033836 0.015316
-0.031101 0.032275 0.013415
-0.031100 0.030374 0.011855
-0.031100 0.028206 0.010695
-0.031099 0.025852 0.009982
-0.029722 0.030314 0.032604
-0.029367 0.032106 0.031151
-0.029064 0.033636 0.029252
-0.028840 0.034774 0.027084
-0.028702 0.035474 0.024734
-0.028656 0.035709 0.022287
-0.028703 0.035473 0.019840
-0.028843 0.034772 0.017487
-0.029068 0.033634 0.015317
-0.029373 0.032104 0.013416
-0.029742 0.030239 0.011855
-0.030164 0.028113 0.010695
-0.030622 0.025805 0.009982
-0.028402 0.029913 0.032605
-0.027704 0.031602 0.031152
-0.027109 0.033042 0.029253
-0.026668 0.034113 0.027085
-0.026396 0.034773 0.024734
-0.026305 0.034995 0.022287
-0.026397 0.034772 0.019840
-0.026671 0.034111 0.017487
-0.027114 0.033040 0.015317
-0.027710 0.031599 0.013416
-0.028437 0.029843 0.011855
-0.029265 0.027839 0.010696
-0.030163 0.025665 0.009982
-0.027186 0.029262 0.032606
-0.026172 0.030782 0.031153
-0.025308 0.032078 0.029254
-0.024666 0.033041 0.027086
-0.024271 0.033634 0.024733
-0.024138 0.033835 0.022287
-0.024273 0.033634 0.019840
-0.024669 0.033040 0.017487
-0.025312 0.032076 0.015317
-0.026178 0.030779 0.013416
-0.027232 0.029199 0.011855
-0.028436 0.027396 0.010696
-0.029741 0.025440 0.009982
-0.026119 0.028387 0.032607
-0.024829 0.029679 0.031154
-0.023728 0.030781 0.029255
-0.022911 0.031600 0.027087
-0.022409 0.032103 0.024734
-0.022239 0.032273 0.022287
-0.022411 0.032102 0.019840
-0.022915 0.031598 0.017487
-0.023733 0.030778 0.015318
-0.024835 0.029675 0.013416
-0.026177 0.028332 0.011855
-0.027709 0.026799 0.010696
-0.029371 0.025135 0.009982
-0.025245 0.027319 0.032607
-0.023727 0.028334 0.031155
-0.022432 0.029200 0.029256
-0.021470 0.029843 0.027087
-0.020879 0.030239 0.024735
-0.020680 0.030373 0.022288
-0.020881 0.030238 0.019841
-0.021475 0.029841 0.017488
-0.022438 0.029197 0.015318
-0.023733 0.028331 0.013417
-0.025311 0.027275 0.011855
-0.027112 0.026071 0.010696
-0.029066 0.024764 0.009982
-0.024596 0.026101 0.032605
-0.022907 0.026800 0.031154
-0.021467 0.027397 0.029257
-0.020400 0.027839 0.027089
-0.019743 0.028113 0.024736
-0.019522 0.028203 0.022289
-0.019745 0.028112 0.019841
-0.020404 0.027838 0.017488
-0.021475 0.027394 0.015318
-0.022914 0.026798 0.013417
-0.024668 0.026070 0.011856
-0.026670 0.025241 0.010696
-0.028841 0.024341 0.009982
-0.024195 0.024779 0.032605
-0.022404 0.025135 0.031154
-0.020874 0.025440 0.029257
-0.019739 0.025665 0.027090
-0.019043 0.025804 0.024737
-0.018809 0.025851 0.022289
-0.019045 0.025803 0.019842
-0.019745 0.025663 0.017488
-0.020881 0.025437 0.015318
-0.022410 0.025133 0.013417
-0.024272 0.024763 0.011856
-0.026396 0.024340 0.010696
-0.028701 0.023882 0.009982
-0.024060 0.023405 0.032606
-0.022234 0.023405 0.031154
-0.020675 0.023404 0.029256
-0.019517 0.023404 0.027089
-0.018806 0.023404 0.024736
-0.018567 0.023405 0.022292
-0.018809 0.023403 0.019842
-0.019522 0.023403 0.017488
-0.020680 0.023402 0.015318
-0.022239 0.023403 0.013417
-0.024138 0.023403 0.011856
-0.026303 0.023404 0.010696
-0.028654 0.023404 0.009982
-0.024195 0.022031 0.032605
-0.022404 0.021675 0.031153
-0.020876 0.021369 0.029254
-0.019740 0.021144 0.027088
-0.019042 0.021004 0.024736
-0.018808 0.020957 0.022289
-0.019044 0.021003 0.019841
-0.019744 0.021142 0.017488
-0.020880 0.021368 0.015318
-0.022409 0.021673 0.013417
-0.024271 0.022043 0.011855
-0.026395 0.022467 0.010696
-0.028701 0.022927 0.009982
-0.024595 0.020710 0.032604
-0.022907 0.020010 0.031152
-0.021469 0.019412 0.029254
-0.020400 0.018969 0.027087
-0.019741 0.018695 0.024734
-0.019519 0.018603 0.022288
-0.019742 0.018694 0.019840
-0.020402 0.018968 0.017487
-0.021472 0.019411 0.015317
-0.022912 0.020008 0.013416
-0.024667 0.020736 0.011855
-0.026668 0.021566 0.010696
-0.028840 0.022468 0.009982
-0.025244 0.019492 0.032605
-0.023725 0.018476 0.031153
-0.022431 0.017609 0.029253
-0.021469 0.016965 0.027086
-0.020876 0.016569 0.024733
-0.020677 0.016434 0.022286
-0.020878 0.016568 0.019839
-0.021471 0.016964 0.017486
-0.022434 0.017608 0.015317
-0.023730 0.018475 0.013416
-0.025309 0.019531 0.011855
-0.027111 0.020737 0.010695
-0.029065 0.022045 0.009982
-0.026118 0.018425 0.032606
-0.024827 0.017132 0.031153
-0.023726 0.016029 0.029253
-0.022908 0.015209 0.027086
-0.022404 0.014704 0.024732
-0.022235 0.014534 0.022286
-0.022406 0.014704 0.019839
-0.022910 0.015209 0.017486
-0.023729 0.016028 0.015316
-0.024831 0.017131 0.013415
-0.026174 0.018475 0.011854
-0.027706 0.020009 0.010695
-0.029370 0.021675 0.009982
-0.027183 0.017550 0.032605
-0.026169 0.016029 0.031152
-0.025304 0.014732 0.029252
-0.024661 0.013769 0.027085
-0.024266 0.013175 0.024732
-0.024132 0.012974 0.022285
-0.024267 0.013175 0.019838
-0.024663 0.013768 0.017485
-0.025307 0.014732 0.015316
-0.026173 0.016029 0.013415
-0.027229 0.017609 0.011854
-0.028433 0.019413 0.010695
-0.029739 0.021370 0.009982
-0.031098 0.023406 0.009741
-0.028399 0.016900 0.032604
-0.027700 0.015210 0.031151
-0.027104 0.013769 0.029252
-0.026662 0.012698 0.027085
-0.026389 0.012038 0.024732
-0.026298 0.011816 0.022285
-0.026390 0.012038 0.019838
-0.026664 0.012698 0.017485
-0.027108 0.013769 0.015315
-0.027705 0.015210 0.013415
-0.028433 0.016966 0.011854
-0.029262 0.018970 0.010695
-0.030162 0.021144 0.009982
-0.029718 0.016499 0.032604
-0.029363 0.014706 0.031151
-0.029058 0.013176 0.029252
-0.028834 0.012039 0.027084
-0.028695 0.011339 0.024732
-0.028648 0.011104 0.022285
-0.028696 0.011339 0.019838
-0.028836 0.012039 0.017485
-0.029062 0.013176 0.015315
-0.029367 0.014706 0.013414
-0.029738 0.016570 0.011854
-0.030161 0.018696 0.010694
-0.030621 0.021005 0.009982
-0.031091 0.016364 0.032604
-0.031091 0.014536 0.031151
-0.031091 0.012976 0.029251
-0.031091 0.011817 0.027084
-0.031092 0.011104 0.024731
-0.031093 0.010864 0.022287
-0.031093 0.011104 0.019838
-0.031093 0.011817 0.017484
-0.031094 0.012976 0.015315
-0.031095 0.014536 0.013414
-0.031096 0.016436 0.011853
-0.031097 0.018605 0.010694
-0.031098 0.020958 0.009982
-0.032462 0.016499 0.032602
-0.032818 0.014707 0.031150
-0.033123 0.013176 0.029250
-0.033349 0.012040 0.027083
-0.033489 0.011340 0.024730
-0.033536 0.011105 0.022283
-0.033490 0.011341 0.019837
-0.033351 0.012040 0.017484
-0.033127 0.013177 0.015314
-0.032823 0.014707 0.013414
-0.032454 0.016571 0.011853
-0.032032 0.018697 0.010694
-0.031574 0.021005 0.009981
-0.033781 0.016901 0.032600
-0.034481 0.015211 0.031148
-0.035078 0.013770 0.029249
-0.035521 0.012700 0.027082
-0.035795 0.012041 0.024729
-0.035887 0.011818 0.022282
-0.035796 0.012041 0.019835
-0.035523 0.012700 0.017483
-0.035081 0.013771 0.015313
-0.034486 0.015212 0.013413
-0.033759 0.016968 0.011853
-0.032932 0.018971 0.010694
-0.032033 0.021145 0.009981
-0.034997 0.017551 0.032599
-0.036013 0.016030 0.031148
-0.036879 0.014734 0.029248
-0.037523 0.013771 0.027080
-0.037919 0.013178 0.024728
-0.038054 0.012978 0.022281
-0.037920 0.013179 0.019835
-0.037525 0.013772 0.017482
-0.036882 0.014735 0.015313
-0.036017 0.016032 0.013412
-0.034963 0.017612 0.011852
-0.033760 0.019414 0.010694
-0.032456 0.021371 0.009981
-0.036062 0.018427 0.032597
-0.037355 0.017134 0.031145
-0.038458 0.016031 0.029247
-0.039277 0.015213 0.027079
-0.039782 0.014709 0.024726
-0.039952 0.014539 0.022280
-0.039783 0.014709 0.019834
-0.039279 0.015214 0.017481
-0.038461 0.016032 0.015312
-0.037360 0.017135 0.013412
-0.036018 0.018478 0.011852
-0.034488 0.020011 0.010693
-0.032826 0.021676 0.009981
-0.036935 0.019495 0.032593
-0.038457 0.018479 0.031143
-0.039754 0.017612 0.029245
-0.040718 0.016969 0.027078
-0.041312 0.016574 0.024726
-0.041512 0.016440 0.022280
-0.041312 0.016574 0.019833
-0.040719 0.016970 0.017481
-0.039757 0.017613 0.015312
-0.038462 0.018479 0.013412
-0.036884 0.019535 0.011852
-0.035084 0.020740 0.010693
-0.033130 0.022046 0.009981
-0.037578 0.020715 0.032584
-0.039270 0.020015 0.031135
-0.040717 0.019417 0.029243
-0.041789 0.018974 0.027078
-0.042451 0.018700 0.024727
-0.042671 0.018609 0.022280
-0.042449 0.018701 0.019833
-0.041790 0.018975 0.017481
-0.040720 0.019417 0.015312
-0.039281 0.020013 0.013412
-0.037528 0.020741 0.011852
-0.035527 0.021569 0.010694
-0.033356 0.022469 0.009981
-0.037977 0.022037 0.032580
-0.039772 0.021681 0.031132
-0.041309 0.021375 0.029241
-0.042449 0.021150 0.027076
-0.043150 0.021010 0.024726
-0.043385 0.020963 0.022280
-0.043149 0.021010 0.019834
-0.042450 0.021149 0.017481
-0.041314 0.021374 0.015312
-0.039786 0.021678 0.013412
-0.037924 0.022048 0.011852
-0.035801 0.022470 0.010693
-0.033495 0.022929 0.009981
3 3 1 0
3 7 5 4
3 12 14 13
3 16 18 17
3 31 29 28
3 35 33 32
3 36 38 37
3 20 22 19
3 24 26 23
3 40 42 41
3 47 45 44
3 51 49 48
3 52 54 53
3 59 57 56
3 28 61 60
3 65 63 62
3 66 5 67
3 71 69 68
3 75 73 72
3 76 78 77
3 80 82 81
3 58 85 84
3 87 89 88
3 95 93 92
3 99 97 96
3 100 102 101
3 105 33 86
3 107 114 106
3 116 35 117
3 123 125 124
3 130 128 127
3 131 133 132
3 141 139 138
3 147 59 146
3 143 126 123
3 148 150 149
3 155 153 152
3 158 157 156
3 115 163 104
3 170 168 167
3 173 172 171
3 178 180 179
3 185 187 186
3 193 195 194
3 198 138 197
3 205 207 206
3 212 210 209
3 201 213 200
3 95 215 53
3 91 42 43
3 96 245 99
3 249 228 227
3 251 57 252
3 257 255 254
3 259 228 258
3 109 111 112
3 113 262 108
3 264 266 265
3 55 269 268
3 273 248 249
3 184 62 63
3 279 277 275
3 284 282 156
3 287 210 211
3 140 91 45
3 288 174 175
3 147 104 105
3 311 169 170
3 237 41 42
3 317 159 316
3 309 307 306
3 240 324 323
3 159 239 316
3 46 306 307
3 107 314 163
3 344 85 118
3 347 349 348
3 355 357 356
3 354 352 351
3 362 31 361
3 148 149 175
3 363 252 364
3 365 367 366
3 182 370 62
3 162 160 159
3 208 100 207
3 377 164 165
3 378 380 379
3 382 2 3
3 283 385 384
3 386 388 387
3 390 228 248
3 72 396 395
3 404 406 405
3 202 410 409
3 413 412 411
3 0 356 3
3 276 130 274
3 253 56 57
3 357 414 350
3 416 385 407
3 400 191 419
3 418 126 142
3 420 181 421
3 102 301 408
3 427 367 173
3 379 358 355
3 61 265 322
3 139 430 429
3 356 350 347
3 355 378 379
3 414 402 433
3 436 435 434
3 437 439 438
3 187 449 448
3 451 453 452
3 264 180 420
3 223 63 224
3 236 212 426
3 274 127 457
3 280 459 458
3 49 78 460
3 72 281 280
3 467 465 464
3 389 351 358
3 481 483 482
3 488 486 485
3 492 494 493
3 471 469 468
3 501 499 498
3 219 221 222
3 511 142 65
3 517 510 79
3 512 229 285
3 204 30 243
3 188 450 187
3 162 531 7
3 532 224 250
3 445 446 411
3 334 539 333
3 543 545 544
3 328 290 291
3 198 261 237
3 384 415 549
3 531 190 246
3 362 117 242
3 235 236 249
3 577 579 578
3 572 570 569
3 560 561 271
3 240 258 239
3 589 591 590
3 544 594 593
3 502 154 503
3 605 623 622
3 477 479 478
3 645 647 646
3 589 688 683
3 563 650 649
3 727 183 726
3 713 715 714
3 691 574 692
3 540 580 577
3 345 247 399
3 160 229 159
3 127 93 94
3 697 703 702
3 573 575 574
3 289 400 327
3 629 724 725
3 732 734 733
3 754 495 492
3 758 480 759
3 756 761 760
3 763 465 466
3 767 3807 3808
3 758 487 488
3 491 474 770
3 473 768 472
3 772 464 771
3 770 485 482
3 483 774 490
3 773 488 485
3 494 763 755
3 494 760 493
3 136 783 135
3 324 796 546
3 164 50 51
3 368 28 369
3 729 567 568
3 89 300 88
3 242 515 241
3 799 805 804
3 816 807 815
3 815 822 821
3 305 446 806
3 814 808 807
3 828 827 824
3 725 500 501
3 273 423 422
3 878 880 879
3 883 878 884
3 218 216 210
3 905 903 896
3 454 204 541
3 897 829 828
3 902 879 880
3 905 896 897
3 376 518 164
3 922 947 945
3 945 950 949
3 3518 738 3516
3 899 885 879
3 224 64 143
3 181 441 421
3 808 946 823
3 953 961 960
3 926 964 965
3 884 879 885
3 924 965 966
3 342 340 339
3 964 970 967
3 967 969 968
3 971 968 972
3 962 980 977
3 335 337 338
3 991 826 827
3 809 995 958
3 1006 1001 1007
3 1011 826 1008
3 1010 1006 1007
3 293 291 290
3 906 919 918
3 1016 1018 1017
3 1019 1021 1020
3 1034 1019 1043
3 1060 1046 1045
3 1062 1045 1061
3 1043 1020 1044
3 1101 1096 1108
3 1115 1117 1116
3 1015 1013 1012
3 880 903 902
3 815 1126 816
3 1093 948 1096
3 513 166 514
3 145 80 81
3 1132 1129 1128
3 1101 1125 821
3 821 1115 815
3 1144 1147 1135
3 1075 1150 1068
3 1147 1085 1086
3 1108 1113 1135
3 1153 1155 1154
3 1152 966 1155
3 3463 462 3713
3 1143 1151 1150
3 1155 1162 1161
3 1163 1168 1164
3 1144 1175 1146
3 1113 1153 1170
3 1182 1163 1176
3 1183 1176 1184
3 1068 1061 1063
3 1022 1193 1021
3 1161 1169 1168
3 1194 1184 1190
3 1182 1175 1154
3 1200 1151 1195
3 1060 1200 1201
3 3824 842 3835
3 1202 1194 1033
3 1201 1183 1194
3 1217 1202 1216
3 1059 1201 1202
3 1224 1216 1218
3 670 693 669
3 1218 1023 1034
3 1216 1033 1023
3 1225 1014 1226
3 1242 1233 1232
3 1230 1228 1227
3 846 1232 842
3 842 1243 877
3 1232 1244 1243
3 1922 232 215
3 2099 498 499
3 3913 2134 3899
3 60 322 504
3 209 216 456
3 1298 1308 1299
3 3862 1230 3861
3 1065 1320 1321
3 1321 1227 1228
3 1059 1320 1046
3 1324 1322 1309
3 1243 1331 1329
3 1289 1241 1287
3 1336 1338 1337
3 1329 1339 1338
3 1340 1244 1293
3 1341 1331 1340
3 1342 1340 1343
3 1343 1293 1292
3 3856 1344 1345
3 1346 1341 1342
3 3855 1294 1344
3 1348 1347 1346
3 3860 1346 3852
3 3852 1342 3856
3 905 828 1352
3 904 1352 1353
3 864 1354 1356
3 1354 828 824
3 1356 824 825
3 1355 1352 1354
3 3833 1337 3832
3 865 1355 864
3 1357 1353 1355
3 3827 1336 3833
3 837 1011 840
3 1362 1337 1338
3 1367 1338 1339
3 1347 1339 1341
3 1370 3823 3828
3 523 525 522
3 527 529 526
3 1371 1368 1370
3 534 536 537
3 1366 1347 1349
3 1369 1358 1368
3 1368 3832 3823
3 1372 902 903
3 554 556 557
3 1373 909 1372
3 1372 904 1374
3 1373 1374 1375
3 1374 1353 1369
3 1377 907 1376
3 375 650 1386
3 1387 972 968
3 585 587 584
3 1389 1387 1390
3 1390 968 969
3 596 598 595
3 599 601 602
3 1391 969 978
3 607 609 606
3 611 522 610
3 613 615 612
3 616 24 23
3 619 621 618
3 1396 1390 1391
3 1397 1391 1398
3 1399 919 1377
3 1401 1164 1168
3 635 637 634
3 929 1401 928
3 640 642 643
3 928 1168 1169
3 1403 1402 1401
3 1410 1364 1405
3 1411 1414 1413
3 651 653 654
3 608 656 657
3 658 660 661
3 557 585 584
3 664 666 663
3 1412 1405 1411
3 1417 3809 3812
3 1416 1370 1415
3 1415 3828 3809
3 1418 1415 1417
3 1385 1373 1419
3 676 678 675
3 1384 1419 1420
3 1419 1375 1421
3 684 686 687
3 1420 1421 1422
3 527 690 657
3 1421 1371 1416
3 1017 746 1424
3 698 700 701
3 1423 578 1016
3 3662 1766 3659
3 699 710 711
3 1092 3753 1570
3 716 529 718
3 720 722 719
3 703 3542 3553
3 18 1425 1429
3 1428 1426 1425
3 1657 3541 3543
3 1438 1433 1437
3 1436 1434 1433
3 1425 1432 1431
3 1441 1431 1439
3 741 743 744
3 1431 1440 1439
3 750 752 749
3 1437 1402 1404
3 1445 1443 1442
3 1446 1445 1442
3 3859 1442 3847
3 1414 1444 1445
3 1413 1445 1447
3 2172 468 469
3 776 778 685
3 779 781 782
3 1675 1805 1674
3 3858 1348 3860
3 788 790 787
3 744 792 741
3 651 794 652
3 1454 1456 1455
3 1453 1349 1451
3 609 801 800
3 3830 697 702
3 1351 1044 1350
3 1014 1458 1459
3 810 812 813
3 2117 3816 2116
3 818 820 817
3 1465 1193 1189
3 1466 1464 1465
3 1181 1467 1466
3 831 832 830
3 834 836 833
3 1466 1189 1181
3 1468 1443 1444
3 839 711 689
3 1452 1468 1453
3 598 844 845
3 1225 3848 3854
3 850 852 849
3 854 855 853
3 857 859 856
3 860 862 863
3 1013 3854 3857
3 866 867 868
3 869 871 872
3 873 875 876
3 1309 1470 1308
3 1475 1426 1474
3 1460 1474 1459
3 886 888 889
3 787 891 890
3 893 895 892
3 1459 1226 1014
3 900 523 611
3 1464 1476 1463
3 1864 3499 1863
3 910 912 913
3 915 917 914
3 1849 3506 1850
3 920 894 893
3 1478 1435 1477
3 925 666 600
3 1480 562 1479
3 268 83 1481
3 930 932 915
3 933 613 868
3 935 687 936
3 937 661 938
3 1483 121 122
3 940 834 833
3 319 508 509
3 1848 3504 1849
3 83 1483 82
3 1486 1487 538
3 1756 3501 3508
3 364 1490 363
3 460 79 510
3 116 361 1495
3 1493 540 1494
3 925 956 957
3 1476 1432 1475
3 1708 1584 1699
3 118 1495 344
3 270 503 155
3 510 188 185
3 344 1491 364
3 254 343 253
3 56 298 131
3 1500 267 1499
3 266 1498 144
3 973 975 976
3 1677 1692 1675
3 3845 1806 3839
3 556 662 557
3 982 983 984
3 1442 3848 3847
3 420 267 264
3 988 990 987
3 1489 417 1503
3 278 308 309
3 996 675 678
3 997 998 874
3 1503 37 1504
3 1505 1506 1485
3 359 1507 1505
3 1505 206 359
3 938 1005 937
3 269 1482 268
3 65 545 511
3 1009 792 934
3 366 436 1508
3 243 362 242
3 1669 3533 1668
3 208 1509 225
3 234 1511 1510
3 1510 233 234
3 387 425 424
3 426 249 236
3 160 520 230
3 99 44 43
3 1024 607 1026
3 1028 1030 1027
3 938 1032 1031
3 40 593 98
3 1035 782 1036
3 701 1037 1038
3 1039 1041 1042
3 361 368 1492
3 186 476 185
3 69 538 197
3 1510 1520 233
3 1048 602 1047
3 612 868 613
3 859 1050 856
3 1004 1052 1005
3 752 1055 1053
3 1056 1058 1054
3 292 1521 291
3 287 1520 1521
3 291 1522 328
3 330 1507 1523
3 305 452 304
3 99 40 98
3 461 77 78
3 329 1523 461
3 634 1067 635
3 1484 1525 1527
3 205 1527 1509
3 1069 1071 830
3 941 1072 1073
3 915 1074 916
3 439 1529 438
3 156 1513 284
3 1528 4 1529
3 370 545 62
3 789 662 790
3 1076 856 1077
3 1402 1434 1164
3 1079 1081 1078
3 530 1528 439
3 20 1083 1084
3 271 1530 560
3 136 395 396
3 689 801 690
3 334 3566 580
3 1089 1028 1090
3 1091 793 1041
3 1532 136 137
3 660 1094 1095
3 68 444 71
3 1098 1100 1097
3 37 1535 1504
3 1103 1105 1102
3 851 1107 852
3 1376 908 1385
3 290 410 293
3 315 515 32
3 538 1532 533
3 1504 315 312
3 1109 1111 1112
3 1538 459 263
3 521 1536 1538
3 833 1119 1118
3 1121 1123 1120
3 611 1040 900
3 934 614 613
3 275 129 130
3 1685 3521 1684
3 192 1540 272
3 230 1539 286
3 555 981 556
3 364 84 344
3 189 317 1540
3 1809 3573 3527
3 3923 3511 3790
3 1131 984 1130
3 207 101 131
3 1133 661 660
3 1490 79 76
3 428 1541 146
3 1136 914 917
3 171 427 173
3 1138 1140 1141
3 548 53 54
3 1516 1517 295
3 975 1145 937
3 833 983 940
3 1542 285 114
3 1543 238 512
3 132 1543 1541
3 505 256 257
3 419 327 400
3 1157 1159 1156
3 586 1102 587
3 1512 1513 150
3 606 1026 607
3 303 1544 302
3 363 76 505
3 68 197 138
3 1005 975 937
3 699 1111 700
3 3876 3524 3786
3 1165 656 655
3 1166 857 1076
3 1299 3523 1298
3 1171 1173 1174
3 217 199 216
3 1178 1180 1177
3 371 96 97
3 88 226 87
3 1185 1187 1188
3 171 1516 1548
3 1481 80 1497
3 1089 1192 1029
3 393 352 1550
3 525 1197 1196
3 810 857 811
3 1198 1025 1024
3 605 696 695
3 1203 1205 742
3 1206 522 525
3 1208 866 612
3 913 684 935
3 1477 1440 1476
3 1028 1160 1090
3 1210 1212 1213
3 3857 1450 3858
3 843 1215 844
3 422 272 273
3 1219 1221 1082
3 21 1223 22
3 881 896 880
3 1518 172 386
3 1188 1231 1177
3 348 549 415
3 1070 1235 1071
3 1236 1238 744
3 1220 1188 1239
3 1509 1511 332
3 938 1240 1004
3 1555 4 66
3 1552 393 1550
3 403 66 346
3 1246 1248 1245
3 141 237 91
3 1250 634 1249
3 849 1252 850
3 1253 1076 1254
3 56 132 428
3 442 551 550
3 1186 1174 1187
3 1255 830 832
3 431 381 382
3 740 746 745
3 433 350 414
3 348 382 347
3 250 1480 1479
3 394 351 352
3 1517 1549 1550
3 1557 377 339
3 108 313 314
3 284 1512 406
3 394 392 391
3 201 409 1557
3 416 404 431
3 1245 1257 1246
3 2 296 1
3 1258 1260 1261
3 402 346 283
3 954 952 951
3 461 50 329
3 1095 686 1262
3 428 59 56
3 895 1264 931
3 1266 1267 1265
3 422 326 419
3 36 179 39
3 19 1186 1185
3 1255 1070 1069
3 154 155 503
3 1187 1268 1231
3 1235 1270 1261
3 1271 534 620
3 564 462 463
3 1272 744 1238
3 875 1254 1273
3 315 163 314
3 436 502 1508
3 193 1494 196
3 1274 863 862
3 623 630 629
3 1276 1136 1277
3 568 566 565
3 1480 124 365
3 323 546 325
3 1278 1106 1279
3 1524 328 1522
3 1280 1136 917
3 170 1552 1551
3 1487 395 1532
3 1556 1561 1558
3 1281 1205 1204
3 1052 1277 1280
3 777 606 1282
3 712 3565 3568
3 250 143 123
3 3 347 382
3 708 706 705
3 727 44 245
3 260 1562 543
3 788 1286 789
3 73 262 281
3 402 384 433
3 1177 1239 1188
3 1222 1288 1223
3 157 149 150
3 1219 1185 1220
3 295 353 432
3 783 1537 1565
3 1180 1290 1221
3 1268 1256 1245
3 1565 437 398
3 135 1565 1563
3 1562 168 1564
3 106 108 107
3 1296 1297 1295
3 1463 1475 1460
3 1519 506 507
3 1300 1302 1303
3 1305 1307 1304
3 174 1531 271
3 1531 199 200
3 1310 1311 1312
3 871 1314 1315
3 1316 1317 1318
3 3835 877 3827
3 1304 863 1275
3 1039 862 1319
3 1563 398 168
3 591 1574 590
3 590 1087 688
3 1580 1582 1581
3 1195 1146 1175
3 709 582 712
3 284 407 385
3 952 960 962
3 1593 1588 1592
3 1584 1586 1585
3 1591 1589 1588
3 3884 943 3898
3 1599 1597 1596
3 1603 1601 1600
3 1398 978 979
3 1588 1595 1594
3 1609 1607 1606
3 297 360 359
3 550 275 276
3 1626 3813 3818
3 858 817 859
3 1077 1327 1328
3 1554 1529 1555
3 571 679 680
3 771 775 773
3 976 917 916
3 403 391 392
3 1053 749 752
3 1643 1642 1641
3 931 1081 932
3 1066 1333 1067
3 1539 263 113
3 596 642 1335
3 470 761 469
3 1641 3830 3841
3 1643 3841 3842
3 922 949 926
3 95 547 94
3 519 521 520
3 444 442 441
3 848 847 841
3 479 754 492
3 1645 480 1638
3 310 1566 169
3 463 3496 3494
3 3496 1360 3494
3 233 235 234
3 189 191 190
3 152 151 148
3 230 285 229
3 1551 1550 1549
3 759 1647 487
3 3831 1648 3829
3 827 825 824
3 51 165 164
3 1662 1660 1659
3 286 114 285
3 667 669 668
3 633 639 638
3 552 558 553
3 117 32 515
3 491 490 489
3 3551 1650 3552
3 581 583 582
3 383 391 414
3 1380 1382 1379
3 1561 434 435
3 951 950 946
3 3528 582 583
3 1659 1666 1665
3 1393 1395 1392
3 1659 1663 1662
3 1670 1668 1667
3 1623 1672 1671
3 1406 1408 1409
3 1676 1674 1673
3 1612 1676 1624
3 1678 1675 1676
3 1625 3810 3813
3 533 197 538
3 175 149 158
3 802 733 799
3 399 190 191
3 64 142 143
3 3525 1655 3539
3 401 156 282
3 628 626 625
3 460 48 49
3 757 494 755
3 795 785 784
3 405 1512 1559
3 341 165 166
3 1693 1657 1694
3 1691 1693 1695
3 3556 1651 3551
3 3920 1702 3922
3 325 301 89
3 3915 1701 1705
3 3918 1697 1700
3 1698 3926 3917
3 1556 1559 1560
3 1126 1116 1127
3 399 288 345
3 1705 1706 1707
3 1706 1598 1599
3 1708 1707 1587
3 1713 1710 1712
3 3918 1708 1699
3 1703 1576 1702
3 1715 1712 1714
3 1558 1548 296
3 1721 1719 1718
3 1334 595 1488
3 409 376 377
3 972 1162 971
3 167 398 397
3 1570 1088 1092
3 1571 681 1570
3 748 646 753
3 1729 1722 1728
3 1593 1728 1591
3 1728 1590 1591
3 1730 1729 1582
3 1383 1376 1378
3 1731 1711 1713
3 1723 1730 1731
3 1711 1730 1579
3 1721 1731 1732
3 1720 1732 1733
3 1733 1715 1716
3 1734 1735 1696
3 1732 1713 1715
3 1662 1740 1667
3 1741 1739 1742
3 1737 1736 1734
3 1664 1665 1739
3 1664 1743 1663
3 1724 1745 1744
3 1590 1744 1589
3 1589 1746 1595
3 1744 1747 1746
3 1658 3537 3541
3 3286 3544 3281
3 1184 1181 1189
3 1663 1748 1740
3 1740 1738 1737
3 1745 1742 1747
3 1725 1741 1745
3 1152 923 924
3 1114 1152 1153
3 1653 3574 1654
3 1895 3548 1685
3 1719 1743 1725
3 1720 1748 1719
3 1749 1700 1697
3 1696 1749 1695
3 1150 1062 1061
3 1750 1669 1670
3 1694 1751 1750
3 960 985 980
3 1769 1767 1766
3 1765 1592 1764
3 1730 1578 1579
3 1578 1773 1577
3 3927 1770 3928
3 1763 3927 3916
3 1776 1774 1773
3 3761 1698 1699
3 1003 1127 1002
3 1773 1770 1771
3 986 1398 979
3 1577 1771 1763
3 1782 1780 1777
3 1596 1769 1766
3 638 3894 3883
3 3927 1768 1769
3 1792 1788 1787
3 3928 1797 1768
3 3507 3772 1805
3 1801 3923 3921
3 1787 1793 1792
3 1792 1794 1775
3 3772 1674 1805
3 1583 1782 1788
3 1770 3919 3928
3 1800 1797 1799
3 1767 1797 1798
3 1774 1796 1770
3 507 514 1519
3 1795 1801 1796
3 1799 3919 3921
3 1793 1803 1794
3 3531 1751 3546
3 484 1806 774
3 3808 1639 767
3 3836 1809 1652
3 484 1639 1807
3 1689 3769 3771
3 486 1647 1810
3 3838 1815 3821
3 3837 1647 3829
3 3838 1810 3837
3 1811 486 1810
3 1640 766 767
3 464 754 775
3 766 3822 3807
3 3821 3825 3846
3 1808 1814 766
3 3836 1650 3839
3 674 3540 3495
3 1813 1821 1820
3 1820 3820 3819
3 1823 1648 1824
3 1826 1849 1804
3 1667 1661 1662
3 1778 1847 1827
3 1789 1804 1793
3 1832 1852 1851
3 3520 692 574
3 1613 1615 1616
3 1851 3497 3500
3 1619 1621 1622
3 1854 1573 1860
3 1846 3500 3512
3 1765 1854 1781
3 1628 1630 1627
3 1632 1633 1631
3 1634 1636 1637
3 1847 1851 1846
3 1854 1862 1861
3 1802 1866 1801
3 1861 1830 1831
3 1781 1861 1780
3 3921 1864 1799
3 1872 1869 1868
3 1873 798 803
3 2044 3896 2043
3 1218 1294 1224
3 1614 1395 1394
3 3883 1876 1875
3 644 3785 3558
3 1344 1034 1345
3 633 3883 3879
3 14 1326 13
3 3909 1877 1892
3 1893 604 1892
3 3505 626 692
3 3559 644 3558
3 339 453 1557
3 1896 194 1897
3 1888 1876 1889
3 1900 128 1899
3 195 753 231
3 1704 3920 3915
3 339 165 342
3 1569 562 560
3 1903 193 1896
3 1780 1831 1779
3 1904 54 1905
3 999 994 995
3 985 919 986
3 1190 1189 1193
3 2093 2074 2092
3 1919 1918 1914
3 452 1911 1910
3 1914 1917 1915
3 3881 2105 3900
3 1654 3530 1867
3 1915 1925 1924
3 703 3560 702
3 277 1924 1899
3 3564 1817 1819
3 1096 1114 1113
3 1926 726 1922
3 3577 3653 3757
3 1919 306 1928
3 1928 47 727
3 502 1496 1508
3 1901 786 795
3 1815 3819 3825
3 1924 1922 1923
3 1534 1567 1533
3 253 257 254
3 1508 365 366
3 118 34 35
3 218 292 293
3 140 46 430
3 541 243 244
3 1939 429 430
3 1778 1826 1789
3 1700 3914 3918
3 1660 3514 1666
3 269 753 646
3 196 748 195
3 1726 1211 1210
3 52 231 753
3 1464 1478 1477
3 1283 3853 1292
3 1950 411 412
3 167 1553 1552
3 1485 205 206
3 505 77 360
3 993 1006 992
3 950 962 963
3 1012 3860 1350
3 3825 1819 1817
3 1497 1953 1481
3 298 542 131
3 1753 1755 1752
3 1680 1682 1681
3 1695 1694 1696
3 12 737 736
3 472 474 473
3 481 767 1639
3 203 29 204
3 1760 819 818
3 610 1124 611
3 1500 1907 1908
3 1073 710 698
3 1959 81 82
3 119 1959 122
3 34 86 33
3 1772 1024 1030
3 1964 1568 1534
3 493 470 478
3 1965 1968 1967
3 445 1970 1966
3 173 124 125
3 1579 1577 1576
3 1784 1786 1783
3 1971 303 304
3 1253 874 998
3 1972 341 513
3 320 1972 508
3 1909 274 1906
3 508 513 507
3 1485 1526 1484
3 1973 803 1974
3 1976 1973 1977
3 1979 1965 1980
3 378 1 294
3 1717 1709 1700
3 883 991 882
3 1679 1677 1678
3 901 524 523
3 343 255 298
3 134 136 135
3 235 227 332
3 447 1966 1965
3 588 603 583
3 909 907 906
3 1980 1967 1986
3 1981 1986 1978
3 1987 1986 1988
3 1989 1988 1990
3 1990 1992 1991
3 321 319 318
3 991 829 882
3 1143 1085 1142
3 1994 1977 1993
3 1132 1117 1125
3 1996 1993 1995
3 869 1334 1488
3 804 1981 1997
3 726 1999 1998
3 1995 1987 1989
3 1993 1978 1987
3 1828 791 1272
3 1829 940 982
3 797 799 798
3 728 730 729
3 2010 2022 2021
3 1833 845 1158
3 401 283 346
3 2021 2023 2024
3 1837 988 987
3 809 951 808
3 1822 1839 643
3 1429 1431 1430
3 1214 1840 1078
3 148 175 176
3 1315 872 871
3 2111 1383 2105
3 1841 1843 1844
3 1158 844 1159
3 836 1845 1119
3 1970 2029 2026
3 516 369 188
3 857 832 811
3 1470 2026 1887
3 3550 625 626
3 2173 769 489
3 934 1853 1009
3 1612 1610 1617
3 1230 1224 1294
3 1855 890 891
3 1299 747 740
3 1149 1857 1858
3 1642 695 1641
3 1214 1263 1215
3 1319 901 900
3 1955 1943 1959
3 2030 668 1473
3 2033 1309 1298
3 1878 1655 1656
3 39 241 38
3 1991 2038 1455
3 887 956 888
3 1881 1995 1989
3 1077 1254 1076
3 1870 1191 1089
3 293 217 218
3 1322 2025 1470
3 122 82 1483
3 1323 2040 1322
3 383 358 351
3 1323 2037 2035
3 1882 1884 1828
3 286 113 106
3 1095 1133 660
3 914 930 915
3 805 1980 1981
3 3532 583 603
3 1424 2041 1017
3 1017 1947 1016
3 3561 739 3518
3 1947 648 645
3 1880 1989 1990
3 1899 129 277
3 991 993 992
3 922 924 923
3 3877 2046 3875
3 1642 624 605
3 2049 2050 2048
3 2044 1403 2046
3 3875 944 3884
3 1138 1078 1840
3 1036 891 981
3 2054 2056 2055
3 1197 717 716
3 1618 1611 1610
3 2057 1605 2058
3 2058 1606 2057
3 2057 1623 1604
3 70 178 36
3 404 1556 381
3 975 1005 976
3 321 1971 1910
3 2060 2062 2061
3 2065 2066 1824
3 2051 2063 2050
3 1608 2065 1646
3 1514 151 1515
3 1008 992 1006
3 1643 3814 2117
3 278 1915 277
3 1284 3861 1283
3 1646 1824 1648
3 2055 2066 2064
3 318 1952 1951
3 666 1912 1913
3 2069 624 2047
3 2051 2054 2062
3 2037 1654 1457
3 1605 2072 2071
3 1234 1269 1235
3 2071 2074 2073
3 2058 2071 2061
3 2073 2076 2075
3 1600 2077 2072
3 2048 1642 1644
3 999 1000 993
3 1088 683 688
3 1930 1305 1929
3 1461 1020 1021
3 1931 1933 1934
3 874 1845 997
3 1935 1936 1937
3 43 45 91
3 1533 1955 119
3 1540 316 390
3 2080 2083 2082
3 145 1958 299
3 1359 1941 1360
3 984 1031 1032
3 1994 1891 2042
3 2078 2081 2080
3 2094 2075 2076
3 2080 2077 2078
3 2054 2053 2052
3 500 2094 499
3 2096 2098 2097
3 2097 2093 2082
3 2139 3892 3865
3 2140 3893 3892
3 2050 2047 2048
3 591 2100 1575
3 2070 2075 2095
3 2101 2097 2100
3 592 2101 591
3 1018 745 746
3 1949 11 1326
3 724 2095 500
3 1384 2103 1378
3 1378 2105 1383
3 2106 2099 2096
3 3907 501 3895
3 3895 498 3900
3 939 2108 943
3 927 1169 972
3 3867 683 3898
3 1961 1963 1960
3 3877 572 3896
3 2038 1967 1968
3 1388 2109 2108
3 1397 2112 1396
3 3756 3752 3742
3 3910 2106 2102
3 948 923 1114
3 259 323 325
3 1389 2112 2109
3 2069 2063 2070
3 3866 2102 592
3 2104 1420 2113
3 2113 1422 2114
3 3891 2114 3902
3 3907 2113 3891
3 553 1901 552
3 971 966 965
3 1764 1572 1573
3 1983 1985 1982
3 2052 2068 2056
3 3572 723 713
3 1624 1673 1672
3 3880 2118 2121
3 3902 2122 3903
3 55 1905 54
3 625 3878 628
3 2000 2002 2003
3 3911 2126 3906
3 2005 2007 2008
3 2126 1411 2127
3 2013 2015 2016
3 2017 2019 2020
3 1494 1946 196
3 1378 1385 1384
3 3813 1679 1617
3 2028 1883 2027
3 3901 2119 3886
3 628 3913 3871
3 681 942 1088
3 723 2120 715
3 1756 3820 3844
3 764 3843 3808
3 3850 714 3851
3 705 3869 3871
3 980 986 979
3 1456 1655 1879
3 2016 2031 2032
3 1457 1867 1456
3 1775 1791 1792
3 1958 1945 1957
3 3662 3724 3660
3 3912 2121 3849
3 1092 688 1087
3 965 967 971
3 3851 3880 3912
3 2171 2169 2170
3 669 2136 668
3 3760 1902 232
3 1428 27 1448
3 963 977 970
3 3840 1412 2126
3 1472 668 2136
3 3833 1358 1357
3 2137 1869 2136
3 1871 2136 1869
3 714 3887 3880
3 1880 1991 1879
3 3842 738 739
3 1836 3512 3513
3 252 58 84
3 1807 3839 1806
3 1646 3817 1608
3 3864 670 667
3 2111 3882 2110
3 1404 2043 1437
3 3828 1363 1365
3 272 390 248
3 575 3519 3554
3 3874 667 2030
3 1429 2139 2138
3 2135 3859 27
3 1429 17 18
3 3892 569 694
3 1441 2045 2140
3 1430 2140 2139
3 3868 3849 2135
3 3807 1816 765
3 3865 694 670
3 2141 797 2137
3 570 2141 693
3 3818 1617 1610
3 2142 2024 2141
3 693 2137 669
3 680 2143 571
3 2143 2021 2142
3 327 456 289
3 1571 2010 2143
3 629 3902 623
3 2084 2086 2087
3 2089 2091 2088
3 571 2142 570
3 1874 2152 2148
3 1872 2148 2153
3 2102 2096 2101
3 2156 2154 2155
3 2127 1413 2119
3 3873 588 581
3 3871 627 628
3 2148 2157 2158
3 2158 3904 3889
3 697 3901 704
3 3822 3826 1816
3 2157 3873 3904
3 1437 2045 1438
3 2034 2159 2160
3 2160 3888 3885
3 3870 604 588
3 3872 17 3874
3 369 60 450
3 648 412 647
3 2152 2155 2157
3 1427 1448 1449
3 1489 72 1487
3 3889 709 632
3 2154 3890 3870
3 1455 1879 1991
3 2124 2086 2123
3 2159 3889 3888
3 299 504 322
3 1063 1045 1064
3 2042 1890 2154
3 2128 2003 2002
3 2130 2132 2133
3 3847 1449 1448
3 1997 803 804
3 3878 3863 3913
3 473 489 769
3 1163 1181 1176
3 706 3908 3869
3 707 2161 706
3 2161 3885 3908
3 547 1904 457
3 1144 1113 1170
3 704 1649 703
3 2042 1976 1994
3 736 553 558
3 1033 1190 1022
3 457 1906 274
3 194 231 232
3 2039 1968 1969
3 2144 2146 2147
3 2053 2048 1644
3 3831 1638 3817
3 8 10 9
3 251 505 257
3 471 478 470
3 1864 3790 3502
3 899 909 906
3 1940 2150 1941
3 1920 1926 1918
3 2162 1897 2115
3 270 152 177
3 1903 11 8
3 281 263 459
3 1871 2153 2034
3 1325 1896 2162
3 627 692 626
3 1723 1718 1722
3 1548 435 171
3 1581 1729 1728
3 1920 1928 1927
3 3562 9 10
3 2151 1949 1948
3 474 773 770
3 768 2170 472
3 2170 475 472
3 475 771 474
3 1790 463 1759
3 2165 2167 2168
3 594 371 97
3 482 1640 481
3 761 2172 469
3 770 483 491
3 485 1808 482
3 296 1516 295
3 762 2173 761
3 775 758 488
3 183 2175 1999
3 411 302 413
3 2004 184 223
3 3810 1681 3845
3 2163 755 763
3 1471 2160 2161
3 949 963 964
3 2176 2178 2179
3 226 1509 332
3 763 466 2163
3 2181 2183 2180
3 2185 2017 2184
3 1984 2180 1985
3 213 728 1530
3 1544 1545 1568
3 864 841 865
3 848 1356 1361
3 451 1557 453
3 558 3187 736
3 15 736 3187
3 559 497 373
3 3192 3194 3193
3 3199 3197 3198
3 3210 3212 3211
3 3214 3216 3215
3 2186 2001 2000
3 2168 2188 2189
3 2191 2084 2190
3 2192 2194 2195
3 2197 2199 2196
3 1997 1978 1974
3 3663 3667 3670
3 2115 1902 1901
3 1858 2008 1149
3 3903 2125 3905
3 1134 1086 1129
3 2200 2014 2013
3 1148 109 1857
3 3220 3217 3214
3 2202 2204 2205
3 578 1894 1018
3 1754 2207 1755
3 3890 1892 604
3 1210 2149 1726
3 867 2209 2208
3 943 929 939
3 2129 2201 2200
3 232 1897 194
3 664 749 665
3 1166 998 617
3 2210 2212 2213
3 2214 2216 2217
3 3866 589 3867
3 2219 219 2218
3 822 947 1093
3 3224 3226 3225
3 265 454 264
3 3881 2106 3882
3 2220 3518 3516
3 2222 2224 2225
3 2206 2123 2207
3 672 3868 3863
3 816 995 814
3 2226 2145 2144
3 1946 645 748
3 3899 16 3872
3 2228 1637 1380
3 1678 1617 1679
3 1636 2231 2229
3 2232 1616 1615
3 2230 2235 2236
3 1380 2237 1381
3 3585 2241 3586
3 1629 2232 1630
3 1680 471 468
3 1407 2242 2243
3 3235 3237 3236
3 3231 3239 3234
3 1636 2237 1637
3 3236 3232 3233
3 1408 1633 2244
3 1379 2246 2245
3 1627 2244 1620
3 2248 1621 1632
3 1631 1407 2243
3 2247 1630 2249
3 2234 1636 1635
3 3244 3198 3197
3 630 2070 724
3 514 51 48
3 781 2250 1250
3 2252 2254 2251
3 396 458 783
3 1455 2039 1454
3 2039 2035 1454
3 1400 2110 1397
3 2040 1969 2025
3 1534 413 1964
3 1585 2079 2078
3 2255 1131 1885
3 1699 3917 3918
3 3814 1685 3816
3 1262 1885 1095
3 597 843 598
3 2256 2258 2259
3 2257 2261 2258
3 2258 2262 2215
3 2259 2215 2214
3 1966 1969 1968
3 2211 1962 2212
3 921 2217 2216
3 1311 1100 2263
3 1306 1285 788
3 1547 1545 1971
3 2265 2267 2264
3 2264 2269 2268
3 2271 2268 2270
3 2272 2264 2271
3 2274 2276 2273
3 2277 2276 2278
3 2283 3616 3638
3 2286 2285 2280
3 2287 2282 2286
3 2289 3638 3619
3 2290 2292 2293
3 2294 2293 2278
3 2295 2290 2294
3 2296 2291 2290
3 2293 2298 2299
3 2278 2299 2277
3 2297 2301 2291
3 2291 2302 2292
3 2292 2303 2298
3 2303 2305 2298
3 2305 2299 2298
3 2307 2309 2306
3 2301 2309 2302
3 2300 2306 2301
3 2311 2306 2310
3 2312 2314 2315
3 2317 2319 2316
3 3747 2321 2322
3 2323 2272 2325
3 2312 2325 2326
3 2327 2312 2315
3 2328 2323 2327
3 2330 2332 2329
3 2329 2266 2265
3 2324 2265 2272
3 2328 2329 2324
3 2332 2334 2266
3 2335 2332 2331
3 2337 2331 2336
3 2330 2336 2331
3 2328 2338 2330
3 2327 2339 2328
3 2315 2340 2327
3 2341 2314 2342
3 2343 2345 2346
3 2340 2346 2339
3 2341 2343 2340
3 2347 2344 2343
3 2349 2351 2352
3 2338 2352 2336
3 2339 2349 2338
3 2346 2350 2349
3 2336 2353 2337
3 2352 2354 2353
3 2355 2275 2356
3 2355 2357 2358
3 2355 2295 2294
3 2278 2355 2294
3 2359 2269 2267
3 2266 2359 2267
3 2361 2363 2364
3 2361 2360 2357
3 2365 2357 2356
3 2365 2362 2361
3 2356 2367 2365
3 2365 2368 2366
3 2275 2369 2367
3 2367 2281 2368
3 2371 2373 2370
3 2374 2376 2006
3 2377 2379 2380
3 2381 2380 2382
3 2383 2377 2381
3 2384 2378 2377
3 2387 2389 2386
3 2386 2391 2390
3 2392 2386 2390
3 2393 2387 2386
3 2185 2401 2399
3 2402 2326 2325
3 2271 2325 2272
3 2270 2402 2271
3 2404 2403 2402
3 2403 2407 2326
3 2408 2410 2411
3 2408 2270 2268
3 2412 2268 2269
3 2412 2409 2408
3 2416 2415 2417
3 2416 2405 2404
3 2411 2404 2270
3 2410 2416 2411
3 2405 2406 2403
3 3568 631 712
3 2419 2396 2420
3 2419 2422 2421
3 2423 2421 2418
3 2423 2397 2419
3 2424 2391 2425
3 2420 2425 2422
3 2396 2424 2420
3 2395 2390 2424
3 2426 2314 2313
3 2426 2407 2427
3 2429 2427 2428
3 2342 2426 2429
3 2431 2429 2430
3 2430 2428 2432
3 2434 2432 2433
3 2435 2430 2434
3 2427 2406 2436
3 2421 2406 2418
3 2437 2421 2422
3 2428 2436 2437
3 2439 2432 2438
3 2440 2432 2428
3 2441 2438 2440
3 2442 2439 2438
3 2444 2443 2442
3 2446 2442 2441
3 2382 2444 2446
3 2380 2445 2444
3 2447 2422 2425
3 2448 2425 2391
3 2440 2448 2441
3 2440 2437 2447
3 2448 2389 2449
3 2449 2388 2450
3 2446 2450 2382
3 2441 2449 2446
3 2450 2452 2451
3 2451 2454 2453
3 2381 2453 2383
3 2382 2451 2381
3 2455 2372 2371
3 2458 2460 2457
3 2462 2464 2461
3 2461 2284 2283
3 2465 2283 2289
3 2466 2461 2465
3 2460 3702 3700
3 2467 2469 2470
3 2471 2470 2472
3 2473 3700 3687
3 2474 2476 2477
3 2457 2452 2478
3 2478 2388 2387
3 2394 2478 2387
3 2479 2457 2478
3 2480 2482 2477
3 2483 2484 220
3 2470 2463 2462
3 2472 2462 2466
3 2486 2465 2485
3 2485 2289 2487
3 2489 2487 2488
3 2490 2485 2489
3 2491 2466 2486
3 2492 2486 2490
3 2493 2491 2492
3 2494 2472 2491
3 3689 2473 3687
3 3690 2495 3689
3 2497 2492 2498
3 2499 2498 2500
3 3699 2497 2499
3 3686 2493 2497
3 2305 2277 2299
3 2304 2503 2305
3 2503 2506 2505
3 2505 2287 2507
3 2273 2507 2274
3 2277 2505 2273
3 3632 2488 2487
3 3619 2487 2289
3 2506 2288 2287
3 2504 2508 2506
3 2507 2286 2510
3 2510 2280 2279
3 2369 2279 2281
3 2274 2510 2369
3 2511 2488 2512
3 2513 2512 2514
3 2516 2513 2515
3 2516 2489 2511
3 2498 2490 2516
3 2498 2515 2500
3 2509 2518 2517
3 2517 2520 2519
3 3615 2519 3620
3 3631 2517 3615
3 2521 2302 2309
3 2522 2309 2308
3 2304 2521 2523
3 2523 2522 2524
3 2518 2524 2520
3 2504 2523 2518
3 2307 2526 2525
3 2525 2528 2527
3 2530 2527 2529
3 2308 2525 2530
3 1213 2150 1210
3 2418 2417 2423
3 2532 2348 2316
3 2533 2316 2319
3 2534 2532 2533
3 2535 2344 2532
3 2536 2345 2535
3 2537 2535 2534
3 2538 2536 2537
3 2539 2350 2536
3 2311 2540 2526
3 2526 2541 2528
3 2542 2433 2543
3 2544 2543 2545
3 2318 2542 2544
3 2317 2434 2542
3 2513 2547 2546
3 2546 2549 2548
3 2551 2548 2550
3 2551 2513 2546
3 2519 2553 2552
3 2552 2555 2554
3 3589 2554 3592
3 3620 2552 3589
3 2522 2530 2556
3 2556 2529 2557
3 2524 2556 2558
3 2558 2557 2559
3 2553 2559 2555
3 2520 2558 2553
3 2560 2006 2005
3 2375 2224 2376
3 2563 2565 2562
3 2562 337 2566
3 2568 2566 2567
3 2569 2562 2568
3 2571 2573 2570
3 2570 2575 2574
3 2543 2574 2545
3 2543 2571 2570
3 2577 2568 2576
3 2578 2568 2567
3 2573 2578 2575
3 2572 2576 2573
3 2580 2582 2579
3 2583 2582 2584
3 3696 2579 2583
3 3675 2579 3674
3 2581 2551 2582
3 2582 2550 2584
3 2499 2588 2587
3 2589 2588 2590
3 3692 2587 2589
3 3694 2499 2587
3 2500 2590 2588
3 2591 2593 2594
3 2385 2502 2501
3 2595 2385 2373
3 2595 2372 2596
3 2598 2596 2597
3 2598 2378 2595
3 2599 2379 2598
3 2599 2597 2600
3 2602 2600 2601
3 2602 2445 2599
3 2603 2601 2604
3 2439 2604 2433
3 2443 2603 2439
3 2605 2580 2606
3 2605 2589 2590
3 2590 2581 2605
3 3675 2455 3688
3 3688 2371 3692
3 2477 2607 2480
3 2608 2610 2198
3 2563 2612 2611
3 2611 2597 2596
3 2456 2596 2372
3 2564 2611 2456
3 2613 2569 2577
3 2614 2577 2572
3 2601 2613 2614
3 2600 2612 2613
3 2571 2604 2615
3 2615 2601 2614
3 2572 2615 2614
3 1458 1044 1020
3 1264 1078 1081
3 1611 1608 1610
3 2066 2068 2067
3 1134 1135 1147
3 1937 2617 2616
3 94 457 127
3 2057 1607 1611
3 1453 1444 1366
3 654 1047 2618
3 721 2620 722
3 1130 1032 1133
3 561 365 1496
3 1722 1724 1590
3 1785 1121 1786
3 266 322 265
3 1324 1653 2037
3 1467 1434 1478
3 657 528 527
3 7 246 6
3 381 1558 2
3 787 1306 788
3 939 928 927
3 910 2622 911
3 2620 654 653
3 2623 2624 2625
3 997 26 25
3 634 2625 2624
3 2626 643 1839
3 2627 1839 2628
3 1199 2626 2627
3 1198 640 2626
3 1519 48 476
3 1451 1348 1450
3 2629 1858 1857
3 643 1334 1822
3 1196 716 2631
3 2631 718 1165
3 2627 1165 1199
3 2628 2631 2627
3 1761 1049 820
3 1822 872 1838
3 2633 793 651
3 1027 1026 1160
3 1041 2634 1042
3 92 1900 1923
3 2035 1457 1454
3 1526 1524 1525
3 876 1273 1276
3 133 796 1543
3 1327 930 1328
3 606 1090 1160
3 1042 2636 2635
3 2635 2638 2637
3 1274 2637 1275
3 1274 1042 2635
3 1271 2625 2639
3 2639 637 636
3 1109 2639 636
3 535 2639 2640
3 1471 1473 1472
3 2041 1950 648
3 1057 1104 1058
3 2641 2642 2643
3 1191 2643 1192
3 911 2641 1191
3 3897 3525 3785
3 1048 2619 2620
3 615 1884 612
3 1330 665 749
3 989 1197 524
3 1910 320 321
3 1297 1204 2644
3 75 1503 74
3 1501 420 421
3 609 657 690
3 1145 658 937
3 2645 913 935
3 1279 1237 1278
3 974 2646 2647
3 2646 974 973
3 1452 1451 1450
3 1513 157 150
3 834 1842 1841
3 1270 1172 1288
3 2648 812 2649
3 1892 1825 1893
3 1049 1936 1050
3 2650 813 812
3 1005 1280 976
3 2652 2653 2654
3 1000 1002 1001
3 584 678 557
3 2623 620 619
3 554 2027 555
3 1206 1196 2628
3 1625 477 471
3 425 418 1566
3 1029 1772 1030
3 3897 633 3879
3 533 137 261
3 1124 1041 1040
3 332 87 226
3 568 560 729
3 1488 870 869
3 1856 619 890
3 1672 3769 3762
3 621 863 1307
3 2646 973 2656
3 618 890 619
3 260 544 261
3 392 1555 403
3 2657 2646 2656
3 1074 2656 916
3 1080 2657 1074
3 1079 2658 2657
3 2643 1140 2659
3 2659 1139 1335
3 641 1335 642
3 1192 2659 641
3 678 554 557
3 1502 1499 1501
3 1317 1100 1099
3 2660 1138 1141
3 2660 2662 2661
3 2661 2658 2660
3 2661 2621 2663
3 2663 910 2645
3 2647 2645 1145
3 2647 2661 2663
3 2082 2092 2080
3 1441 1436 1438
3 518 329 50
3 1884 1208 612
3 798 804 803
3 1945 1951 1952
3 1301 1252 1251
3 565 223 532
3 1388 927 1387
3 682 680 679
3 835 1841 2664
3 2664 1844 1302
3 2665 1302 1301
3 23 2664 2665
3 830 2649 831
3 1844 1303 1302
3 2009 2011 2010
3 1050 2666 2667
3 1521 1510 1522
3 530 440 521
3 781 1250 1249
3 1249 2624 2668
3 2668 1856 1855
3 782 1855 1036
3 781 2668 782
3 719 2670 720
3 1054 1929 1055
3 1332 1250 2250
3 618 1307 1306
3 651 2618 2633
3 520 1538 1539
3 1837 536 2671
3 2671 535 2640
3 1112 2640 1109
3 1112 1837 2671
3 1015 1350 1044
3 3896 569 3893
3 225 103 100
3 3563 3826 1817
3 1035 1883 1882
3 2673 1303 2672
3 2672 1843 2674
3 1333 2674 1038
3 1332 2672 1333
3 2675 1038 2674
3 1842 2674 1843
3 941 2675 1842
3 1073 701 2675
3 810 858 857
3 751 1054 752
3 1199 655 1025
3 1119 873 2676
3 2676 876 1051
3 1240 1051 1004
3 1118 2676 1240
3 1559 150 1514
3 1207 610 522
3 214 735 213
3 1459 1461 1460
3 1207 1838 872
3 853 1281 1296
3 71 181 178
3 543 1564 511
3 216 455 456
3 2046 929 944
3 1203 1936 2632
3 912 685 684
3 839 1112 1111
3 1530 729 560
3 2677 1282 800
3 600 1913 601
3 1536 458 459
3 1818 3508 3526
3 990 861 537
3 2678 1072 1829
3 2679 982 2255
3 778 2255 1262
3 777 2679 778
3 2677 1829 2679
3 179 244 39
3 1885 1130 1133
3 1137 1273 1254
3 1840 1139 1138
3 74 313 73
3 192 419 191
3 2680 1098 1097
3 169 1564 168
3 348 416 431
3 1120 2683 2682
3 546 408 301
3 122 120 119
3 2642 1141 1140
3 1541 512 1542
3 898 906 918
3 1209 675 866
3 790 981 891
3 23 836 835
3 892 931 930
3 1859 862 861
3 534 861 860
3 831 812 811
3 2649 812 831
3 1568 1546 1567
3 180 541 179
3 659 936 687
3 2012 567 2011
3 886 2630 2629
3 1523 360 77
3 519 161 1528
3 2652 853 2684
3 1237 2654 2685
3 717 526 529
3 1491 517 1490
3 791 614 792
3 598 1834 595
3 289 455 174
3 311 1551 424
3 1247 1178 1248
3 152 176 177
3 1239 1221 1220
3 1256 1234 1070
3 1290 1082 1221
3 1051 1276 1052
3 742 2617 1203
3 443 429 442
3 22 1171 1186
3 2686 1179 1178
3 101 408 133
3 1282 609 800
3 372 649 650
3 1179 1083 1290
3 854 2654 1236
3 1172 1916 1173
3 2688 852 2687
3 2687 1107 1278
3 2685 1278 1237
3 2686 2687 2685
3 2690 1251 2689
3 2689 849 2688
3 1247 2688 2686
3 1247 2690 2689
3 2691 23 2665
3 2690 2665 1301
3 1246 2691 2690
3 1257 616 2691
3 393 1554 392
3 2692 1258 1222
3 1071 1261 1260
3 1256 1167 1257
3 397 1554 1553
3 870 1313 871
3 1177 1248 1178
3 1223 1172 1171
3 1009 2617 741
3 1174 1291 1268
3 2653 2685 2654
3 2693 1215 1263
3 70 1486 69
3 700 1110 1037
3 1071 2648 2649
3 1084 21 20
3 894 1263 895
3 1600 1604 1603
3 1258 1270 1288
3 20 1219 1082
3 987 537 536
3 597 1335 1139
3 819 1761 820
3 1049 817 820
3 1297 1760 2651
3 1167 617 616
3 857 1255 832
3 38 515 1535
3 2651 818 813
3 312 314 313
3 2025 1970 2026
3 2655 595 1834
3 813 817 810
3 2695 812 2648
3 1259 2648 1260
3 2692 2695 1259
3 2696 2650 2695
3 380 389 379
3 3817 1610 1608
3 1474 1427 1226
3 1291 1916 1234
3 1550 353 1517
3 1525 1522 1510
3 1592 1594 1572
3 1231 1245 1248
3 2694 1222 21
3 2697 1295 2696
3 2697 2692 2694
3 2684 2694 1084
3 2684 1296 2697
3 561 270 271
3 2651 1295 1297
3 1364 1363 1362
3 1957 1952 1956
3 584 2209 996
3 1560 1514 434
3 974 1145 975
3 346 67 345
3 1037 635 1067
3 2699 779 2698
3 2698 1035 1882
3 2700 1882 1828
3 850 2698 2700
3 2673 2250 2701
3 2701 780 2699
3 1252 2699 850
3 1300 2701 1252
3 1518 387 1549
3 1272 1279 2702
3 2702 1106 851
3 2700 851 850
3 1828 2702 2700
3 90 325 89
3 1783 2655 1784
3 2682 2704 2703
3 603 3498 3532
3 1668 3547 1661
3 2061 2059 2058
3 620 860 621
3 2022 731 2023
3 685 1262 686
3 856 2667 1327
3 882 881 878
3 636 1110 1109
3 2667 892 1327
3 2666 893 2667
3 1038 1067 1333
3 312 1503 1504
3 1910 304 452
3 1935 1963 2211
3 2706 2400 2182
3 2707 2182 2181
3 737 2115 553
3 2348 2431 2435
3 2710 2019 2018
3 2399 2018 2185
3 2713 2715 2712
3 2716 2718 2719
3 2720 2722 2723
3 2725 2727 2724
3 2724 2729 2728
3 2730 2728 2708
3 2731 2724 2730
3 2733 2735 2732
3 2737 2739 2736
3 2736 2740 2741
3 2743 2745 2742
3 2744 2747 2746
3 2748 2746 2750
3 2752 2750 2751
3 2249 2245 2247
3 2753 1613 2754
3 3597 2754 3608
3 3607 2746 3608
3 1616 2754 1613
3 2241 1619 2756
3 2190 2759 2758
3 2760 2759 2761
3 3647 2760 3648
3 3622 2758 3647
3 3208 3222 3223
3 1394 2235 2234
3 1394 1635 1614
3 1615 2228 2232
3 1616 2762 2755
3 2755 3627 3607
3 2764 2233 1629
3 2765 3627 3621
3 3201 3245 3246
3 1515 434 1514
3 2767 3551 3552
3 1494 577 1423
3 2134 27 16
3 3525 2772 2773
3 1689 3925 3924
3 2777 2779 2776
3 2776 2780 2781
3 2783 2776 2782
3 3554 574 575
3 1493 8 539
3 3528 2014 3565
3 450 504 449
3 2785 2787 2784
3 2778 2784 2779
3 2788 2740 2739
3 2789 2751 2788
3 2791 2793 2790
3 2792 2795 2793
3 2795 2749 2748
3 2793 2748 2752
3 2797 1395 2753
3 3590 2753 3597
3 2797 2799 1392
3 3590 2798 2797
3 2796 2794 2800
3 2790 2752 2789
3 215 231 53
3 3803 2806 3802
3 3804 2803 3802
3 2768 3556 3551
3 182 183 96
3 2810 2774 2775
3 2803 2775 2804
3 2808 2810 2803
3 2811 2812 2813
3 3804 2815 3794
3 3795 2814 3794
3 3797 2819 2820
3 3792 2818 3797
3 2823 2734 2818
3 2822 2823 2818
3 2824 2825 2723
3 3792 2826 3791
3 3795 2825 3791
3 2712 2828 2827
3 2827 2830 2829
3 2821 2827 2829
3 2820 2712 2827
3 2831 2821 2829
3 2832 2829 2830
3 2833 2831 2832
3 2834 2826 2831
3 2836 2838 2835
3 2835 2840 2839
3 2841 2839 2726
3 2842 2835 2841
3 2839 2844 2843
3 2717 2844 2718
3 2729 2843 2717
3 2726 2843 2727
3 2845 2718 2844
3 2845 2840 2846
3 2828 2846 2830
3 2828 2715 2845
3 2846 2838 2847
3 2847 2837 2848
3 2832 2848 2833
3 2830 2847 2832
3 2849 2850 2851
3 2852 2851 2853
3 2782 2781 2854
3 2784 2852 2855
3 2779 2855 2780
3 2856 2854 2781
3 2858 2781 2780
3 2860 2841 2859
3 2859 2726 2725
3 2861 2725 2731
3 2862 2859 2861
3 2860 2857 2856
3 2842 2856 2858
3 2855 2853 2863
3 2780 2863 2858
3 2836 2858 2863
3 2837 2863 2853
3 2851 2833 2848
3 2853 2848 2837
3 2864 2817 2834
3 2850 2834 2833
3 2812 2814 2864
3 2813 2864 2850
3 2865 2813 2849
3 2787 2849 2852
3 2865 2786 2866
3 2811 2866 2774
3 1891 1889 1890
3 2719 2845 2869
3 297 255 256
3 2871 2712 2819
3 3793 2734 2733
3 2728 2873 2872
3 2845 2714 2869
3 2875 2877 2874
3 2732 2877 2733
3 3805 2878 2879
3 3805 2871 3793
3 2881 2883 2880
3 2880 2714 2713
3 2879 2713 2871
3 2878 2880 2879
3 2884 2886 2887
3 2887 2889 2884
3 2884 2891 2890
3 2892 2884 2890
3 1941 2531 2893
3 2894 2719 2869
3 2883 2869 2714
3 2882 2894 2883
3 2895 2891 2894
3 2888 2716 2889
3 2889 2719 2891
3 2896 2890 2895
3 2897 2895 2882
3 2898 2882 2881
3 2899 2881 2878
3 3796 2878 3806
3 2875 2900 2876
3 2900 2903 2902
3 1784 1834 1833
3 2904 2898 2899
3 2906 2896 2897
3 3796 2902 3798
3 631 576 632
3 3531 2866 2786
3 433 549 349
3 2767 3639 3642
3 2909 1622 2248
3 2240 2757 2241
3 3639 2912 3651
3 1622 2756 1619
3 3586 2756 3651
3 2228 1379 2249
3 2764 1628 2913
3 2914 1628 2911
3 3641 2913 2914
3 3640 2764 2913
3 2918 3641 3612
3 2917 2911 2240
3 3613 2240 3585
3 3617 3612 3669
3 3540 2179 3495
3 3520 2187 3505
3 3704 713 3850
3 2924 2916 2923
3 2923 2915 2918
3 3609 2918 3617
3 3610 2923 3609
3 2925 2765 2924
3 3657 2924 3610
3 1714 1704 1709
3 784 497 795
3 1386 564 1790
3 373 1898 559
3 3572 2205 3555
3 2928 2885 2892
3 2931 2933 2930
3 1904 1907 1906
3 2929 2935 2936
3 2937 2929 2928
3 1492 516 517
3 1602 1585 1601
3 2938 2928 2907
3 2939 2907 2906
3 3664 1599 3660
3 2885 2936 2886
3 2905 2897 2898
3 2907 2892 2896
3 2941 2932 2940
3 2940 2936 2935
3 3500 2935 3512
3 3497 2940 3500
3 2942 2709 2872
3 2942 2873 2888
3 2944 2888 2887
3 2945 2942 2944
3 2931 2887 2886
3 2930 2944 2931
3 726 1928 727
3 2902 2946 2947
3 544 41 261
3 1479 532 250
3 2906 2948 2939
3 2905 2949 2948
3 1557 214 201
3 3798 2947 3800
3 2053 1643 2117
3 3704 2202 3572
3 1827 1848 1826
3 2952 2954 2951
3 2951 2956 2955
3 2955 2257 2951
3 2952 2257 2256
3 2453 2473 2495
3 3746 2958 3765
3 3746 2130 3736
3 2960 2962 2957
3 2957 2963 2958
3 221 2484 2964
3 2476 2965 2607
3 2630 2005 1858
3 2383 2495 2496
3 2966 2958 2963
3 2967 2969 2968
3 3758 2970 3783
3 3783 2959 3765
3 2971 2032 2031
3 2006 2972 2007
3 3559 2133 2132
3 1835 1831 1830
3 3505 2089 3550
3 954 958 955
3 671 673 672
3 632 712 631
3 2023 732 802
3 2024 802 797
3 424 1549 387
3 2974 887 886
3 1318 1156 2693
3 1211 2976 1212
3 888 2227 2226
3 1977 1974 1978
3 1137 1328 914
3 750 2978 2977
3 1618 1624 1623
3 2251 1727 1726
3 1156 844 1215
3 2705 1937 2616
3 2979 2253 2980
3 2981 886 2629
3 801 710 2678
3 677 2028 2027
3 526 689 527
3 1838 2628 1839
3 2982 601 1913
3 2982 1912 1330
3 2984 1330 1053
3 2985 2982 2984
3 2986 2634 2633
3 2984 2638 2985
3 2989 1317 2988
3 2990 2992 2993
3 2994 2993 2995
3 1105 2990 2994
3 1057 2991 2990
3 1414 1364 1366
3 1316 2216 2996
3 1931 2254 2979
3 925 2998 663
3 3000 2991 2999
3 2999 1056 2977
3 2998 2977 2978
3 2997 2999 2998
3 3001 2208 3002
3 3001 2995 2993
3 2992 3001 2993
3 3000 2997 3001
3 1102 2994 3003
3 3003 2995 3002
3 2208 3003 3002
3 587 3003 2209
3 294 432 380
3 2637 2987 3004
3 3004 1055 1929
3 1304 1929 1305
3 1275 3004 1304
3 1986 1992 1988
3 2632 1760 2644
3 1422 1416 1418
3 3560 738 702
3 2670 2703 2704
3 1472 2034 1471
3 921 2693 894
3 1400 1377 1383
3 555 1883 1036
3 841 3824 3835
3 1853 2616 1009
3 932 1080 1074
3 1439 1435 1436
3 528 718 529
3 1030 1026 1027
3 776 911 1870
3 2644 1203 2632
3 440 1537 1536
3 789 586 585
3 2064 1609 1606
3 1859 989 901
3 59 86 58
3 1423 1947 1946
3 331 1506 330
3 260 137 134
3 186 448 506
3 1718 1725 1724
3 1930 1058 3005
3 3005 1104 1103
3 1286 1103 586
3 1285 3005 1286
3 3006 3008 3009
3 3008 652 794
3 617 25 24
3 2028 1209 1208
3 956 599 2227
3 1048 2227 599
3 2630 3010 2560
3 889 2226 3010
3 3010 2144 3011
3 2560 3011 2374
3 1025 608 607
3 2705 1960 1963
3 3012 2484 3013
3 2147 1266 3014
3 3014 1265 1310
3 2996 1100 1316
3 641 1772 1192
3 185 460 510
3 1040 1319 900
3 1120 3016 1121
3 2983 2986 3017
3 3017 2633 2618
3 1047 3017 2618
3 602 2983 3017
3 2678 800 801
3 2061 2073 2060
3 2060 2075 2063
3 413 1544 1964
3 3015 2682 3018
3 3018 2703 2669
3 3019 2669 719
3 3006 3018 3019
3 1870 1090 776
3 3020 1121 3016
3 3021 3016 3009
3 1313 3021 1314
3 1783 3020 1313
3 1315 1762 610
3 3022 3009 3008
3 3022 794 1091
3 1762 1091 1124
3 1314 3022 1762
3 3015 3009 3016
3 751 2977 1056
3 2985 2636 2986
3 3023 652 3007
3 3019 3007 3006
3 719 3023 3019
3 722 653 3023
3 2680 1267 3024
3 2670 1267 720
3 2704 3024 2670
3 1312 3026 1310
3 3025 3028 3026
3 3026 3029 3030
3 1310 3030 3014
3 2011 730 2022
3 916 973 976
3 742 855 743
3 1887 2029 1424
3 2681 2683 3031
3 3031 1123 2988
3 1099 2988 1317
3 1098 3031 1099
3 1122 2988 1123
3 3032 1158 1157
3 2989 1157 1318
3 1122 3032 2989
3 1785 1833 3032
3 1053 2987 2984
3 2978 663 2998
3 2622 2662 2642
3 1094 687 686
3 3033 2260 2955
3 3035 2955 2956
3 3036 3033 3035
3 3037 3034 3033
3 3039 3025 1312
3 2262 3040 3039
3 3041 3042 3040
3 3040 3027 3025
3 3043 3042 3038
3 3045 3044 3043
3 3046 3048 3044
3 3042 3048 3027
3 3037 3050 3049
3 3049 3052 3051
3 3051 3043 3049
3 3038 3049 3043
3 3053 3038 3041
3 3041 2261 3053
3 2260 3053 2261
3 2215 2996 2216
3 2211 2666 1935
3 3055 2208 3054
3 933 1960 1853
3 2012 3756 566
3 3057 3059 3060
3 3058 3062 3059
3 3059 2212 1962
3 3060 1962 1961
3 3062 2213 2212
3 3061 3063 3062
3 3064 2259 3063
3 3063 2214 2213
3 3065 3030 3029
3 2607 3066 3065
3 2965 3067 3066
3 3030 3067 3014
3 2454 2460 2473
3 2475 2225 2476
3 3550 2088 3524
3 3525 3768 3785
3 432 354 380
3 2114 1418 2122
3 3508 2921 3526
3 3768 2130 2133
3 3068 2166 2165
3 2970 2927 2959
3 2960 2772 2961
3 3069 2477 2482
3 2609 3070 2953
3 2501 2373 2385
3 3071 2594 3072
3 2963 3051 2966
3 3047 3073 3048
3 2592 3074 3073
3 3074 3028 3073
3 3073 3027 3048
3 3071 3074 2591
3 3075 2481 2480
3 2480 3065 3075
3 3075 3029 3074
3 2966 3052 2969
3 2481 3072 2482
3 478 492 493
3 705 3872 708
3 3560 2220 3516
3 2012 3753 3754
3 3532 2015 3528
3 3561 2221 2973
3 1170 1154 1175
3 2585 2564 2586
3 2981 112 2483
3 2561 3076 3067
3 2375 3011 3076
3 3011 2147 3076
3 3076 3014 3067
3 2962 3045 2963
3 3050 2969 3052
3 1682 490 774
3 3849 1446 3859
3 1985 3733 3767
3 3078 2545 2574
3 3080 2574 2575
3 1982 3767 3764
3 3081 2318 2544
3 3079 2544 2545
3 3733 3081 3079
3 3731 2322 3081
3 1308 1887 747
3 3072 2771 2770
3 2759 3083 2761
3 2759 2087 3082
3 3084 3085 3086
3 3088 3089 3087
3 3088 3083 3084
3 3091 3089 3090
3 3092 2743 2742
3 2750 2747 3092
3 3092 2751 2750
3 2741 3092 3093
3 3093 2742 3094
3 3095 3097 3086
3 3098 3086 3085
3 3096 3094 3097
3 3099 2745 3100
3 3100 3101 3099
3 2763 2926 3100
3 2744 3100 2745
3 3101 3090 3099
3 3099 3094 2742
3 2868 3591 3633
3 3101 3103 3091
3 3657 2868 3633
3 2926 3102 3101
3 3097 3090 3089
3 3086 3089 3084
3 2087 3104 3082
3 3082 3085 3083
3 2482 2770 3069
3 2400 2184 2320
3 3098 3104 3105
3 2124 3105 3104
3 3107 2741 3106
3 3106 3093 3096
3 3109 3106 3108
3 3108 3096 3095
3 3110 3095 3098
3 3111 3108 3110
3 3112 2736 3107
3 3114 2721 3113
3 3116 3113 3115
3 3118 3115 3117
3 3117 3119 3120
3 3115 3112 3119
3 3121 3110 3122
3 3121 1754 1753
3 3123 3125 3126
3 3124 3120 3125
3 3127 3117 3124
3 3128 3124 3123
3 2019 3127 3128
3 3852 1345 1351
3 1064 1046 1065
3 1813 3829 1648
3 2020 3128 3129
3 3110 3105 3122
3 3122 2206 1754
3 2376 2223 2972
3 3013 112 111
3 1755 3781 3766
3 3130 2529 2527
3 3132 2527 2528
3 1752 3766 3774
3 3133 3126 3134
3 2326 2313 2312
3 2435 2316 2348
3 2017 3710 3711
3 2533 3136 2534
3 2319 3135 2533
3 2184 3711 3770
3 3137 2541 2538
3 3133 3743 3744
3 3784 3133 3744
3 3139 2538 2537
3 2534 3139 2537
3 3710 3129 3784
3 2557 3131 3140
3 3781 3140 3131
3 2559 3140 3141
3 3759 3141 3140
3 957 2975 2980
3 1932 2979 3142
3 2398 2417 2415
3 2347 2342 2431
3 2321 2318 2322
3 2717 2873 2729
3 2708 2872 2709
3 2893 1360 1941
3 345 175 346
3 1875 1881 1880
3 2801 3606 3591
3 3103 3087 3091
3 2973 3648 3602
3 3088 2760 2761
3 3087 3144 3088
3 2802 3602 3606
3 3869 691 627
3 2122 1417 2125
3 1364 1367 1366
3 1580 1781 1782
3 3568 2128 3519
3 3554 2001 3520
3 3145 2550 3146
3 3750 3146 3749
3 3741 3145 3750
3 3148 2584 3145
3 3195 3196 3194
3 3603 2190 3622
3 3141 2555 2559
3 3776 3149 3141
3 3645 2549 3592
3 3149 2554 2555
3 3777 3150 3149
3 3787 3151 3645
3 3152 2550 2548
3 3151 2548 2549
3 3780 3152 3151
3 3775 3146 3152
3 3147 2205 2204
3 2182 2320 2183
3 2131 2927 2132
3 3683 2203 2202
3 3718 2196 3720
3 2593 2772 2950
3 2594 2950 2771
3 1869 798 1868
3 3712 2177 3705
3 3705 3735 3789
3 335 3773 3721
3 338 3153 335
3 3788 3148 3741
3 3682 2583 3148
3 2962 3047 3046
3 3721 336 335
3 338 2565 2585
3 3155 2167 2166
3 2609 2166 2610
3 2953 3155 2609
3 3156 2952 2256
3 3706 2168 3708
3 2566 3158 2567
3 336 2566 337
3 3729 2165 3706
3 3763 1982 3764
3 2578 3080 2575
3 2567 3159 2578
3 3708 2189 3763
3 3064 3161 3160
3 3160 1983 2188
3 3156 2188 2167
3 2256 3160 3156
3 733 1921 805
3 3058 2707 3162
3 3162 2181 1984
3 3161 1984 1983
3 3061 3162 3161
3 3202 3204 3203
3 2121 1447 1446
3 3816 1684 3811
3 138 443 68
3 1569 565 532
3 2956 3164 3035
3 2954 3163 2956
3 1911 340 1972
3 3129 3123 3133
3 1547 318 1546
3 1948 1326 1886
3 2968 3077 3166
3 3166 3168 3167
3 3723 2016 3719
3 3719 2032 3758
3 3167 3164 3169
3 3169 3163 3170
3 3778 3170 3755
3 3723 3169 3778
3 3170 3165 3171
3 3171 3070 3172
3 3751 3172 3748
3 3755 3171 3751
3 3168 3035 3164
3 2592 2961 2593
3 3172 2608 3173
3 3173 2198 2197
3 3782 2197 3718
3 3748 3173 3782
3 2189 1983 1982
3 2195 2766 3147
3 2118 1413 1447
3 1463 1465 1464
3 2198 3068 2199
3 2456 2586 2564
3 2225 2561 2965
3 480 1626 1638
3 332 234 235
3 3077 3036 3168
3 3039 2996 2262
3 2218 1932 2219
3 2384 2496 2502
3 220 3174 2483
3 2219 3142 3174
3 3174 2975 2974
3 2483 2974 2981
3 2953 3165 2954
3 2629 109 2981
3 1546 1951 1954
3 2090 2187 2186
3 3732 2177 2176
3 1917 1926 1925
3 3562 110 3510
3 954 959 953
3 2036 111 3562
3 3142 2980 2975
3 2217 2213 2214
3 671 3786 3540
3 2151 3013 2036
3 1146 1142 1144
3 2247 1408 2244
3 1614 1634 1615
3 1409 2245 2246
3 3240 3241 3239
3 3176 1382 1381
3 2237 3175 1381
3 3175 2229 3177
3 1409 3178 1406
3 3178 2242 1406
3 1632 2799 2248
3 1620 2757 2911
3 1621 2244 1633
3 2235 3180 3181
3 2236 3181 3182
3 2249 2232 2228
3 2911 1627 1620
3 134 1563 1562
3 1566 511 1564
3 1084 2652 2684
3 3183 867 3055
3 868 3056 933
3 1265 1097 1311
3 1266 721 720
3 936 2645 935
3 2145 721 2146
3 2210 920 2666
3 1956 506 448
3 1312 2263 3039
3 1495 1492 1491
3 2680 2704 2681
3 2886 2932 2931
3 1686 1658 1693
3 144 1497 80
3 1316 1318 2693
3 36 417 70
3 1934 3184 2976
3 103 300 102
3 2100 2082 2083
3 542 359 206
3 1933 3185 3184
3 233 211 236
3 3844 1821 1823
3 1975 1873 1973
3 222 2218 219
3 3654 3604 3611
3 467 772 2164
3 1934 1727 1931
3 3239 3225 3234
3 3260 3249 3259
3 3214 3243 3263
3 3264 3214 3263
3 3266 3197 3195
3 3204 3268 3254
3 3213 3264 3269
3 3270 3213 3191
3 3250 3238 3235
3 3221 3265 3271
3 3231 3233 3232
3 3215 3242 3243
3 3195 3267 3266
3 3243 3253 3254
3 3237 3246 3245
3 3263 3254 3268
3 3252 3215 3216
3 3210 3220 3264
3 3256 3217 3255
3 3257 3271 3258
3 3273 3279 3272
3 3227 3261 3262
3 3274 3280 3279
3 3225 3272 3279
3 3235 3259 3250
3 3280 3235 3236
3 3286 3191 3188
3 3234 3279 3233
3 3233 3280 3236
3 3287 3258 3271
3 3259 3275 3250
3 3288 3277 3283
3 3209 3223 3282
3 3198 3200 3199
3 3227 3229 3228
3 3289 3284 3285
3 3281 3270 3286
3 3259 3261 3260
3 3242 3267 3253
3 3266 3240 3231
3 3193 3207 3192
3 3190 3268 3205
3 3269 3191 3213
3 3274 3229 3230
3 3263 3269 3264
3 3251 3275 3290
3 3247 3290 3222
3 3212 3278 3276
3 3271 3288 3287
3 3276 3211 3212
3 3227 3280 3230
3 3219 3252 3218
3 3218 3216 3256
3 3255 3221 3257
3 3246 3251 3247
3 3244 3231 3232
3 3265 3211 3288
3 3207 3254 3253
3 3287 3283 3284
3 3203 3207 3206
3 559 3186 558
3 3208 3200 3201
3 3188 3190 3189
3 447 806 446
3 646 121 269
3 1832 1779 1831
3 509 507 506
3 3209 1886 3200
3 1886 3199 3200
3 14 3196 3199
3 15 3194 3196
3 3194 3186 3193
3 3193 1898 3206
3 3206 374 3203
3 386 125 126
3 3188 1759 3286
3 3576 756 757
3 762 2171 2174
3 3582 3579 3580
3 3580 3578 3577
3 3593 3595 3594
3 3399 3601 3400
3 3625 3624 3626
3 3630 3598 3600
3 3635 3594 3595
3 3646 3587 3644
3 3649 3583 3646
3 3652 3579 3650
3 3652 3653 3578
3 1800 3655 3654
3 3650 3581 3649
3 3643 3594 3636
3 1766 3658 3659
3 1596 3660 1599
3 1707 3664 3663
3 3670 3666 3665
3 3665 3672 3671
3 1587 3663 1586
3 2079 3665 2081
3 2081 3671 2083
3 3673 3634 3630
3 3676 3635 3634
3 3681 3644 3680
3 3691 3649 3685
3 3680 3643 3679
3 785 3691 784
3 3693 3650 3691
3 784 3685 496
3 496 3681 649
3 649 3680 563
3 3695 3680 3679
3 3404 3604 3401
3 3701 3677 3676
3 3698 3678 3677
3 3644 3637 3643
3 1798 3658 1767
3 3707 3457 3459
3 3461 3707 3459
3 3713 563 3695
3 3614 3601 3599
3 3709 3695 3697
3 3634 3595 3598
3 3628 3626 3629
3 3596 3598 3595
3 3629 3714 3628
3 3626 3596 3593
3 3716 3722 3717
3 3714 3659 3628
3 3715 3724 3714
3 3667 3660 3724
3 3667 3716 3666
3 3666 3717 3672
3 3726 3672 3717
3 3727 3671 3672
3 3725 3717 3722
3 1575 2083 3671
3 3726 3730 3728
3 3202 1386 3189
3 3189 1790 3188
3 3282 1948 3209
3 316 258 390
3 1999 3652 3693
3 3600 3599 3601
3 3588 3583 3584
3 3576 755 2169
3 3584 3581 3582
3 3677 3636 3635
3 3203 375 3202
3 1800 3656 1798
3 3728 3727 3726
3 1574 3737 1087
3 3734 1575 3727
3 1775 1795 1774
3 1292 1289 1283
3 1325 1326 11
3 1293 1233 1289
3 877 1329 1336
3 496 373 497
3 121 412 120
3 3698 3703 3707
3 3605 3400 3601
3 3707 3697 3698
3 3463 3709 3461
3 3703 3442 3457
3 438 398 437
3 1511 1525 1510
3 1667 1737 1670
3 838 1361 837
3 1361 825 1011
3 3842 1895 3814
3 2052 2117 2116
3 3887 2119 2118
3 695 3815 3830
3 1825 638 639
3 3739 3728 3730
3 955 885 959
3 1979 1921 806
3 32 104 163
3 1342 3855 3856
3 3906 2127 3901
3 1765 1581 1593
3 13 2162 737
3 594 98 593
3 3232 3245 3244
3 1345 1043 1351
3 747 1424 746
3 3192 3253 3267
3 3189 3205 3202
3 3611 3605 3614
3 3623 3614 3624
3 3630 3442 3673
3 3678 3643 3636
3 3685 3646 3681
3 3701 3673 3703
3 3624 3599 3596
3 3600 3414 3630
3 3738 3734 3728
3 3629 3593 3740
3 3740 3715 3629
3 1283 1287 1284
3 3697 3679 3678
3 1777 1779 1778
3 1791 1583 1788
3 694 570 693
3 3637 3593 3594
3 3740 3587 3588
3 3246 3208 3201
3 3291 3293 3294
3 3295 3297 3298
3 3298 3299 3300
3 3301 3303 3304
3 3305 3307 3308
3 3306 3310 3307
3 3302 3300 3299
3 3311 3303 3312
3 3313 3315 3316
3 3317 3319 3320
3 3323 3320 3324
3 3325 3327 3322
3 3328 3330 3331
3 3332 3334 3335
3 3336 3338 3339
3 3332 3340 3341
3 3341 3342 3343
3 3318 3343 3342
3 3337 3333 3338
3 3345 3301 3346
3 3304 3346 3301
3 3311 3222 3348
3 3349 3339 3350
3 3311 3347 3304
3 3351 3340 3325
3 3310 3353 3307
3 3340 3326 3325
3 3358 3360 3361
3 3359 3249 3248
3 3317 3344 3318
3 3363 3317 3323
3 3313 3323 3364
3 3365 3300 3345
3 3298 3366 3295
3 3307 3367 3308
3 3368 3294 3293
3 3316 3363 3313
3 3369 3316 3315
3 3324 3364 3323
3 3351 3318 3342
3 3295 3352 3310
3 3296 3310 3309
3 3362 3353 3344
3 3344 3352 3343
3 3343 3366 3341
3 3365 3341 3366
3 3346 3333 3345
3 3338 3347 3339
3 3347 3350 3339
3 3362 3368 3367
3 3293 3367 3368
3 3292 3308 3293
3 3330 3373 3331
3 3345 3332 3365
3 3322 3351 3325
3 3355 3320 3319
3 3354 3324 3320
3 3356 3370 3324
3 3321 3319 3351
3 3360 3328 3361
3 3372 3374 3373
3 3373 3375 3331
3 3328 3375 3361
3 3326 3371 3327
3 3335 3374 3326
3 3334 3375 3374
3 3375 3336 3361
3 3336 3358 3361
3 3358 3275 3249
3 3376 3294 3369
3 3276 3314 3277
3 3370 3378 3364
3 3377 3357 3379
3 3364 3314 3313
3 3315 3278 3369
3 3281 3369 3278
3 3312 3223 3311
3 3377 3283 3378
3 3379 3284 3377
3 3378 3277 3314
3 3275 3350 3290
3 3290 3348 3222
3 3312 2964 3012
3 2964 3302 221
3 221 3299 222
3 222 3297 3185
3 3297 3184 3185
3 3296 2976 3184
3 3309 1212 2976
3 3306 1213 1212
3 2531 3305 3292
3 2893 3292 3291
3 2870 3291 3376
3 3252 3239 3241
3 3282 3012 2151
3 1996 1888 1891
3 1236 743 854
3 1534 119 120
3 1530 200 213
3 1118 1031 983
3 945 823 946
3 162 4 161
3 3588 3722 3740
3 1154 1161 1163
3 426 326 423
3 552 795 497
3 3380 2230 2236
3 3380 2229 2231
3 2236 3179 3380
3 3382 3384 3381
3 3383 3386 3384
3 3385 3388 3386
3 3387 3390 3388
3 3391 3393 3394
3 3394 3395 3396
3 3397 3396 3395
3 3399 3398 3397
3 3402 3404 3401
3 3405 3403 3402
3 3407 3406 3405
3 3409 3408 3407
3 3411 3410 3409
3 3414 3397 3413
3 3413 3395 3415
3 3415 3393 3416
3 3416 3392 3417
3 3392 3419 3417
3 3418 3420 3419
3 3389 3421 3420
3 3387 3422 3421
3 3385 3423 3422
3 3383 3424 3423
3 3424 3425 3183
3 2903 3427 2946
3 3428 2903 2901
3 3429 2901 2875
3 2874 3429 2875
3 3431 2732 2735
3 2824 3434 2823
3 3436 3438 3435
3 3440 3435 3439
3 2723 3433 2824
3 3435 3114 3116
3 3439 3116 3118
3 3442 3413 3441
3 3441 3415 3443
3 3443 3416 3444
3 3444 3417 3445
3 3445 3419 3446
3 3419 3447 3446
3 3420 3448 3447
3 3421 3449 3448
3 3422 3450 3449
3 3423 3451 3450
3 3424 3055 3451
3 3450 2252 2251
3 3449 2251 1726
3 3448 1726 2149
3 3447 2149 1940
3 3452 3447 1940
3 3453 3446 3452
3 3454 3445 3453
3 3455 3444 3454
3 3441 3455 3456
3 3442 3456 3457
3 3458 3457 3456
3 3456 3454 3458
3 3458 3453 3460
3 3461 3458 3460
3 3460 3452 3462
3 3463 3460 3462
3 3462 1940 1359
3 3403 3400 3404
3 3406 3398 3403
3 3408 3396 3406
3 3410 3394 3408
3 3464 3412 3411
3 3466 3468 3465
3 3464 3430 3432
3 3469 3465 3464
3 3437 3431 3434
3 3466 3437 3436
3 3467 3436 3440
3 3470 3467 3471
3 3471 3440 3472
3 3472 3439 2711
3 2711 3118 3127
3 3474 3471 3473
3 3473 3472 3475
3 3475 2711 2710
3 3476 2710 2399
3 3477 3475 3476
3 3478 3473 3477
3 3391 3412 3479
3 3465 3479 3412
3 3418 3391 3479
3 3389 3479 3390
3 3468 3390 3479
3 3388 3470 3474
3 3386 3474 3478
3 3384 3478 3480
3 3481 2399 2401
3 3482 3476 3481
3 3480 3477 3482
3 3483 2401 2706
3 3057 2706 2707
3 3060 3483 3057
3 3484 3481 3483
3 3381 3480 3485
3 3485 3482 3484
3 3425 3381 3486
3 3486 3485 1961
3 3485 3060 1961
3 1960 3486 1961
3 3056 3425 3486
3 3427 3401 3487
3 3426 3402 3427
3 3428 3405 3426
3 3429 3407 3428
3 3430 3409 3429
3 3469 3432 3431
3 3433 3437 3434
3 2722 3438 3433
3 2874 3432 3430
3 2735 3434 3431
3 2946 3487 3499
3 3463 1359 3496
3 1899 1923 1900
3 1735 1717 1749
3 1954 1942 1955
3 1670 1734 1750
3 1695 1697 1691
3 1799 1863 1800
3 2062 2055 2059
3 1736 1716 1735
3 1750 1696 1694
3 942 3898 683
3 3655 3401 3604
3 1576 1763 1702
3 3916 1598 3922
3 1944 81 1943
3 67 6 247
3 146 1542 147
3 1108 1132 1101
3 1502 1906 1907
3 1498 1908 1497
3 451 734 214
3 1823 3834 3844
3 1824 2067 1823
3 1462 1021 1193
3 840 1008 1010
3 1567 1954 1533
3 1925 1926 1922
3 1909 1501 1938
3 1938 421 441
3 308 1939 307
3 1803 1865 1802
3 268 1953 55
3 2064 2059 2055
3 3811 1757 3834
3 279 551 1939
3 1874 1868 1873
3 1738 1733 1736
3 1777 1789 1787
3 309 1914 278
3 1908 1905 1953
3 1788 1777 1787
3 977 979 978
3 1583 1730 1582
3 424 310 311
3 147 114 115
3 2043 3893 2045
3 276 1938 550
3 1942 1944 1943
3 1460 1462 1463
3 2252 3055 3054
3 2980 3488 957
3 2208 3488 3054
3 2253 3054 3488
3 2997 957 3488
3 2825 2720 2723
3 3489 2720 2816
3 2815 3489 2816
3 2333 2295 2334
3 2297 2333 2335
3 2300 2335 2337
3 2310 2337 2353
3 2311 2353 2354
3 2358 2360 2359
3 2334 2358 2359
3 2413 2364 2363
3 2412 2360 2364
3 2354 2539 2540
3 2540 2538 2541
3 2721 2738 2737
3 3113 2737 3112
3 3109 3120 3119
3 3107 3119 3112
3 3121 3126 3125
3 3111 3125 3120
3 3126 1752 3134
3 3138 2528 2541
3 3743 3132 3138
3 3489 2739 2738
3 3490 2788 3489
3 227 90 87
3 244 242 241
3 247 246 190
3 1 295 294
3 144 299 266
3 326 209 327
3 328 330 329
3 249 227 235
3 238 239 229
3 372 374 373
3 177 175 174
3 1217 1227 1320
3 3861 1294 3853
3 807 823 822
3 3857 1012 1013
3 3812 1410 1412
3 2153 2158 2159
3 3844 1757 1756
3 305 1921 451
3 2156 1975 1976
3 707 2030 1473
3 1449 1226 1427
3 1671 1604 1623
3 1812 1820 1815
3 1716 1714 1717
3 175 401 346
3 1709 3915 3914
3 1711 1576 1710
3 1704 1710 1703
3 970 978 969
3 821 1093 1101
3 2908 2792 2791
3 2809 2794 2792
3 2798 2248 2799
3 3661 2909 2798
3 2768 2800 2794
3 3176 3177 3178
3 3177 3179 3178
3 3180 1392 2799
3 3180 1631 3181
3 3181 2243 3182
3 3182 2242 3179
3 3491 2789 3490
3 2807 3490 2815
3 2238 3571 2239
3 1148 3570 3569
3 1149 3566 3570
3 2201 3565 2014
3 2920 3564 2922
3 3567 2132 2927
3 1776 1758 1791
3 1200 1182 1183
3 3560 2194 2193
3 3552 2769 2767
3 3926 1686 1691
3 1515 153 502
3 3548 2973 2802
3 3549 2778 2777
3 2770 3574 3545
3 3069 3545 3557
3 3546 2774 2866
3 1375 1369 1371
3 2766 3555 2205
3 2194 3542 2766
3 2774 3541 2775
3 3376 3544 2870
3 3803 3538 2805
3 2775 3537 2804
3 2239 3534 2919
3 2919 3668 3618
3 3547 2785 2778
3 1804 1850 1803
3 3533 2786 2785
3 2950 3539 3530
3 2771 3530 3574
3 2972 3529 3535
3 2223 3536 3529
3 1956 319 509
3 305 303 302
3 2769 3527 2912
3 2912 3573 2238
3 2922 3526 2921
3 307 430 46
3 206 131 542
3 1878 1880 1879
3 3732 3524 2088
3 2474 3557 3523
3 2475 3523 3522
3 2222 3522 3536
3 3521 2802 2801
3 2036 10 1949
3 1958 449 504
3 2002 3519 2128
3 8 333 539
3 2008 3517 3566
3 2007 3535 3517
3 3876 672 3878
3 3514 2777 2783
3 2934 3512 2935
3 110 3569 3510
3 3509 2934 2937
3 682 3884 942
3 3507 2809 2908
3 735 731 728
3 1794 1802 1795
3 3504 2937 2938
3 3506 2938 2939
3 2949 3503 2948
3 2939 3503 3506
3 3800 3511 2949
3 2867 3501 2868
3 2868 3521 2801
3 1023 1022 1019
3 3499 2947 2946
3 550 441 442
3 2971 3567 2927
3 2031 3498 2971
3 215 1923 1922
3 202 200 199
3 1827 1846 1836
3 1957 448 449
3 271 177 174
3 2870 3494 1360
3 3618 3563 2920
3 2800 3642 3661
3 2004 3653 2175
3 959 898 961
3 3656 3611 3623
3 3779 3645 3150
3 3150 3592 2554
3 2192 3622 2193
3 3606 3144 3143
3 3602 2760 3144
3 3591 3143 3103
3 2925 3633 3102
3 3633 3103 3102
3 3754 3745 3752
3 565 3757 2004
3 3487 1863 3499
3 1601 2078 2077
3 2867 3610 2921
3 2921 3609 2922
3 2922 3617 2920
3 3669 2917 3613
3 3618 3613 2919
3 2920 3669 3618
3 2919 3585 2239
3 3612 2914 2917
3 2916 3621 3640
3 2915 3640 3641
3 2238 3651 2912
3 2910 3651 2756
3 3642 2910 2909
3 2796 3661 3590
3 2796 3597 2749
3 3621 2762 2764
3 3607 2763 2744
3 2193 3647 2220
3 2220 3648 2221
3 2755 3608 2754
3 2749 3608 2746
3 3668 1816 3826
3 3762 1690 1698
3 2514 3589 2547
3 2547 3592 2549
3 2512 3631 3615
3 2512 3620 2514
3 2508 3619 2288
3 2509 3632 2508
3 2288 3638 2282
3 2282 3616 2285
3 2239 3586 2238
3 3658 3623 3625
3 715 3886 3887
3 726 3760 1922
3 2164 2169 2163
3 3659 3625 3628
3 3742 3577 3756
3 2174 768 769
3 2099 2094 2098
3 3757 3756 3577
3 639 3567 1825
3 1652 3552 1650
3 1894 3529 745
3 745 3536 740
3 1652 3527 3575
3 3761 1603 1671
3 2092 2072 2077
3 958 994 883
3 961 918 985
3 1399 1397 1398
3 999 1126 1003
3 955 883 884
3 1661 3549 1660
3 2033 3545 1653
3 3925 3538 3801
3 3534 765 1816
3 3571 764 765
3 333 3570 334
3 1867 3539 1655
3 1683 1651 1677
3 1681 774 1806
3 1584 3761 1699
3 3762 1671 1672
3 2172 489 490
3 1657 3546 1751
3 3555 1649 723
3 1570 2009 1571
3 1586 3670 2079
3 2098 2076 2093
3 786 1998 785
3 1999 785 1998
3 3154 3696 3682
3 3712 3682 3788
3 2179 3684 3683
3 3495 3683 3704
3 1683 3839 1650
3 1759 3494 3544
3 2606 3692 2589
3 2580 3688 2606
3 2370 3699 3694
3 2370 3692 2371
3 2586 3674 2585
3 2585 3696 338
3 2496 3686 2502
3 2501 3686 3699
3 2493 3689 2494
3 3689 2471 2494
3 3687 2467 2471
3 3700 2468 2467
3 725 3891 629
3 580 3517 579
3 9 3569 333
3 1836 3509 1848
3 740 3522 1299
3 1298 3557 2033
3 1850 3503 1865
3 3526 1819 1818
3 579 3535 1894
3 1757 3521 3501
3 1692 3507 1805
3 3503 1866 1865
3 1893 3567 3498
3 2125 3812 3840
3 3905 3840 3911
3 2112 3866 2109
3 2178 3788 3684
3 623 3903 622
3 2191 3787 3779
3 2176 3786 3732
3 1363 3832 1337
3 3857 1469 1452
3 3134 3774 3743
3 2068 3834 2067
3 1350 3852 1351
3 2107 3900 498
3 2088 3735 3732
3 3827 1357 865
3 2000 3782 2186
3 2186 3718 2090
3 2129 3751 2003
3 2003 3748 2000
3 2013 3778 2200
3 2200 3755 2129
3 3166 3758 2968
3 3167 3719 3166
3 3158 3763 3159
3 3159 3764 3080
3 3729 3157 336
3 3157 3708 3158
3 2199 3729 3721
3 3684 3741 2203
3 3721 2196 2199
3 3789 2091 3720
3 3773 3720 2196
3 3153 3789 3773
3 3154 3705 3153
3 2090 3720 2091
3 2195 3749 3775
3 2192 3775 3780
3 3603 3780 3787
3 2085 3779 3777
3 2086 3777 3776
3 2203 3750 2204
3 2204 3749 3147
3 3908 573 691
3 2123 3776 3759
3 2207 3759 3781
3 3710 3139 3136
3 3784 3137 3139
3 3744 3138 3137
3 3770 3135 2321
3 3711 3136 3135
3 3774 3130 3132
3 3766 3131 3130
3 1812 3837 1813
3 1292 3855 1343
3 2183 3747 3731
3 2180 3731 3733
3 3764 3078 3080
3 3767 3079 3078
3 708 3874 2030
3 2773 3736 3768
3 3785 2133 3558
3 3808 765 764
3 2967 3765 2958
3 2968 3783 2967
3 2957 3736 2960
3 2131 3765 2959
3 2320 3770 3747
3 3859 1448 27
3 3904 581 709
3 3885 576 573
3 3846 1817 3826
3 704 3886 2120
3 3815 3906 697
3 2110 3910 2112
3 3809 1365 1410
3 1811 3821 1814
3 674 3851 673
3 3495 3850 674
3 2109 3867 2108
3 2103 3900 2105
3 2108 3898 943
3 3841 702 738
3 1679 3845 1683
3 1638 3818 3817
3 622 3905 696
3 2138 3865 3864
3 1807 3843 3836
3 3819 1818 1819
3 3871 3899 705
3 1645 3829 1647
3 3888 632 576
3 2138 3874 17
3 2155 3870 3873
3 673 3912 3868
3 2116 3811 2068
3 1814 3846 3822
3 3854 1443 1469
3 696 3911 3815
3 865 3835 3827
3 3863 2135 2134
3 3584 3725 3588
3 3582 3730 3584
3 3752 3737 3738
3 3739 3580 3742
3 1087 3745 1092
3 3738 3742 3752
3 2790 3492 2791
3 3491 2806 3492
3 2791 3493 2908
3 3492 2805 3493
3 3507 3493 3515
3 3515 2805 3538
3 2947 3790 3800
3 2104 3895 2103
3 3537 3803 2804
3 679 3875 682
3 1890 3909 3890
3 2904 3800 2949
3 2899 3798 2904
3 2900 3806 2876
3 2733 3805 3793
3 2876 3805 2877
3 2819 3793 2871
3 2817 3791 2826
3 2822 3791 2825
3 2821 3797 2820
3 2818 3799 3797
3 2816 3794 2815
3 2808 3794 2814
3 2807 3802 2806
3 2804 3802 2803
3 1701 3922 1598
3 3921 1796 1801
3 3914 1705 1708
3 3917 1691 1697
3 1656 3879 1878
3 1889 3894 3909
3 3771 1673 1674
3 1688 3771 3772
3 3925 3537 1687
3 3515 1688 3772
3 3916 1702 1763
3 1597 3927 1769
3 3879 1875 1878
3 1690 3924 3926
3 3924 1687 1686
3 1116 1117 3929
3 1065 1321 3929
3 1242 846 3929
3 3824 847 3929
3 1127 1116 3929
3 1128 1129 3929
3 840 1010 3929
3 1229 3862 3929
3 1241 1242 3929
3 1321 1228 3929
3 1063 1064 3929
3 1002 1127 3929
3 1228 1229 3929
3 3862 1284 3929
3 1284 1287 3929
3 847 838 3929
3 846 3824 3929
3 1117 1128 3929
3 1064 1065 3929
3 1086 1085 3929
3 1007 1001 3929
3 1010 1007 3929
3 1001 1002 3929
3 1075 1068 3929
3 837 840 3929
3 838 837 3929
3 1287 1241 3929
3 1129 1086 3929
3 1085 1075 3929
3 1068 1063 3929
3 2409 2413 3930
3 2410 2409 3930
3 3616 2284 3930
3 2393 2392 3930
3 2392 2395 3930
3 2280 2285 3930
3 2281 2279 3930
3 2397 2398 3930
3 2464 2463 3930
3 2395 2396 3930
3 2469 2468 3930
3 2398 2415 3930
3 2479 2394 3930
3 2458 2479 3930
3 2368 2281 3930
3 2459 2458 3930
3 2414 2410 3930
3 2415 2414 3930
3 2363 2362 3930
3 2285 3616 3930
3 2463 2469 3930
3 2468 3702 3930
3 2284 2464 3930
3 2413 2363 3930
3 2394 2393 3930
3 2362 2366 3930
3 2396 2397 3930
3 2279 2280 3930
3 3702 2459 3930
3 2366 2368 3930
3 3933 3936 3937
3 3933 3938 3934
3 3931 3936 3932
3 3937 3942 3938
3 3936 3939 3940
3 3936 3941 3937
3 3941 3946 3942
3 3940 3943 3944
3 3941 3944 3945
3 3946 3949 3950
3 3943 3948 3944
3 3944 3949 3945
3 3949 3954 3950
3 3948 3951 3952
3 3949 3952 3953
3 3954 3957 3958
3 3952 3955 3956
3 3952 3957 3953
3 3958 3961 3962
3 3956 3959 3960
3 3957 3960 3961
3 3961 3966 3962
3 3959 3964 3960
3 3960 3965 3961
3 3965 3970 3966
3 3964 3967 3968
3 3965 3968 3969
3 3969 3974 3970
3 3967 3972 3968
3 3968 3973 3969
3 3973 3978 3974
3 3972 3975 3976
3 3973 3976 3977
3 3978 3981 3982
3 3975 3980 3976
3 3976 3981 3977
3 3981 3986 3982
3 3980 3983 3984
3 3981 3984 3985
3 3986 3989 3990
3 3983 3988 3984
3 3984 3989 3985
3 3990 3993 3994
3 3988 3991 3992
3 3989 3992 3993
3 3994 3997 3998
3 3991 3996 3992
3 3992 3997 3993
3 3997 4002 3998
3 3996 3999 4000
3 3997 4000 4001
3 4001 4006 4002
3 3999 4004 4000
3 4000 4005 4001
3 4005 4010 4006
3 4004 4007 4008
3 4005 4008 4009
3 4010 4013 4014
3 4007 4012 4008
3 4008 4013 4009
3 4013 4018 4014
3 4012 4015 4016
3 4013 4016 4017
3 4018 4021 4022
3 4015 4020 4016
3 4016 4021 4017
3 4022 4025 4026
3 4020 4023 4024
3 4021 4024 4025
3 4026 4029 4030
3 4023 4028 4024
3 4024 4029 4025
3 4030 4033 4034
3 4028 4031 4032
3 4029 4032 4033
3 4033 4038 4034
3 4031 4036 4032
3 4032 4037 4033
3 4037 4042 4038
3 4036 4039 4040
3 4037 4040 4041
3 4042 4045 4046
3 4039 4044 4040
3 4040 4045 4041
3 4045 4050 4046
3 4044 4047 4048
3 4045 4048 4049
3 4050 4054 4055
3 4047 4053 4048
3 4048 4054 4049
3 4055 4058 4059
3 4052 4057 4053
3 4054 4057 4058
3 3931 4051 3935
3 3935 4051 3939
3 3939 4051 3943
3 3943 4051 3947
3 3947 4051 3951
3 3951 4051 3955
3 3955 4051 3959
3 3959 4051 3963
3 3963 4051 3967
3 3967 4051 3971
3 3971 4051 3975
3 3975 4051 3979
3 3979 4051 3983
3 3983 4051 3987
3 3987 4051 3991
3 3991 4051 3995
3 3995 4051 3999
3 3999 4051 4003
3 4003 4051 4007
3 4007 4051 4011
3 4011 4051 4015
3 4015 4051 4019
3 4019 4051 4023
3 4023 4051 4027
3 4027 4051 4031
3 4031 4051 4035
3 4035 4051 4039
3 4039 4051 4043
3 4043 4051 4047
3 4047 4051 4052
3 4052 4051 4056
3 4059 3933 3934
3 4057 3931 3932
3 4057 3933 4058
3 4056 4051 3931
3 4068 4080 4081
3 4065 4079 4066
3 4064 4076 4077
3 4062 4074 4075
3 4070 4084 4071
3 4068 4082 4069
3 4066 4080 4067
3 4065 4077 4078
3 4062 4076 4063
3 4060 4074 4061
3 4071 4085 4072
3 4070 4082 4083
3 4075 4089 4076
3 4073 4087 4074
3 4085 4097 4098
3 4082 4096 4083
3 4081 4093 4094
3 4078 4092 4079
3 4077 4089 4090
3 4075 4087 4088
3 4084 4096 4097
3 4081 4095 4082
3 4079 4093 4080
3 4078 4090 4091
3 4088 4102 4089
3 4087 4099 4100
3 4097 4111 4098
3 4095 4109 4096
3 4094 4106 4107
3 4091 4105 4092
3 4089 4103 4090
3 4088 4100 4101
3 4096 4110 4097
3 4094 4108 4095
3 4093 4105 4106
3 4091 4103 4104
3 4102 4114 4115
3 4099 4113 4100
3 4111 4123 4124
3 4109 4121 4122
3 4106 4120 4107
3 4104 4118 4105
3 4102 4116 4103
3 4100 4114 4101
3 4109 4123 4110
3 4108 4120 4121
3 4106 4118 4119
3 4104 4116 4117
3 4114 4128 4115
3 4113 4125 4126
3 4123 4137 4124
3 4122 4134 4135
3 4119 4133 4120
3 4118 4130 4131
3 4116 4128 4129
3 4113 4127 4114
3 4123 4135 4136
3 4121 4133 4134
3 4118 4132 4119
3 4116 4130 4117
3 4128 4140 4141
3 4125 4139 4126
3 4137 4149 4150
3 4135 4147 4148
3 4132 4146 4133
3 4130 4144 4131
3 4129 4141 4142
3 4126 4140 4127
3 4136 4148 4149
3 4134 4146 4147
3 4131 4145 4132
3 4130 4142 4143
3 4141 4153 4154
3 4139 4151 4152
3 4149 4163 4150
3 4148 4160 4161
3 4145 4159 4146
3 4143 4157 4144
3 4141 4155 4142
3 4139 4153 4140
3 4148 4162 4149
3 4147 4159 4160
3 4145 4157 4158
3 4143 4155 4156
3 4154 4166 4167
3 4152 4164 4165
3 4162 4176 4163
3 4160 4174 4161
3 4158 4172 4159
3 4157 4169 4170
3 4154 4168 4155
3 4152 4166 4153
3 4162 4174 4175
3 4160 4172 4173
3 4158 4170 4171
3 4155 4169 4156
3 4166 4180 4167
3 4164 4178 4165
3 4175 4189 4176
3 4174 4186 4187
3 4172 4184 4185
3 4169 4183 4170
3 4168 4180 4181
3 4166 4178 4179
3 4174 4188 4175
3 4172 4186 4173
3 4170 4184 4171
3 4169 4181 4182
3 4179 4193 4180
3 4177 4191 4178
3 4189 4201 4202
3 4186 4200 4187
3 4185 4197 4198
3 4182 4196 4183
3 4181 4193 4194
3 4179 4191 4192
3 4188 4200 4201
3 4185 4199 4186
3 4183 4197 4184
3 4182 4194 4195
3 4192 4206 4193
3 4191 4203 4204
3 4201 4215 4202
3 4199 4213 4200
3 4198 4210 4211
3 4195 4209 4196
3 4193 4207 4194
3 4192 4204 4205
3 4200 4214 4201
3 4198 4212 4199
3 4197 4209 4210
3 4195 4207 4208
3 4206 4218 4219
3 4203 4217 4204
3 4215 4227 4228
3 4212 4226 4213
3 4210 4224 4211
3 4208 4222 4209
3 4206 4220 4207
3 4204 4218 4205
3 4213 4227 4214
3 4212 4224 4225
3 4210 4222 4223
3 4208 4220 4221
3 4218 4232 4219
3 4217 4229 4230
3 4227 4241 4228
3 4225 4239 4226
3 4224 4236 4237
3 4222 4234 4235
3 4220 4232 4233
3 4217 4231 4218
3 4227 4239 4240
3 4225 4237 4238
3 4222 4236 4223
3 4220 4234 4221
3 4232 4244 4245
3 4229 4243 4230
3 4241 4253 4254
3 4239 4251 4252
3 4236 4250 4237
3 4234 4248 4235
3 4233 4245 4246
3 4230 4244 4231
3 4240 4252 4253
3 4238 4250 4251
3 4235 4249 4236
3 4234 4246 4247
3 4245 4257 4258
3 4243 4255 4256
3 4253 4267 4254
3 4252 4264 4265
3 4249 4263 4250
3 4247 4261 4248
3 4245 4259 4246
3 4243 4257 4244
3 4252 4266 4253
3 4251 4263 4264
3 4249 4261 4262
3 4247 4259 4260
3 4258 4270 4271
3 4256 4268 4269
3 4266 4280 4267
3 4264 4278 4265
3 4262 4276 4263
3 4261 4273 4274
3 4258 4272 4259
3 4256 4270 4257
3 4265 4279 4266
3 4264 4276 4277
3 4262 4274 4275
3 4259 4273 4260
3 4270 4284 4271
3 4268 4282 4269
3 4280 4292 4293
3 4278 4290 4291
3 4276 4288 4289
3 4273 4287 4274
3 4272 4284 4285
3 4270 4282 4283
3 4279 4291 4292
3 4276 4290 4277
3 4274 4288 4275
3 4273 4285 4286
3 4283 4297 4284
3 4281 4295 4282
3 4293 4305 4306
3 4290 4304 4291
3 4289 4301 4302
3 4286 4300 4287
3 4285 4297 4298
3 4283 4295 4296
3 4292 4304 4305
3 4289 4303 4290
3 4287 4301 4288
3 4286 4298 4299
3 4296 4310 4297
3 4295 4307 4308
3 4305 4319 4306
3 4303 4317 4304
3 4302 4314 4315
3 4299 4313 4300
3 4297 4311 4298
3 4296 4308 4309
3 4304 4318 4305
3 4303 4315 4316
3 4301 4313 4314
3 4299 4311 4312
3 4309 4323 4310
3 4307 4321 4308
3 4319 4331 4332
3 4317 4329 4330
3 4315 4327 4328
3 4312 4326 4313
3 4310 4324 4311
3 4309 4321 4322
3 4317 4331 4318
3 4315 4329 4316
3 4314 4326 4327
3 4311 4325 4312
3 4322 4336 4323
3 4321 4333 4334
3 4331 4345 4332
3 4329 4343 4330
3 4328 4340 4341
3 4326 4338 4339
3 4324 4336 4337
3 4321 4335 4322
3 4331 4343 4344
3 4329 4341 4342
3 4326 4340 4327
3 4324 4338 4325
3 4336 4349 4350
3 4333 4348 4334
3 4345 4358 4359
3 4343 4356 4357
3 4340 4355 4341
3 4339 4352 4353
3 4337 4350 4351
3 4334 4349 4335
3 4344 4357 4358
3 4342 4355 4356
3 4339 4354 4340
3 4337 4352 4338
3 4350 4362 4363
3 4348 4360 4361
3 4358 4372 4359
3 4357 4369 4370
3 4354 4368 4355
3 4353 4365 4366
3 4350 4364 4351
3 4348 4362 4349
3 4357 4371 4358
3 4356 4368 4369
3 4354 4366 4367
3 4351 4365 4352
3 4363 4375 4376
3 4361 4373 4374
3 4372 4384 4385
3 4369 4383 4370
3 4367 4381 4368
3 4366 4378 4379
3 4363 4377 4364
3 4361 4375 4362
3 4371 4383 4384
3 4369 4381 4382
3 4367 4379 4380
3 4364 4378 4365
3 4375 4389 4376
3 4373 4387 4374
3 4384 4398 4385
3 4383 4395 4396
3 4381 4393 4394
3 4378 4392 4379
3 4377 4389 4390
3 4375 4387 4388
3 4383 4397 4384
3 4381 4395 4382
3 4379 4393 4380
3 4378 4390 4391
3 4388 4402 4389
3 4386 4400 4387
3 4398 4410 4411
3 4395 4409 4396
3 4394 4406 4407
3 4392 4404 4405
3 4390 4402 4403
3 4388 4400 4401
3 4397 4409 4410
3 4394 4408 4395
3 4392 4406 4393
3 4390 4404 4391
3 4401 4415 4402
3 4400 4412 4413
3 4410 4424 4411
3 4408 4422 4409
3 4407 4419 4420
3 4405 4417 4418
3 4402 4416 4403
3 4401 4413 4414
3 4409 4423 4410
3 4407 4421 4408
3 4406 4418 4419
3 4403 4417 4404
3 4415 4427 4428
3 4412 4426 4413
3 4424 4436 4437
3 4422 4434 4435
3 4420 4432 4433
3 4417 4431 4418
3 4415 4429 4416
3 4414 4426 4427
3 4422 4436 4423
3 4420 4434 4421
3 4419 4431 4432
3 4417 4429 4430
3 4427 4441 4428
3 4425 4439 4426
3 4436 4450 4437
3 4434 4448 4435
3 4433 4445 4446
3 4431 4443 4444
3 4429 4441 4442
3 4426 4440 4427
3 4436 4448 4449
3 4434 4446 4447
3 4431 4445 4432
3 4429 4443 4430
3 4441 4453 4454
3 4438 4452 4439
3 4450 4462 4463
3 4448 4460 4461
3 4445 4459 4446
3 4443 4457 4444
3 4442 4454 4455
3 4439 4453 4440
3 4449 4461 4462
3 4446 4460 4447
3 4444 4458 4445
3 4443 4455 4456
3 4454 4466 4467
3 4452 4464 4465
3 4462 4476 4463
3 4461 4473 4474
3 4458 4472 4459
3 4456 4470 4457
3 4454 4468 4455
3 4452 4466 4453
3 4461 4475 4462
3 4460 4472 4473
3 4458 4470 4471
3 4456 4468 4469
3 4346 4072 4085
3 4346 4085 4098
3 4346 4098 4111
3 4346 4111 4124
3 4346 4124 4137
3 4346 4137 4150
3 4346 4150 4163
3 4346 4163 4176
3 4346 4176 4189
3 4346 4189 4202
3 4346 4202 4215
3 4346 4215 4228
3 4346 4228 4241
3 4346 4241 4254
3 4346 4254 4267
3 4346 4267 4280
3 4346 4280 4293
3 4346 4293 4306
3 4346 4306 4319
3 4346 4319 4332
3 4346 4332 4345
3 4346 4345 4359
3 4346 4359 4372
3 4346 4372 4385
3 4346 4385 4398
3 4346 4398 4411
3 4346 4411 4424
3 4346 4424 4437
3 4346 4437 4450
3 4346 4450 4463
3 4346 4463 4476
3 4467 4062 4063
3 4465 4060 4061
3 4476 4071 4072
3 4473 4070 4474
3 4471 4068 4472
3 4470 4065 4066
3 4467 4064 4468
3 4465 4062 4466
3 4346 4476 4072
3 4475 4070 4071
3 4473 4068 4069
3 4471 4066 4067
3 4468 4065 4469
3 3934 4464 4059
3 4464 4055 4059
3 4451 4050 4055
3 4438 4046 4050
3 4046 4412 4042
3 4042 4399 4038
3 4038 4386 4034
3 4386 4030 4034
3 4030 4360 4026
3 4360 4022 4026
3 4347 4018 4022
3 4333 4014 4018
3 4014 4307 4010
3 4010 4294 4006
3 4006 4281 4002
3 4281 3998 4002
3 3998 4255 3994
3 4255 3990 3994
3 4242 3986 3990
3 4229 3982 3986
3 3982 4203 3978
3 3978 4190 3974
3 3974 4177 3970
3 4177 3966 3970
3 3966 4151 3962
3 4151 3958 3962
3 4138 3954 3958
3 4125 3950 3954
3 3950 4099 3946
3 3946 4086 3942
3 3942 4073 3938
3 4073 3934 3938
3 4479 4482 4483
3 4479 4484 4480
3 4478 4481 4482
3 4483 4488 4484
3 4481 4486 4482
3 4482 4487 4483
3 4487 4492 4488
3 4486 4489 4490
3 4487 4490 4491
3 4492 4495 4496
3 4489 4494 4490
3 4490 4495 4491
3 4495 4500 4496
3 4494 4497 4498
3 4495 4498 4499
3 4500 4503 4504
3 4497 4502 4498
3 4498 4503 4499
3 4504 4507 4508
3 4502 4505 4506
3 4503 4506 4507
3 4508 4511 4512
3 4505 4510 4506
3 4506 4511 4507
3 4512 4515 4516
3 4510 4513 4514
3 4511 4514 4515
3 4515 4520 4516
3 4513 4518 4514
3 4514 4519 4515
3 4519 4524 4520
3 4517 4522 4518
3 4519 4522 4523
3 4524 4527 4528
3 4521 4526 4522
3 4522 4527 4523
3 4527 4532 4528
3 4526 4529 4530
3 4527 4530 4531
3 4532 4535 4536
3 4529 4534 4530
3 4530 4535 4531
3 4536 4539 4540
3 4533 4538 4534
3 4535 4538 4539
3 4540 4543 4544
3 4538 4541 4542
3 4538 4543 4539
3 4543 4548 4544
3 4541 4546 4542
3 4543 4546 4547
3 4547 4552 4548
3 4546 4549 4550
3 4546 4551 4547
3 4551 4556 4552
3 4550 4553 4554
3 4551 4554 4555
3 4556 4559 4560
3 4553 4558 4554
3 4554 4559 4555
3 4559 4564 4560
3 4558 4561 4562
3 4559 4562 4563
3 4564 4567 4568
3 4561 4566 4562
3 4562 4567 4563
3 4568 4571 4572
3 4566 4569 4570
3 4567 4570 4571
3 4571 4576 4572
3 4569 4574 4570
3 4570 4575 4571
3 4575 4580 4576
3 4574 4577 4578
3 4575 4578 4579
3 4579 4584 4580
3 4577 4582 4578
3 4578 4583 4579
3 4583 4588 4584
3 4582 4585 4586
3 4583 4586 4587
3 4588 4591 4592
3 4585 4590 4586
3 4586 4591 4587
3 4591 4596 4592
3 4590 4593 4594
3 4591 4594 4595
3 4596 4600 4601
3 4593 4599 4594
3 4594 4600 4595
3 4601 4604 4605
3 4599 4602 4603
3 4600 4603 4604
3 4477 4597 4481
3 4481 4597 4485
3 4485 4597 4489
3 4489 4597 4493
3 4493 4597 4497
3 4497 4597 4501
3 4501 4597 4505
3 4505 4597 4509
3 4509 4597 4513
3 4513 4597 4517
3 4517 4597 4521
3 4521 4597 4525
3 4525 4597 4529
3 4529 4597 4533
3 4533 4597 4537
3 4537 4597 4541
3 4541 4597 4545
3 4545 4597 4549
3 4549 4597 4553
3 4553 4597 4557
3 4557 4597 4561
3 4561 4597 4565
3 4565 4597 4569
3 4569 4597 4573
3 4573 4597 4577
3 4577 4597 4581
3 4581 4597 4585
3 4585 4597 4589
3 4589 4597 4593
3 4593 4597 4598
3 4598 4597 4602
3 4605 4479 4480
3 4602 4478 4603
3 4603 4479 4604
3 4602 4597 4477
3 4614 4626 4627
3 4611 4625 4612
3 4610 4622 4623
3 4608 4620 4621
3 4617 4629 4630
3 4614 4628 4615
3 4612 4626 4613
3 4611 4623 4624
3 4608 4622 4609
3 4606 4620 4607
3 4618 4630 4631
3 4616 4628 4629
3 4621 4635 4622
3 4619 4633 4620
3 4631 4643 4644
3 4628 4642 4629
3 4627 4639 4640
3 4625 4637 4638
3 4623 4635 4636
3 4621 4633 4634
3 4630 4642 4643
3 4627 4641 4628
3 4625 4639 4626
3 4623 4637 4624
3 4634 4648 4635
3 4633 4645 4646
3 4643 4657 4644
3 4641 4655 4642
3 4640 4652 4653
3 4638 4650 4651
3 4635 4649 4636
3 4634 4646 4647
3 4642 4656 4643
3 4641 4653 4654
3 4639 4651 4652
3 4636 4650 4637
3 4647 4661 4648
3 4645 4659 4646
3 4657 4669 4670
3 4655 4667 4668
3 4652 4666 4653
3 4650 4664 4651
3 4648 4662 4649
3 4647 4659 4660
3 4655 4669 4656
3 4653 4667 4654
3 4652 4664 4665
3 4650 4662 4663
3 4660 4674 4661
3 4659 4671 4672
3 4669 4683 4670
3 4667 4681 4668
3 4666 4678 4679
3 4664 4676 4677
3 4662 4674 4675
3 4660 4672 4673
3 4669 4681 4682
3 4666 4680 4667
3 4664 4678 4665
3 4662 4676 4663
3 4674 4686 4687
3 4671 4685 4672
3 4683 4695 4696
3 4681 4693 4694
3 4678 4692 4679
3 4677 4689 4690
3 4675 4687 4688
3 4672 4686 4673
3 4682 4694 4695
3 4680 4692 4693
3 4677 4691 4678
3 4675 4689 4676
3 4687 4699 4700
3 4685 4697 4698
3 4695 4709 4696
3 4694 4706 4707
3 4691 4705 4692
3 4690 4702 4703
3 4687 4701 4688
3 4685 4699 4686
3 4694 4708 4695
3 4693 4705 4706
3 4691 4703 4704
3 4688 4702 4689
3 4700 4712 4713
3 4698 4710 4711
3 4709 4721 4722
3 4706 4720 4707
3 4704 4718 4705
3 4703 4715 4716
3 4700 4714 4701
3 4698 4712 4699
3 4708 4720 4721
3 4706 4718 4719
3 4704 4716 4717
3 4701 4715 4702
3 4712 4726 4713
3 4710 4724 4711
3 4722 4734 4735
3 4720 4732 4733
3 4718 4730 4731
3 4715 4729 4716
3 4714 4726 4727
3 4712 4724 4725
3 4720 4734 4721
3 4718 4732 4719
3 4716 4730 4717
3 4715 4727 4728
3 4725 4739 4726
3 4723 4737 4724
3 4735 4747 4748
3 4732 4746 4733
3 4731 4743 4744
3 4729 4741 4742
3 4727 4739 4740
3 4725 4737 4738
3 4734 4746 4747
3 4731 4745 4732
3 4729 4743 4730
3 4727 4741 4728
3 4738 4752 4739
3 4737 4749 4750
3 4747 4761 4748
3 4745 4759 4746
3 4744 4756 4757
3 4742 4754 4755
3 4739 4753 4740
3 4738 4750 4751
3 4746 4760 4747
3 4744 4758 4745
3 4743 4755 4756
3 4740 4754 4741
3 4752 4764 4765
3 4749 4763 4750
3 4761 4773 4774
3 4758 4772 4759
3 4757 4769 4770
3 4754 4768 4755
3 4752 4766 4753
3 4751 4763 4764
3 4759 4773 4760
3 4757 4771 4758
3 4756 4768 4769
3 4754 4766 4767
3 4764 4778 4765
3 4763 4775 4776
3 4773 4787 4774
3 4771 4785 4772
3 4770 4782 4783
3 4768 4780 4781
3 4766 4778 4779
3 4764 4776 4777
3 4773 4785 4786
3 4770 4784 4771
3 4768 4782 4769
3 4766 4780 4767
3 4778 4790 4791
3 4775 4789 4776
3 4787 4799 4800
3 4785 4797 4798
3 4782 4796 4783
3 4781 4793 4794
3 4779 4791 4792
3 4776 4790 4777
3 4786 4798 4799
3 4784 4796 4797
3 4781 4795 4782
3 4779 4793 4780
3 4791 4803 4804
3 4789 4801 4802
3 4799 4813 4800
3 4798 4810 4811
3 4795 4809 4796
3 4794 4806 4807
3 4791 4805 4792
3 4789 4803 4790
3 4798 4812 4799
3 4797 4809 4810
3 4795 4807 4808
3 4792 4806 4793
3 4804 4816 4817
3 4802 4814 4815
3 4813 4825 4826
3 4810 4824 4811
3 4808 4822 4809
3 4807 4819 4820
3 4804 4818 4805
3 4802 4816 4803
3 4812 4824 4825
3 4810 4822 4823
3 4808 4820 4821
3 4805 4819 4806
3 4816 4830 4817
3 4814 4828 4815
3 4825 4839 4826
3 4824 4836 4837
3 4822 4834 4835
3 4819 4833 4820
3 4818 4830 4831
3 4816 4828 4829
3 4824 4838 4825
3 4822 4836 4823
3 4820 4834 4821
3 4819 4831 4832
3 4829 4843 4830
3 4827 4841 4828
3 4839 4851 4852
3 4836 4850 4837
3 4835 4847 4848
3 4833 4845 4846
3 4831 4843 4844
3 4829 4841 4842
3 4838 4850 4851
3 4835 4849 4836
3 4833 4847 4834
3 4831 4845 4832
3 4842 4856 4843
3 4841 4853 4854
3 4851 4865 4852
3 4849 4863 4850
3 4848 4860 4861
3 4846 4858 4859
3 4843 4857 4844
3 4842 4854 4855
3 4850 4864 4851
3 4848 4862 4849
3 4847 4859 4860
3 4844 4858 4845
3 4856 4868 4869
3 4854 4866 4867
3 4865 4877 4878
3 4863 4875 4876
3 4861 4873 4874
3 4858 4872 4859
3 4856 4870 4857
3 4855 4867 4868
3 4863 4877 4864
3 4861 4875 4862
3 4860 4872 4873
3 4858 4870 4871
3 4868 4882 4869
3 4867 4879 4880
3 4877 4891 4878
3 4876 4888 4889
3 4873 4887 4874
3 4872 4884 4885
3 4870 4882 4883
3 4867 4881 4868
3 4877 4889 4890
3 4875 4887 4888
3 4872 4886 4873
3 4870 4884 4871
3 4882 4895 4896
3 4879 4894 4880
3 4891 4904 4905
3 4889 4902 4903
3 4886 4901 4887
3 4884 4899 4885
3 4883 4896 4897
3 4880 4895 4881
3 4890 4903 4904
3 4888 4901 4902
3 4885 4900 4886
3 4884 4897 4898
3 4896 4908 4909
3 4894 4906 4907
3 4904 4918 4905
3 4903 4915 4916
3 4900 4914 4901
3 4898 4912 4899
3 4896 4910 4897
3 4894 4908 4895
3 4903 4917 4904
3 4902 4914 4915
3 4900 4912 4913
3 4898 4910 4911
3 4909 4921 4922
3 4907 4919 4920
3 4918 4930 4931
3 4915 4929 4916
3 4913 4927 4914
3 4912 4924 4925
3 4909 4923 4910
3 4907 4921 4908
3 4917 4929 4930
3 4915 4927 4928
3 4913 4925 4926
3 4910 4924 4911
3 4921 4935 4922
3 4919 4933 4920
3 4930 4944 4931
3 4929 4941 4942
3 4927 4939 4940
3 4924 4938 4925
3 4923 4935 4936
3 4921 4933 4934
3 4929 4943 4930
3 4927 4941 4928
3 4925 4939 4926
3 4924 4936 4937
3 4934 4948 4935
3 4932 4946 4933
3 4944 4956 4957
3 4941 4955 4942
3 4940 4952 4953
3 4937 4951 4938
3 4936 4948 4949
3 4934 4946 4947
3 4943 4955 4956
3 4940 4954 4941
3 4938 4952 4939
3 4937 4949 4950
3 4947 4961 4948
3 4946 4958 4959
3 4956 4970 4957
3 4954 4968 4955
3 4953 4965 4966
3 4950 4964 4951
3 4948 4962 4949
3 4947 4959 4960
3 4955 4969 4956
3 4953 4967 4954
3 4952 4964 4965
3 4950 4962 4963
3 4961 4973 4974
3 4958 4972 4959
3 4970 4982 4983
3 4967 4981 4968
3 4965 4979 4966
3 4963 4977 4964
3 4961 4975 4962
3 4959 4973 4960
3 4968 4982 4969
3 4966 4980 4967
3 4965 4977 4978
3 4963 4975 4976
3 4974 4986 4987
3 4972 4984 4985
3 4982 4996 4983
3 4980 4994 4981
3 4978 4992 4979
3 4977 4989 4990
3 4975 4987 4988
3 4972 4986 4973
3 4982 4994 4995
3 4980 4992 4993
3 4977 4991 4978
3 4975 4989 4976
3 4987 4999 5000
3 4984 4998 4985
3 4996 5008 5009
3 4994 5006 5007
3 4991 5005 4992
3 4990 5002 5003
3 4988 5000 5001
3 4985 4999 4986
3 4995 5007 5008
3 4993 5005 5006
3 4990 5004 4991
3 4988 5002 4989
3 5000 5012 5013
3 4998 5010 5011
3 5008 5022 5009
3 5007 5019 5020
3 5004 5018 5005
3 5003 5015 5016
3 5000 5014 5001
3 4998 5012 4999
3 5007 5021 5008
3 5006 5018 5019
3 5004 5016 5017
3 5001 5015 5002
3 4892 4618 4631
3 4892 4631 4644
3 4892 4644 4657
3 4892 4657 4670
3 4892 4670 4683
3 4892 4683 4696
3 4892 4696 4709
3 4892 4709 4722
3 4892 4722 4735
3 4892 4735 4748
3 4892 4748 4761
3 4892 4761 4774
3 4892 4774 4787
3 4892 4787 4800
3 4892 4800 4813
3 4892 4813 4826
3 4892 4826 4839
3 4892 4839 4852
3 4892 4852 4865
3 4892 4865 4878
3 4892 4878 4891
3 4892 4891 4905
3 4892 4905 4918
3 4892 4918 4931
3 4892 4931 4944
3 4892 4944 4957
3 4892 4957 4970
3 4892 4970 4983
3 4892 4983 4996
3 4892 4996 5009
3 4892 5009 5022
3 5013 4608 4609
3 5011 4606 4607
3 5021 4618 5022
3 5019 4616 5020
3 5017 4614 5018
3 5016 4611 4612
3 5013 4610 5014
3 5011 4608 5012
3 4892 5022 4618
3 5020 4617 5021
3 5019 4614 4615
3 5017 4612 4613
3 5014 4611 5015
3 4480 5010 4605
3 5010 4601 4605
3 4997 4596 4601
3 4984 4592 4596
3 4592 4958 4588
3 4588 4945 4584
3 4584 4932 4580
3 4932 4576 4580
3 4576 4906 4572
3 4906 4568 4572
3 4893 4564 4568
3 4879 4560 4564
3 4560 4853 4556
3 4556 4840 4552
3 4552 4827 4548
3 4827 4544 4548
3 4544 4801 4540
3 4801 4536 4540
3 4788 4532 4536
3 4775 4528 4532
3 4528 4749 4524
3 4524 4736 4520
3 4520 4723 4516
3 4723 4512 4516
3 4512 4697 4508
3 4697 4504 4508
3 4684 4500 4504
3 4671 4496 4500
3 4496 4645 4492
3 4492 4632 4488
3 4488 4619 4484
3 4619 4480 4484
3 3 2 1
3 7 6 5
3 12 15 14
3 16 27 18
3 31 30 29
3 35 34 33
3 36 39 38
3 20 21 22
3 24 25 26
3 40 43 42
3 47 46 45
3 51 50 49
3 52 55 54
3 59 58 57
3 28 29 61
3 65 64 63
3 66 4 5
3 71 70 69
3 75 74 73
3 76 79 78
3 80 83 82
3 58 86 85
3 87 90 89
3 95 94 93
3 99 98 97
3 100 103 102
3 105 104 33
3 107 115 114
3 116 118 35
3 123 126 125
3 130 129 128
3 131 101 133
3 141 140 139
3 147 105 59
3 143 142 126
3 148 151 150
3 155 154 153
3 158 149 157
3 115 107 163
3 170 169 168
3 173 125 172
3 178 181 180
3 185 188 187
3 193 196 195
3 198 141 138
3 205 208 207
3 212 211 210
3 201 214 213
3 95 92 215
3 91 237 42
3 96 183 245
3 249 248 228
3 251 253 57
3 257 256 255
3 259 90 228
3 109 110 111
3 113 263 262
3 264 267 266
3 55 52 269
3 273 272 248
3 184 182 62
3 279 278 277
3 284 283 282
3 287 218 210
3 140 141 91
3 288 289 174
3 147 115 104
3 311 310 169
3 237 261 41
3 317 162 159
3 309 308 307
3 240 238 324
3 159 229 239
3 46 47 306
3 107 108 314
3 344 84 85
3 347 350 349
3 355 358 357
3 354 353 352
3 362 30 31
3 363 251 252
3 365 124 367
3 182 371 370
3 162 161 160
3 208 225 100
3 377 376 164
3 378 294 380
3 382 381 2
3 283 284 385
3 386 126 388
3 390 258 228
3 72 280 396
3 404 407 406
3 202 217 410
3 413 120 412
3 0 355 356
3 276 275 130
3 253 343 56
3 357 383 414
3 416 415 385
3 400 399 191
3 418 388 126
3 420 180 181
3 102 300 301
3 427 366 367
3 379 389 358
3 61 203 265
3 139 140 430
3 356 357 350
3 355 0 378
3 414 391 402
3 436 427 435
3 437 440 439
3 187 450 449
3 264 454 180
3 223 184 63
3 236 211 212
3 274 130 127
3 280 281 459
3 49 461 78
3 72 73 281
3 467 466 465
3 389 354 351
3 481 484 483
3 488 487 486
3 492 495 494
3 471 470 469
3 501 500 499
3 219 220 221
3 511 418 142
3 517 516 510
3 512 238 229
3 204 29 30
3 188 369 450
3 162 317 531
3 532 223 224
3 445 447 446
3 334 540 539
3 543 511 545
3 328 518 290
3 198 533 261
3 384 385 415
3 531 189 190
3 362 116 117
3 577 580 579
3 572 571 570
3 560 562 561
3 240 259 258
3 589 592 591
3 544 545 594
3 502 153 154
3 605 624 623
3 477 480 479
3 645 648 647
3 589 590 688
3 563 564 650
3 727 245 183
3 713 723 715
3 691 573 574
3 540 334 580
3 345 67 247
3 160 230 229
3 127 128 93
3 697 704 703
3 573 576 575
3 289 288 400
3 629 630 724
3 732 735 734
3 754 465 495
3 758 479 480
3 756 762 761
3 763 495 465
3 767 766 3807
3 758 759 487
3 491 473 474
3 473 769 768
3 772 467 464
3 770 773 485
3 483 484 774
3 773 775 488
3 494 495 763
3 494 756 760
3 136 396 783
3 324 238 796
3 164 518 50
3 368 31 28
3 729 730 567
3 89 301 300
3 242 117 515
3 799 733 805
3 816 814 807
3 815 807 822
3 305 302 446
3 814 809 808
3 828 829 827
3 725 724 500
3 273 426 423
3 878 881 880
3 883 882 878
3 218 217 216
3 905 904 903
3 454 203 204
3 897 881 829
3 902 899 879
3 376 290 518
3 922 948 947
3 945 946 950
3 3518 739 738
3 899 898 885
3 224 63 64
3 181 444 441
3 808 951 946
3 953 959 961
3 926 949 964
3 884 878 879
3 924 926 965
3 342 341 340
3 964 963 970
3 967 970 969
3 971 967 968
3 962 960 980
3 335 336 337
3 991 992 826
3 809 814 995
3 1006 1000 1001
3 1011 825 826
3 1010 1008 1006
3 293 292 291
3 906 907 919
3 1016 578 1018
3 1019 1022 1021
3 1034 1023 1019
3 1060 1059 1046
3 1062 1060 1045
3 1043 1019 1020
3 1101 1093 1096
3 1115 1125 1117
3 1015 1014 1013
3 880 896 903
3 815 1115 1126
3 1093 947 948
3 513 341 166
3 145 144 80
3 1132 1134 1129
3 1101 1132 1125
3 821 1125 1115
3 1144 1142 1147
3 1075 1143 1150
3 1147 1142 1085
3 1108 1096 1113
3 1153 1152 1155
3 1152 924 966
3 3463 3496 462
3 1143 1146 1151
3 1155 966 1162
3 1163 1161 1168
3 1144 1170 1175
3 1113 1114 1153
3 1182 1154 1163
3 1183 1182 1176
3 1068 1150 1061
3 1022 1190 1193
3 1161 1162 1169
3 1194 1183 1184
3 1182 1195 1175
3 1200 1062 1151
3 1060 1062 1200
3 3824 846 842
3 1202 1201 1194
3 1201 1200 1183
3 1217 1059 1202
3 1059 1060 1201
3 1224 1217 1216
3 670 694 693
3 1218 1216 1023
3 1216 1202 1033
3 1225 1013 1014
3 1242 1241 1233
3 1230 1229 1228
3 846 1242 1232
3 842 1232 1243
3 1232 1233 1244
3 1922 3760 232
3 2099 2107 498
3 3913 3863 2134
3 60 61 322
3 209 210 216
3 1298 1309 1308
3 3862 1229 1230
3 1065 1046 1320
3 1321 1320 1227
3 1059 1217 1320
3 1324 1323 1322
3 1243 1244 1331
3 1289 1233 1241
3 1336 1329 1338
3 1329 1331 1339
3 1340 1331 1244
3 1341 1339 1331
3 1342 1341 1340
3 1343 1340 1293
3 3856 3855 1344
3 1346 1347 1341
3 3855 3853 1294
3 1348 1349 1347
3 3860 1348 1346
3 3852 1346 1342
3 905 897 828
3 904 905 1352
3 864 1355 1354
3 1354 1352 828
3 1356 1354 824
3 1355 1353 1352
3 3833 1336 1337
3 865 1357 1355
3 1357 1358 1353
3 3827 877 1336
3 837 1361 1011
3 1362 1363 1337
3 1367 1362 1338
3 1347 1367 1339
3 1370 1368 3823
3 523 524 525
3 527 528 529
3 1371 1369 1368
3 534 535 536
3 1366 1367 1347
3 1369 1353 1358
3 1368 1358 3832
3 1372 909 902
3 554 555 556
3 1373 908 909
3 1372 903 904
3 1373 1372 1374
3 1374 904 1353
3 1377 919 907
3 375 372 650
3 1387 927 972
3 585 586 587
3 1389 1388 1387
3 1390 1387 968
3 596 597 598
3 599 600 601
3 1391 1390 969
3 607 608 609
3 611 523 522
3 613 614 615
3 616 617 24
3 619 620 621
3 1396 1389 1390
3 1397 1396 1391
3 1399 986 919
3 1401 1402 1164
3 635 636 637
3 929 1403 1401
3 640 641 642
3 928 1401 1168
3 1403 1404 1402
3 1410 1365 1364
3 1411 1405 1414
3 651 652 653
3 608 655 656
3 658 659 660
3 557 662 585
3 664 665 666
3 1412 1410 1405
3 1417 1415 3809
3 1416 1371 1370
3 1415 1370 3828
3 1418 1416 1415
3 1385 908 1373
3 676 677 678
3 1384 1385 1419
3 1419 1373 1375
3 684 685 686
3 1420 1419 1421
3 527 689 690
3 1421 1375 1371
3 1017 1018 746
3 698 699 700
3 1423 577 578
3 3662 1596 1766
3 699 698 710
3 1092 3745 3753
3 716 717 529
3 720 721 722
3 703 1649 3542
3 18 1428 1425
3 1428 1427 1426
3 1657 1658 3541
3 1438 1436 1433
3 1436 1435 1434
3 1425 1426 1432
3 1441 1430 1431
3 741 742 743
3 1431 1432 1440
3 750 751 752
3 1437 1433 1402
3 1445 1444 1443
3 1446 1447 1445
3 3859 1446 1442
3 1414 1366 1444
3 1413 1414 1445
3 2172 1682 468
3 776 777 778
3 779 780 781
3 1675 1692 1805
3 3858 1450 1348
3 788 789 790
3 744 791 792
3 651 793 794
3 1454 1457 1456
3 1453 1366 1349
3 609 690 801
3 3830 3815 697
3 1351 1043 1044
3 1014 1015 1458
3 810 811 812
3 2117 3814 3816
3 818 819 820
3 1465 1462 1193
3 1466 1467 1464
3 1181 1164 1467
3 831 811 832
3 834 835 836
3 1466 1465 1189
3 1468 1469 1443
3 839 699 711
3 1452 1469 1468
3 598 843 844
3 1225 1449 3848
3 850 851 852
3 854 743 855
3 857 858 859
3 860 861 862
3 1013 1225 3854
3 866 675 867
3 869 870 871
3 873 874 875
3 1309 1322 1470
3 1475 1432 1426
3 1460 1475 1474
3 886 887 888
3 787 790 891
3 893 894 895
3 1459 1474 1226
3 900 901 523
3 1464 1477 1476
3 1864 3502 3499
3 910 911 912
3 915 916 917
3 1849 3504 3506
3 920 921 894
3 1478 1434 1435
3 925 663 666
3 1480 561 562
3 268 1482 83
3 930 931 932
3 933 934 613
3 935 684 687
3 937 658 661
3 1483 269 121
3 940 941 834
3 319 320 508
3 1848 3509 3504
3 83 1482 1483
3 1486 1489 1487
3 1756 1757 3501
3 364 1491 1490
3 460 78 79
3 116 362 361
3 1493 539 540
3 925 600 956
3 1476 1440 1432
3 1708 1587 1584
3 118 116 1495
3 270 1496 503
3 510 516 188
3 344 1495 1491
3 56 343 298
3 1500 1498 267
3 266 267 1498
3 973 974 975
3 1677 1651 1692
3 3845 1681 1806
3 556 981 662
3 982 940 983
3 1442 1443 3848
3 420 1499 267
3 988 989 990
3 1489 1486 417
3 278 279 308
3 996 867 675
3 997 25 998
3 1503 417 37
3 1505 1507 1506
3 359 360 1507
3 1505 1485 206
3 938 1004 1005
3 269 1483 1482
3 65 62 545
3 1009 741 792
3 366 427 436
3 243 30 362
3 1669 3531 3533
3 208 205 1509
3 387 388 425
3 426 273 249
3 160 519 520
3 99 245 44
3 1024 1025 607
3 1028 1029 1030
3 938 661 1032
3 40 41 593
3 1035 779 782
3 701 700 1037
3 1039 1040 1041
3 361 31 368
3 186 1519 476
3 69 1486 538
3 1048 599 602
3 612 866 868
3 859 1049 1050
3 1004 1051 1052
3 752 1054 1055
3 1056 1057 1058
3 292 287 1521
3 287 211 1520
3 291 1521 1522
3 330 1506 1507
3 305 451 452
3 99 43 40
3 461 1523 77
3 329 330 1523
3 634 1066 1067
3 1484 1526 1525
3 205 1484 1527
3 1069 1070 1071
3 941 940 1072
3 915 932 1074
3 439 1528 1529
3 156 157 1513
3 1528 161 4
3 370 594 545
3 789 585 662
3 1076 857 856
3 1402 1433 1434
3 1079 1080 1081
3 530 519 1528
3 20 1082 1083
3 271 1531 1530
3 689 711 801
3 334 3570 3566
3 1089 1029 1028
3 1091 794 793
3 1532 395 136
3 660 659 1094
3 68 443 444
3 1098 1099 1100
3 37 38 1535
3 1103 1104 1105
3 851 1106 1107
3 1376 907 908
3 290 376 410
3 315 1535 515
3 538 1487 1532
3 1504 1535 315
3 1109 1110 1111
3 1538 1536 459
3 521 440 1536
3 833 836 1119
3 1121 1122 1123
3 611 1124 1040
3 934 792 614
3 275 277 129
3 1685 3548 3521
3 192 189 1540
3 230 520 1539
3 555 1036 981
3 364 252 84
3 189 531 317
3 1809 764 3573
3 3923 1866 3511
3 1131 982 984
3 207 100 101
3 1133 1032 661
3 1490 517 79
3 428 132 1541
3 1136 1137 914
3 171 435 427
3 1138 1139 1140
3 548 95 53
3 1516 1518 1517
3 833 1118 983
3 1542 512 285
3 1543 796 238
3 132 133 1543
3 505 360 256
3 419 326 327
3 1157 1158 1159
3 586 1103 1102
3 606 1160 1026
3 303 1545 1544
3 363 1490 76
3 68 69 197
3 699 839 1111
3 3876 625 3524
3 1165 718 656
3 1166 1167 857
3 1299 3522 3523
3 1171 1172 1173
3 217 202 199
3 1178 1179 1180
3 371 182 96
3 88 103 226
3 1185 1186 1187
3 171 172 1516
3 1481 83 80
3 1089 1191 1192
3 393 394 352
3 525 524 1197
3 1198 1199 1025
3 605 622 696
3 1203 1204 1205
3 1206 1207 522
3 1208 1209 866
3 913 912 684
3 1477 1435 1440
3 1028 1027 1160
3 1210 1211 1212
3 3857 1452 1450
3 843 1214 1215
3 422 192 272
3 1219 1220 1221
3 21 1222 1223
3 881 897 896
3 1518 1516 172
3 1188 1187 1231
3 348 349 549
3 1070 1234 1235
3 1236 1237 1238
3 1220 1185 1188
3 1509 1527 1511
3 938 1031 1240
3 1555 1529 4
3 1552 1553 393
3 403 1555 66
3 1246 1247 1248
3 141 198 237
3 1250 1066 634
3 849 1251 1252
3 1253 1166 1076
3 56 131 132
3 442 429 551
3 1186 1171 1174
3 1255 1069 830
3 431 404 381
3 740 747 746
3 433 349 350
3 348 431 382
3 250 123 1480
3 394 383 351
3 1517 1518 1549
3 1557 409 377
3 108 262 313
3 284 1513 1512
3 394 393 392
3 201 202 409
3 416 407 404
3 1245 1256 1257
3 2 1558 296
3 1258 1259 1260
3 402 403 346
3 954 953 952
3 461 49 50
3 1095 1094 686
3 428 146 59
3 895 1263 1264
3 1266 720 1267
3 422 423 326
3 36 178 179
3 19 22 1186
3 1255 1167 1070
3 1187 1174 1268
3 1235 1269 1270
3 1271 535 534
3 564 563 462
3 1272 791 744
3 875 1253 1254
3 315 32 163
3 436 1515 502
3 193 1493 1494
3 1274 1275 863
3 623 624 630
3 1276 1273 1136
3 568 567 566
3 1480 123 124
3 323 324 546
3 1278 1107 1106
3 1524 331 328
3 1280 1277 1136
3 170 167 1552
3 1487 72 395
3 1556 1560 1561
3 1281 855 1205
3 1052 1276 1277
3 777 776 606
3 712 582 3565
3 250 224 143
3 3 356 347
3 708 707 706
3 727 47 44
3 260 134 1562
3 788 1285 1286
3 73 313 262
3 402 283 384
3 1177 1180 1239
3 1222 1258 1288
3 1219 19 1185
3 295 1517 353
3 783 458 1537
3 1180 1179 1290
3 1268 1291 1256
3 1565 1537 437
3 135 783 1565
3 1562 1563 168
3 106 113 108
3 1296 1281 1297
3 1463 1476 1475
3 1519 186 506
3 1300 1301 1302
3 1305 1306 1307
3 174 455 1531
3 1531 455 199
3 1310 1265 1311
3 871 1313 1314
3 3835 842 877
3 1304 1307 863
3 1039 1274 862
3 1563 1565 398
3 591 1575 1574
3 590 1574 1087
3 1580 1583 1582
3 1195 1151 1146
3 709 581 582
3 284 406 407
3 952 953 960
3 1593 1591 1588
3 1584 1587 1586
3 1591 1590 1589
3 3884 944 943
3 1599 1598 1597
3 1603 1602 1601
3 1398 1391 978
3 1588 1589 1595
3 1609 1608 1607
3 297 256 360
3 550 551 275
3 1626 1625 3813
3 858 810 817
3 1077 856 1327
3 1554 438 1529
3 571 572 679
3 771 464 775
3 976 1280 917
3 403 402 391
3 1053 1330 749
3 1643 1644 1642
3 931 1264 1081
3 1066 1332 1333
3 1539 1538 263
3 596 1334 642
3 470 760 761
3 1641 695 3830
3 1643 1641 3841
3 922 945 949
3 95 548 547
3 519 530 521
3 444 443 442
3 848 838 847
3 479 758 754
3 1645 759 480
3 310 425 1566
3 463 462 3496
3 3496 1359 1360
3 233 236 235
3 189 192 191
3 152 153 151
3 230 286 285
3 1551 1552 1550
3 759 1645 1647
3 3831 1646 1648
3 827 826 825
3 51 166 165
3 1662 1661 1660
3 286 106 114
3 667 670 669
3 633 644 639
3 552 559 558
3 117 35 32
3 491 483 490
3 3551 1651 1650
3 581 588 583
3 383 394 391
3 1380 1381 1382
3 1561 1560 434
3 951 952 950
3 3528 3565 582
3 1659 1660 1666
3 1393 1394 1395
3 1659 1664 1663
3 1670 1669 1668
3 1623 1624 1672
3 1406 1407 1408
3 1676 1675 1674
3 1612 1678 1676
3 1678 1677 1675
3 1625 1680 3810
3 533 198 197
3 802 732 733
3 399 247 190
3 64 65 142
3 3525 1656 1655
3 401 158 156
3 628 627 626
3 460 476 48
3 757 756 494
3 795 786 785
3 405 406 1512
3 341 342 165
3 1693 1658 1657
3 1691 1686 1693
3 3556 1692 1651
3 3920 1703 1702
3 325 546 301
3 3915 3920 1701
3 3918 3917 1697
3 1698 1690 3926
3 1556 405 1559
3 1126 1115 1116
3 399 400 288
3 1705 1701 1706
3 1706 1701 1598
3 1708 1705 1707
3 1713 1711 1710
3 3918 3914 1708
3 1703 1710 1576
3 1715 1713 1712
3 1558 1561 1548
3 1721 1720 1719
3 1334 596 595
3 409 410 376
3 972 1169 1162
3 167 168 398
3 1570 681 1088
3 1571 680 681
3 748 645 646
3 1729 1723 1722
3 1593 1581 1728
3 1728 1722 1590
3 1383 1377 1376
3 1731 1730 1711
3 1723 1729 1730
3 1721 1723 1731
3 1720 1721 1732
3 1733 1732 1715
3 1734 1736 1735
3 1732 1731 1713
3 1662 1663 1740
3 1741 1664 1739
3 1737 1738 1736
3 1664 1659 1665
3 1664 1741 1743
3 1724 1725 1745
3 1590 1724 1744
3 1589 1744 1746
3 1744 1745 1747
3 1658 1687 3537
3 3286 1759 3544
3 1184 1176 1181
3 1663 1743 1748
3 1740 1748 1738
3 1745 1741 1742
3 1725 1743 1741
3 1114 923 1152
3 1653 3545 3574
3 1895 3561 3548
3 1719 1748 1743
3 1720 1738 1748
3 1749 1717 1700
3 1696 1735 1749
3 1150 1151 1062
3 1750 1751 1669
3 1694 1657 1751
3 960 961 985
3 1769 1768 1767
3 1765 1593 1592
3 1730 1758 1578
3 1578 1776 1773
3 3927 1771 1770
3 1763 1771 3927
3 1776 1775 1774
3 3761 3762 1698
3 1003 1126 1127
3 1773 1774 1770
3 986 1399 1398
3 1577 1773 1771
3 1782 1781 1780
3 1596 1597 1769
3 638 1877 3894
3 3927 3928 1768
3 1792 1791 1788
3 3928 3919 1797
3 3507 3515 3772
3 1801 1866 3923
3 1787 1789 1793
3 1792 1793 1794
3 3772 3771 1674
3 1583 1580 1782
3 1770 1796 3919
3 1800 1798 1797
3 1767 1768 1797
3 1774 1795 1796
3 507 513 514
3 1795 1802 1801
3 1799 1797 3919
3 1793 1804 1803
3 3531 1669 1751
3 484 1807 1806
3 3808 3843 1639
3 3836 3843 1809
3 484 481 1639
3 1689 1690 3769
3 486 487 1647
3 3838 1812 1815
3 3837 1810 1647
3 3838 1811 1810
3 1811 1808 486
3 1640 1808 766
3 464 465 754
3 766 1814 3822
3 3821 1815 3825
3 1808 1811 1814
3 3836 1652 1650
3 674 671 3540
3 1813 1648 1821
3 1820 1821 3820
3 1823 1821 1648
3 1826 1848 1849
3 1667 1668 1661
3 1778 1779 1847
3 1789 1826 1804
3 1832 1835 1852
3 3520 3505 692
3 1613 1614 1615
3 1851 1852 3497
3 1619 1620 1621
3 1854 1764 1573
3 1846 1851 3500
3 1765 1764 1854
3 1628 1629 1630
3 1632 1621 1633
3 1634 1635 1636
3 1847 1832 1851
3 1854 1860 1862
3 1802 1865 1866
3 1861 1862 1830
3 1781 1854 1861
3 3921 3923 1864
3 1872 1871 1869
3 1873 1868 798
3 2044 3877 3896
3 1218 1344 1294
3 1614 1613 1395
3 3883 3894 1876
3 644 3897 3785
3 1344 1218 1034
3 633 638 3883
3 14 1886 1326
3 3909 3894 1877
3 1893 603 604
3 3505 3550 626
3 3559 639 644
3 339 340 453
3 1896 193 194
3 1888 1881 1876
3 1900 93 128
3 195 748 753
3 1704 1703 3920
3 339 377 165
3 1569 1479 562
3 1903 1493 193
3 1780 1861 1831
3 1904 548 54
3 999 993 994
3 985 918 919
3 1190 1184 1189
3 2093 2076 2074
3 1919 1920 1918
3 452 453 1911
3 1914 1918 1917
3 3881 2111 2105
3 1654 3574 3530
3 1915 1917 1925
3 703 3553 3560
3 277 1915 1924
3 3564 3563 1817
3 1096 948 1114
3 1926 1927 726
3 3577 3578 3653
3 1919 309 306
3 1928 306 47
3 502 503 1496
3 1901 1902 786
3 1815 1820 3819
3 1924 1925 1922
3 1534 1568 1567
3 253 251 257
3 1508 1496 365
3 118 85 34
3 218 287 292
3 140 45 46
3 541 204 243
3 1939 551 429
3 1778 1827 1826
3 1700 1709 3914
3 1660 3549 3514
3 269 52 753
3 196 1946 748
3 1726 1727 1211
3 52 53 231
3 1464 1467 1478
3 1283 3861 3853
3 1950 445 411
3 167 397 1553
3 1485 1484 205
3 505 76 77
3 993 1000 1006
3 950 952 962
3 1012 3858 3860
3 3825 3819 1819
3 1497 1908 1953
3 298 297 542
3 1753 1754 1755
3 1680 468 1682
3 1695 1693 1694
3 12 13 737
3 472 475 474
3 481 1640 767
3 203 61 29
3 1760 1761 819
3 610 1762 1124
3 1500 1502 1907
3 1073 1072 710
3 1959 1943 81
3 119 1955 1959
3 34 85 86
3 1772 1198 1024
3 1964 1544 1568
3 493 760 470
3 1965 1966 1968
3 445 1950 1970
3 173 367 124
3 1579 1578 1577
3 1784 1785 1786
3 1971 1545 303
3 1253 875 874
3 1972 340 341
3 320 1911 1972
3 1909 276 274
3 508 1972 513
3 1485 1506 1526
3 1973 1873 803
3 1976 1975 1973
3 1979 447 1965
3 378 0 1
3 1717 1714 1709
3 883 994 991
3 1679 1683 1677
3 901 989 524
3 343 254 255
3 134 137 136
3 447 445 1966
3 588 604 603
3 909 908 907
3 1980 1965 1967
3 1981 1980 1986
3 1987 1978 1986
3 1989 1987 1988
3 1990 1988 1992
3 321 320 319
3 991 827 829
3 1143 1075 1085
3 1994 1976 1977
3 1132 1128 1117
3 1996 1994 1993
3 869 1822 1334
3 804 805 1981
3 726 183 1999
3 1995 1993 1987
3 1993 1977 1978
3 1828 615 791
3 1829 1072 940
3 797 802 799
3 728 731 730
3 2010 2011 2022
3 1833 1834 845
3 401 282 283
3 2021 2022 2023
3 1837 717 988
3 809 954 951
3 1822 1838 1839
3 1429 1425 1431
3 1214 843 1840
3 1315 1207 872
3 2111 1400 1383
3 1841 1842 1843
3 1158 845 844
3 836 26 1845
3 1970 1950 2029
3 516 368 369
3 1470 2025 2026
3 3550 3524 625
3 2173 2174 769
3 934 933 1853
3 1612 1618 1610
3 1230 1227 1224
3 1855 1856 890
3 1299 1308 747
3 1149 1148 1857
3 1642 605 695
3 1214 1264 1263
3 1319 1859 901
3 1955 1942 1943
3 2030 667 668
3 2033 1324 1309
3 1878 1879 1655
3 39 244 241
3 1991 1992 2038
3 887 957 956
3 1881 1888 1995
3 1077 1137 1254
3 1870 911 1191
3 293 410 217
3 1322 2040 2025
3 122 1959 82
3 1323 2035 2040
3 383 357 358
3 1323 1324 2037
3 1882 1883 1884
3 286 1539 113
3 1095 1885 1133
3 914 1328 930
3 805 1979 1980
3 3532 3528 583
3 1424 2029 2041
3 1017 2041 1947
3 3561 1895 739
3 1947 2041 648
3 1880 1881 1989
3 1899 128 129
3 991 994 993
3 922 926 924
3 3877 2044 2046
3 1642 2047 624
3 2049 2051 2050
3 2044 1404 1403
3 3875 2046 944
3 1138 1079 1078
3 1036 1855 891
3 2054 2052 2056
3 1197 988 717
3 1618 2057 1611
3 2057 1604 1605
3 2058 2059 1606
3 2057 1618 1623
3 70 71 178
3 404 405 1556
3 321 1547 1971
3 2060 2051 2062
3 2065 2064 2066
3 2051 2060 2063
3 1608 1609 2065
3 1514 150 151
3 1008 826 992
3 1643 3842 3814
3 278 1914 1915
3 1284 3862 3861
3 1646 2065 1824
3 2055 2056 2066
3 318 319 1952
3 666 665 1912
3 2069 630 624
3 2051 2049 2054
3 2037 1653 1654
3 1605 1600 2072
3 1234 1916 1269
3 2071 2072 2074
3 2058 1605 2071
3 2073 2074 2076
3 1600 1601 2077
3 2048 2047 1642
3 999 1003 1000
3 1088 942 683
3 1930 1285 1305
3 1461 1458 1020
3 1931 1932 1933
3 874 873 1845
3 1935 1050 1936
3 43 44 45
3 1533 1954 1955
3 1540 317 316
3 2080 2081 2083
3 145 1944 1958
3 1359 1940 1941
3 984 983 1031
3 1994 1996 1891
3 2078 2079 2081
3 2094 2095 2075
3 2080 2092 2077
3 2054 2049 2053
3 500 2095 2094
3 2096 2099 2098
3 2097 2098 2093
3 2139 2140 3892
3 2140 2045 3893
3 2050 2069 2047
3 591 2101 2100
3 2070 2063 2075
3 2101 2096 2097
3 592 2102 2101
3 1018 1894 745
3 1949 10 11
3 724 2070 2095
3 1384 2104 2103
3 1378 2103 2105
3 2106 2107 2099
3 3907 725 501
3 3895 501 498
3 939 1388 2108
3 927 928 1169
3 3867 589 683
3 1961 1962 1963
3 3877 679 572
3 2038 1992 1967
3 1388 1389 2109
3 1397 2110 2112
3 3756 3754 3752
3 3910 3882 2106
3 948 922 923
3 259 240 323
3 1389 1396 2112
3 2069 2050 2063
3 3866 3910 2102
3 2104 1384 1420
3 2113 1420 1422
3 3891 2113 2114
3 3907 2104 2113
3 553 2115 1901
3 971 1162 966
3 1764 1592 1572
3 1983 1984 1985
3 2052 2116 2068
3 3572 3555 723
3 1624 1676 1673
3 3880 3887 2118
3 3902 2114 2122
3 55 1953 1905
3 625 3876 3878
3 2000 2001 2002
3 3911 3840 2126
3 2005 2006 2007
3 2126 1412 1411
3 2013 2014 2015
3 2017 2018 2019
3 1494 1423 1946
3 1378 1376 1385
3 3813 3810 1679
3 2028 1884 1883
3 3901 2127 2119
3 628 3878 3913
3 681 682 942
3 723 1649 2120
3 1756 1818 3820
3 764 1809 3843
3 3850 713 714
3 705 706 3869
3 980 985 986
3 1456 1867 1655
3 2016 2015 2031
3 1457 1654 1867
3 1775 1776 1791
3 1958 1944 1945
3 3662 3714 3724
3 3912 3880 2121
3 1092 1088 688
3 965 964 967
3 3851 714 3880
3 2171 3576 2169
3 669 2137 2136
3 3760 786 1902
3 1428 18 27
3 963 962 977
3 3840 3812 1412
3 1472 1473 668
3 3833 3832 1358
3 2137 797 1869
3 1871 1472 2136
3 714 715 3887
3 1880 1990 1991
3 3842 3841 738
3 1836 1846 3512
3 252 57 58
3 1807 3836 3839
3 1646 3831 3817
3 3864 3865 670
3 2111 3881 3882
3 1404 2044 2043
3 3828 3823 1363
3 272 1540 390
3 575 631 3519
3 3874 3864 667
3 1429 1430 2139
3 2135 3849 3859
3 1429 2138 17
3 3892 3893 569
3 1441 1438 2045
3 1430 1441 2140
3 3868 3912 3849
3 3807 3822 1816
3 3865 3892 694
3 2141 2024 797
3 570 2142 2141
3 3818 3813 1617
3 2142 2021 2024
3 693 2141 2137
3 680 1571 2143
3 2143 2010 2021
3 327 209 456
3 1571 2009 2010
3 629 3891 3902
3 2084 2085 2086
3 2089 2090 2091
3 571 2143 2142
3 1874 1975 2152
3 1872 1874 2148
3 2102 2106 2096
3 2156 2042 2154
3 2127 1411 1413
3 3873 3870 588
3 3871 3869 627
3 2148 2152 2157
3 2158 2157 3904
3 697 3906 3901
3 3822 3846 3826
3 2157 2155 3873
3 1437 2043 2045
3 2034 2153 2159
3 2160 2159 3888
3 3870 3890 604
3 3872 16 17
3 369 28 60
3 648 1950 412
3 2152 2156 2155
3 1427 1428 1448
3 1489 75 72
3 3889 3904 709
3 2154 1890 3890
3 1455 1456 1879
3 2124 2087 2086
3 2159 2158 3889
3 299 1958 504
3 1063 1061 1045
3 2042 1891 1890
3 2128 2129 2003
3 2130 2131 2132
3 3847 3848 1449
3 1997 1974 803
3 3878 672 3863
3 473 491 489
3 1163 1164 1181
3 706 2161 3908
3 707 1471 2161
3 2161 2160 3885
3 547 548 1904
3 1144 1135 1113
3 704 2120 1649
3 2042 2156 1976
3 736 737 553
3 1033 1194 1190
3 457 1904 1906
3 194 195 231
3 2039 2038 1968
3 2144 2145 2146
3 2053 2049 2048
3 3831 1645 1638
3 8 11 10
3 251 363 505
3 471 477 478
3 1864 3923 3790
3 899 902 909
3 1940 2149 2150
3 1920 1927 1926
3 2162 1896 1897
3 270 155 152
3 1903 1325 11
3 281 262 263
3 1871 1872 2153
3 1325 1903 1896
3 627 691 692
3 1723 1721 1718
3 1548 1561 435
3 1581 1582 1729
3 1920 1919 1928
3 3562 3510 9
3 2151 2036 1949
3 474 771 773
3 768 2171 2170
3 2170 2164 475
3 475 772 771
3 1790 564 463
3 2165 2166 2167
3 594 370 371
3 482 1808 1640
3 761 2173 2172
3 770 482 483
3 485 486 1808
3 296 1548 1516
3 762 2174 2173
3 775 754 758
3 183 184 2175
3 411 446 302
3 2004 2175 184
3 3810 1680 1681
3 2163 2169 755
3 1471 2034 2160
3 949 950 963
3 2176 2177 2178
3 226 225 1509
3 2181 2182 2183
3 2185 2018 2017
3 1984 2181 2180
3 213 735 728
3 864 848 841
3 848 864 1356
3 558 3186 3187
3 15 12 736
3 559 552 497
3 3192 3195 3194
3 3199 3196 3197
3 3210 3213 3212
3 3214 3217 3216
3 2186 2187 2001
3 2168 2167 2188
3 2191 2085 2084
3 2192 2193 2194
3 2197 2198 2199
3 1997 1981 1978
3 3663 3664 3667
3 2115 1897 1902
3 1858 2005 2008
3 3903 2122 2125
3 1134 1147 1086
3 2200 2201 2014
3 1148 110 109
3 3220 3221 3217
3 2202 2203 2204
3 578 579 1894
3 1754 2206 2207
3 3890 3909 1892
3 1210 2150 2149
3 867 996 2209
3 943 944 929
3 2129 2128 2201
3 232 1902 1897
3 664 750 749
3 1166 1253 998
3 2210 2211 2212
3 2214 2215 2216
3 3866 592 589
3 2219 220 219
3 822 823 947
3 3224 3219 3226
3 265 203 454
3 3881 2107 2106
3 2220 2221 3518
3 2222 2223 2224
3 2206 2124 2123
3 672 673 3868
3 816 999 995
3 2226 2227 2145
3 1946 1947 645
3 3899 2134 16
3 2228 1634 1637
3 1678 1612 1617
3 1636 2230 2231
3 2232 2233 1616
3 2230 2234 2235
3 1380 1637 2237
3 3585 2240 2241
3 1629 2233 2232
3 1680 1625 471
3 1407 1406 2242
3 3235 3238 3237
3 3231 3240 3239
3 1636 2229 2237
3 3236 3237 3232
3 1408 1407 1633
3 1379 1382 2246
3 1627 2247 2244
3 2248 1622 1621
3 1631 1633 1407
3 2247 1627 1630
3 2234 2230 1636
3 3244 3245 3198
3 630 2069 2070
3 514 166 51
3 781 780 2250
3 2252 2253 2254
3 396 280 458
3 1455 2038 2039
3 2039 2040 2035
3 1400 2111 2110
3 2040 2039 1969
3 1534 120 413
3 1585 1586 2079
3 2255 982 1131
3 1699 1698 3917
3 3814 1895 1685
3 1262 2255 1885
3 597 1840 843
3 2256 2257 2258
3 2257 2260 2261
3 2258 2261 2262
3 2259 2258 2215
3 1966 1970 1969
3 2211 1963 1962
3 921 920 2217
3 1311 1097 1100
3 1306 1305 1285
3 1547 1568 1545
3 2265 2266 2267
3 2264 2267 2269
3 2271 2264 2268
3 2272 2265 2264
3 2274 2275 2276
3 2277 2273 2276
3 2283 2284 3616
3 2286 2282 2285
3 2287 2288 2282
3 2289 2283 3638
3 2290 2291 2292
3 2294 2290 2293
3 2295 2296 2290
3 2296 2297 2291
3 2293 2292 2298
3 2278 2293 2299
3 2297 2300 2301
3 2291 2301 2302
3 2292 2302 2303
3 2303 2304 2305
3 2307 2308 2309
3 2301 2306 2309
3 2300 2310 2306
3 2311 2307 2306
3 2312 2313 2314
3 2317 2318 2319
3 3747 3770 2321
3 2323 2324 2272
3 2312 2323 2325
3 2327 2323 2312
3 2328 2324 2323
3 2330 2331 2332
3 2329 2332 2266
3 2324 2329 2265
3 2328 2330 2329
3 2332 2333 2334
3 2335 2333 2332
3 2337 2335 2331
3 2330 2338 2336
3 2328 2339 2338
3 2327 2340 2339
3 2315 2341 2340
3 2341 2315 2314
3 2343 2344 2345
3 2340 2343 2346
3 2341 2347 2343
3 2347 2348 2344
3 2349 2350 2351
3 2338 2349 2352
3 2339 2346 2349
3 2346 2345 2350
3 2336 2352 2353
3 2352 2351 2354
3 2355 2276 2275
3 2355 2356 2357
3 2355 2358 2295
3 2278 2276 2355
3 2359 2360 2269
3 2266 2334 2359
3 2361 2362 2363
3 2361 2364 2360
3 2365 2361 2357
3 2365 2366 2362
3 2356 2275 2367
3 2365 2367 2368
3 2275 2274 2369
3 2367 2369 2281
3 2371 2372 2373
3 2374 2375 2376
3 2377 2378 2379
3 2381 2377 2380
3 2383 2384 2377
3 2384 2385 2378
3 2387 2388 2389
3 2386 2389 2391
3 2392 2393 2386
3 2393 2394 2387
3 2185 2400 2401
3 2402 2403 2326
3 2271 2402 2325
3 2270 2404 2402
3 2404 2405 2403
3 2403 2406 2407
3 2408 2409 2410
3 2408 2411 2270
3 2412 2408 2268
3 2412 2413 2409
3 2416 2414 2415
3 2416 2417 2405
3 2411 2416 2404
3 2410 2414 2416
3 2405 2418 2406
3 3568 3519 631
3 2419 2397 2396
3 2419 2420 2422
3 2423 2419 2421
3 2423 2398 2397
3 2424 2390 2391
3 2420 2424 2425
3 2396 2395 2424
3 2395 2392 2390
3 2426 2313 2407
3 2429 2426 2427
3 2342 2314 2426
3 2431 2342 2429
3 2430 2429 2428
3 2434 2430 2432
3 2435 2431 2430
3 2427 2407 2406
3 2421 2436 2406
3 2437 2436 2421
3 2428 2427 2436
3 2439 2433 2432
3 2440 2438 2432
3 2441 2442 2438
3 2442 2443 2439
3 2444 2445 2443
3 2446 2444 2442
3 2382 2380 2444
3 2380 2379 2445
3 2447 2437 2422
3 2448 2447 2425
3 2440 2447 2448
3 2440 2428 2437
3 2448 2391 2389
3 2449 2389 2388
3 2446 2449 2450
3 2441 2448 2449
3 2450 2388 2452
3 2451 2452 2454
3 2381 2451 2453
3 2382 2450 2451
3 2455 2456 2372
3 2458 2459 2460
3 2462 2463 2464
3 2461 2464 2284
3 2465 2461 2283
3 2466 2462 2461
3 2460 2459 3702
3 2467 2468 2469
3 2471 2467 2470
3 2473 2460 3700
3 2474 2475 2476
3 2457 2454 2452
3 2478 2452 2388
3 2394 2479 2478
3 2479 2458 2457
3 2480 2481 2482
3 2483 112 2484
3 2470 2469 2463
3 2472 2470 2462
3 2486 2466 2465
3 2485 2465 2289
3 2489 2485 2487
3 2490 2486 2485
3 2491 2472 2466
3 2492 2491 2486
3 2493 2494 2491
3 2494 2471 2472
3 3689 2495 2473
3 3690 2496 2495
3 2497 2493 2492
3 2499 2497 2498
3 3699 3686 2497
3 3686 3690 2493
3 2305 2503 2277
3 2304 2504 2503
3 2503 2504 2506
3 2505 2506 2287
3 2273 2505 2507
3 2277 2503 2505
3 3632 3631 2488
3 3619 3632 2487
3 2506 2508 2288
3 2504 2509 2508
3 2507 2287 2286
3 2510 2286 2280
3 2369 2510 2279
3 2274 2507 2510
3 2511 2489 2488
3 2513 2511 2512
3 2516 2511 2513
3 2516 2490 2489
3 2498 2492 2490
3 2498 2516 2515
3 2509 2504 2518
3 2517 2518 2520
3 3615 2517 2519
3 3631 2509 2517
3 2521 2303 2302
3 2522 2521 2309
3 2304 2303 2521
3 2523 2521 2522
3 2518 2523 2524
3 2504 2304 2523
3 2307 2311 2526
3 2525 2526 2528
3 2530 2525 2527
3 2308 2307 2525
3 1213 2531 2150
3 2418 2405 2417
3 2532 2344 2348
3 2533 2532 2316
3 2534 2535 2532
3 2535 2345 2344
3 2536 2350 2345
3 2537 2536 2535
3 2538 2539 2536
3 2539 2351 2350
3 2311 2354 2540
3 2526 2540 2541
3 2542 2434 2433
3 2544 2542 2543
3 2318 2317 2542
3 2317 2435 2434
3 2513 2514 2547
3 2546 2547 2549
3 2551 2546 2548
3 2551 2515 2513
3 2519 2520 2553
3 2552 2553 2555
3 3589 2552 2554
3 3620 2519 2552
3 2522 2308 2530
3 2556 2530 2529
3 2524 2522 2556
3 2558 2556 2557
3 2553 2558 2559
3 2520 2524 2558
3 2560 2374 2006
3 2375 2561 2224
3 2563 2564 2565
3 2562 2565 337
3 2568 2562 2566
3 2569 2563 2562
3 2571 2572 2573
3 2570 2573 2575
3 2543 2570 2574
3 2543 2433 2571
3 2577 2569 2568
3 2578 2576 2568
3 2573 2576 2578
3 2572 2577 2576
3 2580 2581 2582
3 2583 2579 2582
3 3696 3674 2579
3 3675 2580 2579
3 2581 2515 2551
3 2582 2551 2550
3 2499 2500 2588
3 2589 2587 2588
3 3692 3694 2587
3 3694 3699 2499
3 2500 2515 2590
3 2591 2592 2593
3 2385 2384 2502
3 2595 2378 2385
3 2595 2373 2372
3 2598 2595 2596
3 2598 2379 2378
3 2599 2445 2379
3 2599 2598 2597
3 2602 2599 2600
3 2602 2443 2445
3 2603 2602 2601
3 2439 2603 2604
3 2443 2602 2603
3 2605 2581 2580
3 2605 2606 2589
3 2590 2515 2581
3 3675 2586 2455
3 3688 2455 2371
3 2477 2476 2607
3 2608 2609 2610
3 2563 2569 2612
3 2611 2612 2597
3 2456 2611 2596
3 2564 2563 2611
3 2613 2612 2569
3 2614 2613 2577
3 2601 2600 2613
3 2600 2597 2612
3 2571 2433 2604
3 2615 2604 2601
3 2572 2571 2615
3 1458 1015 1044
3 1264 1214 1078
3 1611 1607 1608
3 2066 2056 2068
3 1134 1108 1135
3 1937 1936 2617
3 94 547 457
3 2057 1606 1607
3 1453 1468 1444
3 654 2619 1047
3 721 1048 2620
3 1130 984 1032
3 561 1480 365
3 1722 1718 1724
3 1785 1122 1121
3 266 299 322
3 1324 2033 1653
3 1467 1164 1434
3 657 656 528
3 7 531 246
3 381 1556 1558
3 787 618 1306
3 939 929 928
3 910 2621 2622
3 2620 2619 654
3 2623 1856 2624
3 997 1845 26
3 634 637 2625
3 2626 640 643
3 2627 2626 1839
3 1199 1198 2626
3 1198 1772 640
3 1519 514 48
3 1451 1349 1348
3 2629 2630 1858
3 643 642 1334
3 1196 1197 716
3 2631 716 718
3 2627 2631 1165
3 2628 1196 2631
3 1761 2632 1049
3 1822 869 872
3 2633 2634 793
3 1041 793 2634
3 92 93 1900
3 2035 2037 1457
3 1526 331 1524
3 876 875 1273
3 133 408 796
3 1327 892 930
3 606 776 1090
3 1042 2634 2636
3 2635 2636 2638
3 1274 2635 2637
3 1274 1039 1042
3 1271 2623 2625
3 2639 2625 637
3 1109 2640 2639
3 535 1271 2639
3 1471 707 1473
3 2041 2029 1950
3 1057 1105 1104
3 2641 2622 2642
3 1191 2641 2643
3 911 2622 2641
3 3897 1656 3525
3 1048 1047 2619
3 615 1828 1884
3 1330 1912 665
3 989 988 1197
3 1910 1911 320
3 1297 1281 1204
3 75 1489 1503
3 1501 1499 420
3 609 608 657
3 1145 936 658
3 2645 910 913
3 1279 1238 1237
3 1452 1453 1451
3 834 941 1842
3 1270 1269 1172
3 1892 1877 1825
3 1049 2632 1936
3 2650 2651 813
3 1005 1052 1280
3 2652 1083 2653
3 1000 1003 1002
3 584 996 678
3 2623 1271 620
3 554 677 2027
3 1206 525 1196
3 1625 1626 477
3 425 388 418
3 1029 1192 1772
3 3897 644 633
3 533 1532 137
3 1124 1091 1041
3 332 227 87
3 568 1569 560
3 1488 2655 870
3 1856 2623 619
3 1672 1673 3769
3 621 860 863
3 618 787 890
3 260 543 544
3 392 1554 1555
3 2657 2658 2646
3 1074 2657 2656
3 1080 1079 2657
3 1079 1138 2658
3 2643 2642 1140
3 2659 1140 1139
3 641 2659 1335
3 1192 2643 2659
3 678 677 554
3 1502 1500 1499
3 1317 1316 1100
3 2660 2658 1138
3 2660 1141 2662
3 2661 2646 2658
3 2661 2662 2621
3 2663 2621 910
3 2647 2663 2645
3 2647 2646 2661
3 2082 2093 2092
3 1441 1439 1436
3 518 328 329
3 1884 2028 1208
3 798 799 804
3 1945 1942 1951
3 1301 1300 1252
3 565 2004 223
3 1388 939 927
3 682 681 680
3 835 834 1841
3 2664 1841 1844
3 2665 2664 1302
3 23 835 2664
3 830 1071 2649
3 1844 1843 1303
3 2009 2012 2011
3 1050 1935 2666
3 1521 1520 1510
3 530 439 440
3 1249 634 2624
3 2668 2624 1856
3 782 2668 1855
3 781 1249 2668
3 719 2669 2670
3 1054 1930 1929
3 1332 1066 1250
3 618 621 1307
3 651 654 2618
3 520 521 1538
3 1837 987 536
3 2671 536 535
3 1112 2671 2640
3 1112 526 1837
3 1015 1012 1350
3 3896 572 569
3 225 226 103
3 3563 3668 3826
3 1035 1036 1883
3 2673 1300 1303
3 2672 1303 1843
3 1333 2672 2674
3 1332 2673 2672
3 2675 701 1038
3 1842 2675 2674
3 941 1073 2675
3 1073 698 701
3 751 1056 1054
3 1199 1165 655
3 1119 1845 873
3 2676 873 876
3 1240 2676 1051
3 1118 1119 2676
3 1559 1512 150
3 1207 1315 610
3 214 734 735
3 1459 1458 1461
3 1207 1206 1838
3 853 855 1281
3 71 444 181
3 543 1562 1564
3 216 199 455
3 2046 1403 929
3 1203 2617 1936
3 912 776 685
3 839 526 1112
3 1530 728 729
3 2677 777 1282
3 600 666 1913
3 1536 1537 458
3 1818 1756 3508
3 990 1859 861
3 2678 710 1072
3 2679 1829 982
3 778 2679 2255
3 777 2677 2679
3 2677 2678 1829
3 179 541 244
3 1885 1131 1130
3 1137 1136 1273
3 1840 597 1139
3 74 312 313
3 192 422 419
3 2680 2681 1098
3 169 1566 1564
3 348 415 416
3 1120 1123 2683
3 546 796 408
3 122 121 120
3 2642 2662 1141
3 1541 1543 512
3 898 899 906
3 1209 676 675
3 790 662 981
3 23 26 836
3 892 895 931
3 1859 1319 862
3 534 537 861
3 1568 1547 1546
3 180 454 541
3 659 658 936
3 2012 566 567
3 886 889 2630
3 1523 1507 360
3 519 160 161
3 2652 854 853
3 1237 1236 2654
3 717 1837 526
3 1491 1492 517
3 791 615 614
3 598 845 1834
3 289 456 455
3 311 170 1551
3 1247 2686 1178
3 152 148 176
3 1239 1180 1221
3 1256 1291 1234
3 1290 1083 1082
3 1051 876 1276
3 742 741 2617
3 443 139 429
3 22 1223 1171
3 2686 2653 1179
3 101 102 408
3 1282 606 609
3 372 496 649
3 1179 2653 1083
3 854 2652 2654
3 1172 1269 1916
3 2688 849 852
3 2687 852 1107
3 2685 2687 1278
3 2686 2688 2687
3 2690 1301 1251
3 2689 1251 849
3 1247 2689 2688
3 1247 1246 2690
3 2691 616 23
3 2690 2691 2665
3 1246 1257 2691
3 1257 1167 616
3 393 1553 1554
3 2692 1259 1258
3 1071 1235 1261
3 1256 1070 1167
3 397 438 1554
3 870 1783 1313
3 1177 1231 1248
3 1223 1288 1172
3 1009 2616 2617
3 1174 1173 1291
3 2653 2686 2685
3 2693 1156 1215
3 70 417 1486
3 700 1111 1110
3 1071 1260 2648
3 1084 2694 21
3 894 2693 1263
3 1600 1605 1604
3 1258 1261 1270
3 20 19 1219
3 987 990 537
3 597 596 1335
3 1049 859 817
3 1297 2644 1760
3 1167 1166 617
3 857 1167 1255
3 38 241 515
3 2651 1760 818
3 312 315 314
3 2025 1969 1970
3 2655 1488 595
3 813 818 817
3 2695 2650 812
3 1259 2695 2648
3 2692 2696 2695
3 2696 1295 2650
3 380 354 389
3 3817 3818 1610
3 1474 1426 1427
3 1291 1173 1916
3 1550 352 353
3 1525 1524 1522
3 1592 1588 1594
3 1231 1268 1245
3 2694 2692 1222
3 2697 1296 1295
3 2697 2696 2692
3 2684 2697 2694
3 2684 853 1296
3 561 1496 270
3 2651 2650 1295
3 1364 1365 1363
3 1957 1945 1952
3 584 587 2209
3 1560 1559 1514
3 974 2647 1145
3 346 66 67
3 1037 1110 635
3 2699 780 779
3 2698 779 1035
3 2700 2698 1882
3 850 2699 2698
3 2673 1332 2250
3 2701 2250 780
3 1252 2701 2699
3 1300 2673 2701
3 1518 386 387
3 1272 1238 1279
3 2702 1279 1106
3 2700 2702 851
3 1828 1272 2702
3 90 259 325
3 1783 870 2655
3 2682 2683 2704
3 603 1893 3498
3 1668 3533 3547
3 2061 2062 2059
3 620 534 860
3 2022 730 731
3 685 778 1262
3 856 1050 2667
3 882 829 881
3 636 635 1110
3 2667 893 892
3 2666 920 893
3 1038 1037 1067
3 312 74 1503
3 1910 1971 304
3 1935 2705 1963
3 2706 2401 2400
3 2707 2706 2182
3 737 2162 2115
3 2348 2347 2431
3 2710 2711 2019
3 2399 2710 2018
3 2713 2714 2715
3 2716 2717 2718
3 2720 2721 2722
3 2725 2726 2727
3 2724 2727 2729
3 2730 2724 2728
3 2731 2725 2724
3 2733 2734 2735
3 2737 2738 2739
3 2736 2739 2740
3 2743 2744 2745
3 2744 2743 2747
3 2748 2749 2746
3 2752 2748 2750
3 2249 1379 2245
3 2753 1395 1613
3 3597 2753 2754
3 3607 2744 2746
3 1616 2755 2754
3 2241 2757 1619
3 2190 2084 2759
3 2760 2758 2759
3 3647 2758 2760
3 3622 2190 2758
3 3208 3247 3222
3 1394 1393 2235
3 1394 2234 1635
3 1615 1634 2228
3 1616 2233 2762
3 2755 2762 3627
3 2764 2762 2233
3 2765 2763 3627
3 3201 3198 3245
3 1515 436 434
3 2767 2768 3551
3 1494 540 577
3 2134 2135 27
3 3525 3539 2772
3 1689 1688 3925
3 2777 2778 2779
3 2776 2779 2780
3 2783 2777 2776
3 3554 3520 574
3 1493 1903 8
3 3528 2015 2014
3 450 60 504
3 2785 2786 2787
3 2778 2785 2784
3 2788 2751 2740
3 2789 2752 2751
3 2791 2792 2793
3 2792 2794 2795
3 2795 2796 2749
3 2793 2795 2748
3 2797 1392 1395
3 3590 2797 2753
3 2797 2798 2799
3 3590 3661 2798
3 2796 2795 2794
3 2790 2793 2752
3 215 232 231
3 3803 2805 2806
3 3804 2808 2803
3 2768 2809 3556
3 182 184 183
3 2810 2811 2774
3 2803 2810 2775
3 2808 2812 2810
3 2811 2810 2812
3 3804 2807 2815
3 3795 2817 2814
3 3797 3799 2819
3 3792 2822 2818
3 2823 2735 2734
3 2822 2824 2823
3 2824 2822 2825
3 3792 2821 2826
3 3795 2816 2825
3 2712 2715 2828
3 2827 2828 2830
3 2821 2820 2827
3 2820 2819 2712
3 2831 2826 2821
3 2832 2831 2829
3 2833 2834 2831
3 2834 2817 2826
3 2836 2837 2838
3 2835 2838 2840
3 2841 2835 2839
3 2842 2836 2835
3 2839 2840 2844
3 2717 2843 2844
3 2729 2727 2843
3 2726 2839 2843
3 2845 2844 2840
3 2828 2845 2846
3 2846 2840 2838
3 2847 2838 2837
3 2832 2847 2848
3 2830 2846 2847
3 2849 2813 2850
3 2852 2849 2851
3 2782 2776 2781
3 2784 2787 2852
3 2779 2784 2855
3 2856 2857 2854
3 2858 2856 2781
3 2860 2842 2841
3 2859 2841 2726
3 2861 2859 2725
3 2862 2860 2859
3 2860 2862 2857
3 2842 2860 2856
3 2855 2852 2853
3 2780 2855 2863
3 2836 2842 2858
3 2837 2836 2863
3 2851 2850 2833
3 2853 2851 2848
3 2864 2814 2817
3 2850 2864 2834
3 2812 2808 2814
3 2813 2812 2864
3 2865 2811 2813
3 2787 2865 2849
3 2865 2787 2786
3 2811 2865 2866
3 1891 1888 1889
3 2719 2718 2845
3 297 298 255
3 2871 2713 2712
3 3793 3799 2734
3 2728 2729 2873
3 2845 2715 2714
3 2875 2876 2877
3 2732 2874 2877
3 3805 3806 2878
3 3805 2879 2871
3 2881 2882 2883
3 2880 2883 2714
3 2879 2880 2713
3 2878 2881 2880
3 2884 2885 2886
3 2887 2888 2889
3 2884 2889 2891
3 2892 2885 2884
3 1941 2150 2531
3 2894 2891 2719
3 2883 2894 2869
3 2882 2895 2894
3 2895 2890 2891
3 2888 2873 2716
3 2889 2716 2719
3 2896 2892 2890
3 2897 2896 2895
3 2898 2897 2882
3 2899 2898 2881
3 3796 2899 2878
3 2875 2901 2900
3 2900 2901 2903
3 1784 2655 1834
3 2904 2905 2898
3 2906 2907 2896
3 3796 2900 2902
3 631 575 576
3 3531 3546 2866
3 433 384 549
3 2767 2769 3639
3 2909 2910 1622
3 2240 2911 2757
3 3639 2769 2912
3 1622 2910 2756
3 3586 2241 2756
3 2228 1380 1379
3 2764 1629 1628
3 2914 2913 1628
3 3641 3640 2913
3 3640 3621 2764
3 2918 2915 3641
3 2917 2914 2911
3 3613 2917 2240
3 3617 2918 3612
3 3540 2176 2179
3 3520 2001 2187
3 3704 3572 713
3 2924 2765 2916
3 2923 2916 2915
3 3609 2923 2918
3 3610 2924 2923
3 2925 2926 2765
3 3657 2925 2924
3 1714 1712 1704
3 784 496 497
3 1386 650 564
3 373 374 1898
3 3572 2202 2205
3 2928 2929 2885
3 2931 2932 2933
3 1904 1905 1907
3 2929 2934 2935
3 2937 2934 2929
3 1492 368 516
3 1602 1584 1585
3 2938 2937 2928
3 2939 2938 2907
3 3664 1706 1599
3 2885 2929 2936
3 2905 2906 2897
3 2907 2928 2892
3 2941 2933 2932
3 2940 2932 2936
3 3500 2940 2935
3 3497 2941 2940
3 2942 2943 2709
3 2942 2872 2873
3 2944 2942 2888
3 2945 2943 2942
3 2931 2944 2887
3 2930 2945 2944
3 726 1927 1928
3 2902 2903 2946
3 544 593 41
3 1479 1569 532
3 2906 2905 2948
3 2905 2904 2949
3 1557 451 214
3 3798 2902 2947
3 2053 1644 1643
3 3704 3683 2202
3 1827 1836 1848
3 2952 2953 2954
3 2951 2954 2956
3 2955 2260 2257
3 2952 2951 2257
3 2453 2454 2473
3 3746 2957 2958
3 3746 2131 2130
3 2960 2961 2962
3 2957 2962 2963
3 221 220 2484
3 2476 2225 2965
3 2630 2560 2005
3 2383 2453 2495
3 2966 2967 2958
3 2967 2966 2969
3 3758 2032 2970
3 3783 2970 2959
3 2971 2970 2032
3 2006 2376 2972
3 3559 3558 2133
3 1835 1832 1831
3 3505 2187 2089
3 954 809 958
3 671 674 673
3 632 709 712
3 2023 731 732
3 2024 2023 802
3 424 1551 1549
3 2974 2975 887
3 1318 1157 1156
3 1211 1934 2976
3 888 956 2227
3 1977 1973 1974
3 1137 1077 1328
3 750 664 2978
3 1618 1612 1624
3 2251 2254 1727
3 1156 1159 844
3 2705 1935 1937
3 2979 2254 2253
3 2981 2974 886
3 801 711 710
3 677 676 2028
3 526 839 689
3 1838 1206 2628
3 2982 2983 601
3 2982 1913 1912
3 2984 2982 1330
3 2985 2983 2982
3 2986 2636 2634
3 2984 2987 2638
3 2989 1318 1317
3 2990 2991 2992
3 2994 2990 2993
3 1105 1057 2990
3 1057 1056 2991
3 1414 1405 1364
3 1316 921 2216
3 1931 1727 2254
3 925 2997 2998
3 3000 2992 2991
3 2999 2991 1056
3 2998 2999 2977
3 2997 3000 2999
3 3001 2997 2208
3 3001 3002 2995
3 2992 3000 3001
3 1102 1105 2994
3 3003 2994 2995
3 2208 2209 3003
3 587 1102 3003
3 294 295 432
3 2637 2638 2987
3 3004 2987 1055
3 1304 3004 1929
3 1275 2637 3004
3 1986 1967 1992
3 2632 1761 1760
3 1422 1421 1416
3 3560 3516 738
3 2670 2669 2703
3 1472 1871 2034
3 921 1316 2693
3 1400 1399 1377
3 555 2027 1883
3 841 847 3824
3 1853 2705 2616
3 932 1081 1080
3 1439 1440 1435
3 528 656 718
3 1030 1024 1026
3 776 912 911
3 2644 1204 1203
3 440 437 1537
3 789 1286 586
3 2064 2065 1609
3 1859 990 989
3 59 105 86
3 1423 1016 1947
3 331 1526 1506
3 260 261 137
3 186 187 448
3 1718 1719 1725
3 1930 1054 1058
3 3005 1058 1104
3 1286 3005 1103
3 1285 1930 3005
3 3006 3007 3008
3 3008 3007 652
3 617 998 25
3 2028 676 1209
3 956 600 599
3 1048 2145 2227
3 2630 889 3010
3 889 888 2226
3 3010 2226 2144
3 2560 3010 3011
3 1025 655 608
3 2705 1853 1960
3 3012 2964 2484
3 2147 2146 1266
3 3014 1266 1265
3 2996 2263 1100
3 641 640 1772
3 185 476 460
3 1040 1039 1319
3 1120 3015 3016
3 2983 2985 2986
3 3017 2986 2633
3 1047 602 3017
3 602 601 2983
3 2678 2677 800
3 2061 2071 2073
3 2060 2073 2075
3 413 302 1544
3 3015 1120 2682
3 3018 2682 2703
3 3019 3018 2669
3 3006 3015 3018
3 1870 1089 1090
3 3020 1786 1121
3 3021 3020 3016
3 1313 3020 3021
3 1783 1786 3020
3 1315 1314 1762
3 3022 3021 3009
3 3022 3008 794
3 1762 3022 1091
3 1314 3021 3022
3 3015 3006 3009
3 751 750 2977
3 2985 2638 2636
3 3023 653 652
3 3019 3023 3007
3 719 722 3023
3 722 2620 653
3 2680 1097 1267
3 2670 3024 1267
3 2704 2680 3024
3 1312 3025 3026
3 3025 3027 3028
3 3026 3028 3029
3 1310 3026 3030
3 2011 567 730
3 916 2656 973
3 742 1205 855
3 1887 2026 2029
3 2681 2704 2683
3 3031 2683 1123
3 1099 3031 2988
3 1098 2681 3031
3 1122 2989 2988
3 3032 1833 1158
3 2989 3032 1157
3 1122 1785 3032
3 1785 1784 1833
3 1053 1055 2987
3 2978 664 663
3 2622 2621 2662
3 1094 659 687
3 3033 3034 2260
3 3035 3033 2955
3 3036 3037 3033
3 3037 3038 3034
3 3039 3040 3025
3 2262 3041 3040
3 3041 3038 3042
3 3040 3042 3027
3 3043 3044 3042
3 3045 3046 3044
3 3046 3047 3048
3 3042 3044 3048
3 3037 3036 3050
3 3049 3050 3052
3 3051 3045 3043
3 3038 3037 3049
3 3053 3034 3038
3 3041 2262 2261
3 2260 3034 3053
3 2215 2262 2996
3 2211 2210 2666
3 3055 867 2208
3 933 3056 1960
3 2012 3754 3756
3 3057 3058 3059
3 3058 3061 3062
3 3059 3062 2212
3 3060 3059 1962
3 3062 3063 2213
3 3061 3064 3063
3 3064 2256 2259
3 3063 2259 2214
3 3065 3066 3030
3 2607 2965 3066
3 2965 2561 3067
3 3030 3066 3067
3 2454 2457 2460
3 2475 2222 2225
3 3550 2089 2088
3 3525 2773 3768
3 432 353 354
3 2114 1422 1418
3 3508 2867 2921
3 3768 3736 2130
3 3068 2610 2166
3 2970 2971 2927
3 2960 2773 2772
3 3069 2474 2477
3 2609 2608 3070
3 2501 2370 2373
3 3071 2591 2594
3 2963 3045 3051
3 3047 2592 3073
3 2592 2591 3074
3 3074 3029 3028
3 3073 3028 3027
3 3071 3075 3074
3 3075 3071 2481
3 2480 2607 3065
3 3075 3065 3029
3 2966 3051 3052
3 2481 3071 3072
3 478 479 492
3 705 3899 3872
3 3560 2193 2220
3 2012 2009 3753
3 3532 2031 2015
3 3561 3518 2221
3 1170 1153 1154
3 2585 2565 2564
3 2981 109 112
3 2561 2375 3076
3 2375 2374 3011
3 3011 2144 2147
3 3076 2147 3014
3 2962 3046 3045
3 3050 3077 2969
3 1682 2172 490
3 3849 2121 1446
3 1985 2180 3733
3 3078 3079 2545
3 3080 3078 2574
3 1982 1985 3767
3 3081 2322 2318
3 3079 3081 2544
3 3733 3731 3081
3 3731 3747 2322
3 1308 1470 1887
3 3072 2594 2771
3 2759 3082 3083
3 2759 2084 2087
3 3084 3083 3085
3 3088 3084 3089
3 3088 2761 3083
3 3091 3087 3089
3 3092 2747 2743
3 2750 2746 2747
3 3092 2740 2751
3 2741 2740 3092
3 3093 3092 2742
3 3095 3096 3097
3 3098 3095 3086
3 3096 3093 3094
3 3099 2742 2745
3 3100 2926 3101
3 2763 2765 2926
3 2744 2763 3100
3 3101 3091 3090
3 3099 3090 3094
3 2868 2801 3591
3 3101 3102 3103
3 3657 2867 2868
3 2926 2925 3102
3 3097 3094 3090
3 3086 3097 3089
3 2087 2124 3104
3 3082 3104 3085
3 2482 3072 2770
3 2400 2185 2184
3 3098 3085 3104
3 2124 2206 3105
3 3107 2736 2741
3 3106 2741 3093
3 3109 3107 3106
3 3108 3106 3096
3 3110 3108 3095
3 3111 3109 3108
3 3112 2737 2736
3 3114 2722 2721
3 3116 3114 3113
3 3118 3116 3115
3 3117 3115 3119
3 3115 3113 3112
3 3121 3111 3110
3 3121 3122 1754
3 3123 3124 3125
3 3124 3117 3120
3 3127 3118 3117
3 3128 3127 3124
3 2019 2711 3127
3 3852 3856 1345
3 1064 1045 1046
3 1813 3837 3829
3 2020 2019 3128
3 3110 3098 3105
3 3122 3105 2206
3 2376 2224 2223
3 3013 2484 112
3 1755 2207 3781
3 3130 3131 2529
3 3132 3130 2527
3 1752 1755 3766
3 3133 3123 3126
3 2326 2407 2313
3 2435 2317 2316
3 2017 2020 3710
3 2533 3135 3136
3 2319 2321 3135
3 2184 2017 3711
3 3137 3138 2541
3 3133 3134 3743
3 3784 3129 3133
3 3139 3137 2538
3 2534 3136 3139
3 3710 2020 3129
3 2557 2529 3131
3 3781 3759 3140
3 2559 2557 3140
3 3759 3776 3141
3 957 887 2975
3 1932 1931 2979
3 2398 2423 2417
3 2347 2341 2342
3 2321 2319 2318
3 2717 2716 2873
3 2708 2728 2872
3 2893 2870 1360
3 345 288 175
3 1875 1876 1881
3 2801 2802 3606
3 3103 3143 3087
3 2973 2221 3648
3 3088 3144 2760
3 3087 3143 3144
3 2802 2973 3602
3 3869 3908 691
3 2122 1418 1417
3 1364 1362 1367
3 1580 1765 1781
3 3568 2201 2128
3 3554 2002 2001
3 3145 2584 2550
3 3750 3145 3146
3 3741 3148 3145
3 3148 2583 2584
3 3195 3197 3196
3 3603 2191 2190
3 3141 3149 2555
3 3776 3777 3149
3 3645 3151 2549
3 3149 3150 2554
3 3777 3779 3150
3 3787 3780 3151
3 3152 3146 2550
3 3151 3152 2548
3 3780 3775 3152
3 3775 3749 3146
3 3147 2766 2205
3 2182 2400 2320
3 2131 2959 2927
3 3683 3684 2203
3 3718 2197 2196
3 2593 2961 2772
3 2594 2593 2950
3 1869 797 798
3 3712 2178 2177
3 3705 2177 3735
3 335 3153 3773
3 338 3154 3153
3 3788 3682 3148
3 3682 3696 2583
3 2962 2961 3047
3 3721 3729 336
3 338 337 2565
3 3155 3156 2167
3 2609 3155 2166
3 2953 2952 3155
3 3156 3155 2952
3 3706 2165 2168
3 2566 3157 3158
3 336 3157 2566
3 3729 3068 2165
3 3763 2189 1982
3 2578 3159 3080
3 2567 3158 3159
3 3708 2168 2189
3 3064 3061 3161
3 3160 3161 1983
3 3156 3160 2188
3 2256 3064 3160
3 733 734 1921
3 3058 3057 2707
3 3162 2707 2181
3 3161 3162 1984
3 3061 3058 3162
3 3202 3205 3204
3 2121 2118 1447
3 3816 1685 1684
3 138 139 443
3 1569 568 565
3 2956 3163 3164
3 2954 3165 3163
3 1911 453 340
3 3129 3128 3123
3 1547 321 318
3 1948 1949 1326
3 2968 2969 3077
3 3166 3077 3168
3 3723 2013 2016
3 3719 2016 2032
3 3167 3168 3164
3 3169 3164 3163
3 3778 3169 3170
3 3723 3167 3169
3 3170 3163 3165
3 3171 3165 3070
3 3751 3171 3172
3 3755 3170 3171
3 3168 3036 3035
3 2592 3047 2961
3 3172 3070 2608
3 3173 2608 2198
3 3782 3173 2197
3 3748 3172 3173
3 2189 2188 1983
3 2195 2194 2766
3 2118 2119 1413
3 1463 1462 1465
3 2198 2610 3068
3 2456 2455 2586
3 2225 2224 2561
3 480 477 1626
3 332 1511 234
3 3077 3050 3036
3 3039 2263 2996
3 2218 1933 1932
3 2384 2383 2496
3 220 2219 3174
3 2219 1932 3142
3 3174 3142 2975
3 2483 3174 2974
3 2953 3070 3165
3 2629 1857 109
3 1546 318 1951
3 2090 2089 2187
3 3732 3735 2177
3 1917 1918 1926
3 3562 111 110
3 954 955 959
3 2036 3013 111
3 3142 2979 2980
3 2217 2210 2213
3 671 3876 3786
3 2151 3012 3013
3 1146 1143 1142
3 2247 2245 1408
3 1614 1635 1634
3 1409 1408 2245
3 3240 3242 3241
3 1381 3175 3176
3 3176 1409 2246
3 2246 1382 3176
3 3175 2237 2229
3 1409 3176 3178
3 3178 3179 2242
3 1632 3180 2799
3 1620 1619 2757
3 1621 1620 2244
3 2235 1393 3180
3 2236 2235 3181
3 2249 1630 2232
3 2911 1628 1627
3 134 135 1563
3 1566 418 511
3 1084 1083 2652
3 3183 868 867
3 868 3183 3056
3 1265 1267 1097
3 1266 2146 721
3 936 1145 2645
3 2145 1048 721
3 2210 2217 920
3 1956 509 506
3 1312 1311 2263
3 1495 361 1492
3 2886 2936 2932
3 1686 1687 1658
3 144 1498 1497
3 36 37 417
3 1934 1933 3184
3 103 88 300
3 2100 2097 2082
3 542 297 359
3 1933 2218 3185
3 233 1520 211
3 3844 3820 1821
3 1975 1874 1873
3 222 3185 2218
3 3654 3655 3604
3 2164 2163 466
3 466 467 2164
3 772 475 2164
3 1934 1211 1727
3 3239 3224 3225
3 3260 3248 3249
3 3214 3215 3243
3 3264 3220 3214
3 3266 3244 3197
3 3204 3205 3268
3 3213 3210 3264
3 3270 3212 3213
3 3250 3251 3238
3 3221 3220 3265
3 3231 3234 3233
3 3215 3241 3242
3 3195 3192 3267
3 3243 3242 3253
3 3237 3238 3246
3 3263 3243 3254
3 3252 3241 3215
3 3210 3265 3220
3 3256 3216 3217
3 3257 3221 3271
3 3273 3274 3279
3 3227 3228 3261
3 3274 3230 3280
3 3225 3226 3272
3 3235 3262 3259
3 3280 3262 3235
3 3286 3270 3191
3 3234 3225 3279
3 3233 3279 3280
3 3287 3289 3258
3 3259 3249 3275
3 3288 3211 3277
3 3209 3208 3223
3 3198 3201 3200
3 3227 3230 3229
3 3289 3287 3284
3 3281 3278 3270
3 3259 3262 3261
3 3242 3240 3267
3 3266 3267 3240
3 3193 3206 3207
3 3190 3269 3268
3 3269 3190 3191
3 3274 3273 3229
3 3263 3268 3269
3 3251 3250 3275
3 3247 3251 3290
3 3212 3270 3278
3 3271 3265 3288
3 3276 3277 3211
3 3227 3262 3280
3 3219 3224 3252
3 3218 3252 3216
3 3255 3217 3221
3 3246 3238 3251
3 3244 3266 3231
3 3265 3210 3211
3 3207 3204 3254
3 3287 3288 3283
3 3203 3204 3207
3 559 1898 3186
3 3208 3209 3200
3 3188 3191 3190
3 447 1979 806
3 646 647 121
3 1832 1847 1779
3 509 508 507
3 3209 1948 1886
3 1886 14 3199
3 14 15 3196
3 15 3187 3194
3 3194 3187 3186
3 3193 3186 1898
3 3206 1898 374
3 386 172 125
3 3188 1790 1759
3 3576 762 756
3 762 3576 2171
3 3582 3581 3579
3 3580 3579 3578
3 3593 3596 3595
3 3399 3600 3601
3 3625 3623 3624
3 3630 3634 3598
3 3635 3636 3594
3 3646 3583 3587
3 3649 3581 3583
3 3652 3578 3579
3 3652 2175 3653
3 1800 1863 3655
3 3650 3579 3581
3 3643 3637 3594
3 1766 1767 3658
3 1596 3662 3660
3 1707 1706 3664
3 3670 3667 3666
3 3665 3666 3672
3 1587 1707 3663
3 2079 3670 3665
3 2081 3665 3671
3 3673 3676 3634
3 3676 3677 3635
3 3681 3646 3644
3 3691 3650 3649
3 3680 3644 3643
3 785 3693 3691
3 3693 3652 3650
3 784 3691 3685
3 496 3685 3681
3 649 3681 3680
3 3695 563 3680
3 3404 3605 3604
3 3701 3698 3677
3 3698 3697 3678
3 3644 3587 3637
3 1798 3656 3658
3 3707 3703 3457
3 3461 3709 3707
3 3713 462 563
3 3614 3605 3601
3 3709 3713 3695
3 3634 3635 3595
3 3628 3625 3626
3 3596 3599 3598
3 3629 3715 3714
3 3626 3624 3596
3 3716 3715 3722
3 3714 3662 3659
3 3715 3716 3724
3 3667 3664 3660
3 3667 3724 3716
3 3666 3716 3717
3 3726 3727 3672
3 3727 1575 3671
3 3725 3726 3717
3 1575 2100 2083
3 3726 3725 3730
3 3202 375 1386
3 3189 1386 1790
3 3282 2151 1948
3 316 239 258
3 1999 2175 3652
3 3600 3598 3599
3 3588 3587 3583
3 3576 757 755
3 3584 3583 3581
3 3677 3678 3636
3 3203 374 375
3 1800 3654 3656
3 3728 3734 3727
3 1574 3734 3737
3 3734 1574 1575
3 1775 1794 1795
3 1292 1293 1289
3 1325 13 1326
3 1293 1244 1233
3 877 1243 1329
3 496 372 373
3 121 647 412
3 3698 3701 3703
3 3605 3404 3400
3 3707 3709 3697
3 3463 3713 3709
3 3703 3673 3442
3 438 397 398
3 1511 1527 1525
3 1667 1740 1737
3 838 848 1361
3 1361 1356 825
3 3842 739 1895
3 2052 2053 2117
3 3887 3886 2119
3 695 696 3815
3 1825 1877 638
3 3739 3738 3728
3 955 884 885
3 1979 805 1921
3 32 33 104
3 1342 1343 3855
3 3906 2126 2127
3 1765 1580 1581
3 13 1325 2162
3 594 97 98
3 3232 3237 3245
3 1345 1034 1043
3 747 1887 1424
3 3192 3207 3253
3 3189 3190 3205
3 3611 3604 3605
3 3623 3611 3614
3 3630 3414 3442
3 3678 3679 3643
3 3685 3649 3646
3 3701 3676 3673
3 3624 3614 3599
3 3600 3399 3414
3 3738 3737 3734
3 3629 3626 3593
3 3740 3722 3715
3 1283 1289 1287
3 3697 3695 3679
3 1777 1780 1779
3 1791 1758 1583
3 694 569 570
3 3637 3740 3593
3 3740 3637 3587
3 3246 3247 3208
3 3291 3292 3293
3 3295 3296 3297
3 3298 3297 3299
3 3301 3302 3303
3 3305 3306 3307
3 3306 3309 3310
3 3302 3301 3300
3 3311 3304 3303
3 3313 3314 3315
3 3317 3318 3319
3 3323 3317 3320
3 3325 3326 3327
3 3328 3329 3330
3 3332 3333 3334
3 3336 3337 3338
3 3332 3335 3340
3 3341 3340 3342
3 3318 3344 3343
3 3337 3334 3333
3 3345 3300 3301
3 3304 3347 3346
3 3311 3223 3222
3 3349 3336 3339
3 3311 3348 3347
3 3351 3342 3340
3 3310 3352 3353
3 3340 3335 3326
3 3358 3359 3360
3 3359 3358 3249
3 3317 3362 3344
3 3363 3362 3317
3 3313 3363 3323
3 3365 3298 3300
3 3298 3365 3366
3 3307 3353 3367
3 3368 3316 3294
3 3316 3368 3363
3 3369 3294 3316
3 3324 3370 3364
3 3351 3319 3318
3 3295 3366 3352
3 3296 3295 3310
3 3362 3367 3353
3 3344 3353 3352
3 3343 3352 3366
3 3365 3332 3341
3 3346 3338 3333
3 3338 3346 3347
3 3347 3348 3350
3 3362 3363 3368
3 3293 3308 3367
3 3292 3305 3308
3 3330 3372 3373
3 3345 3333 3332
3 3322 3321 3351
3 3355 3354 3320
3 3354 3356 3324
3 3356 3357 3370
3 3321 3355 3319
3 3360 3329 3328
3 3372 3371 3374
3 3373 3374 3375
3 3328 3331 3375
3 3326 3374 3371
3 3335 3334 3374
3 3334 3337 3375
3 3375 3337 3336
3 3336 3349 3358
3 3358 3349 3275
3 3376 3291 3294
3 3276 3315 3314
3 3370 3377 3378
3 3377 3370 3357
3 3364 3378 3314
3 3315 3276 3278
3 3281 3376 3369
3 3312 3282 3223
3 3377 3284 3283
3 3379 3285 3284
3 3378 3283 3277
3 3275 3349 3350
3 3290 3350 3348
3 3312 3303 2964
3 2964 3303 3302
3 221 3302 3299
3 222 3299 3297
3 3297 3296 3184
3 3296 3309 2976
3 3309 3306 1212
3 3306 3305 1213
3 2531 1213 3305
3 2893 2531 3292
3 2870 2893 3291
3 3252 3224 3239
3 3282 3312 3012
3 1996 1995 1888
3 1236 744 743
3 1534 1533 119
3 1530 1531 200
3 1118 1240 1031
3 945 947 823
3 162 7 4
3 3588 3725 3722
3 1154 1155 1161
3 426 212 326
3 552 1901 795
3 3380 2231 2230
3 3380 3177 2229
3 2236 3182 3179
3 3382 3383 3384
3 3383 3385 3386
3 3385 3387 3388
3 3387 3389 3390
3 3391 3392 3393
3 3394 3393 3395
3 3397 3398 3396
3 3399 3400 3398
3 3402 3403 3404
3 3405 3406 3403
3 3407 3408 3406
3 3409 3410 3408
3 3411 3412 3410
3 3414 3399 3397
3 3413 3397 3395
3 3415 3395 3393
3 3416 3393 3392
3 3392 3418 3419
3 3418 3389 3420
3 3389 3387 3421
3 3387 3385 3422
3 3385 3383 3423
3 3383 3382 3424
3 3424 3382 3425
3 2903 3426 3427
3 3428 3426 2903
3 3429 3428 2901
3 2874 3430 3429
3 3431 3432 2732
3 2824 3433 3434
3 3436 3437 3438
3 3440 3436 3435
3 2723 2722 3433
3 3435 3438 3114
3 3439 3435 3116
3 3442 3414 3413
3 3441 3413 3415
3 3443 3415 3416
3 3444 3416 3417
3 3445 3417 3419
3 3419 3420 3447
3 3420 3421 3448
3 3421 3422 3449
3 3422 3423 3450
3 3423 3424 3451
3 3424 3183 3055
3 3450 3451 2252
3 3449 3450 2251
3 3448 3449 1726
3 3447 3448 2149
3 3452 3446 3447
3 3453 3445 3446
3 3454 3444 3445
3 3455 3443 3444
3 3441 3443 3455
3 3442 3441 3456
3 3458 3459 3457
3 3456 3455 3454
3 3458 3454 3453
3 3461 3459 3458
3 3460 3453 3452
3 3463 3461 3460
3 3462 3452 1940
3 3403 3398 3400
3 3406 3396 3398
3 3408 3394 3396
3 3410 3391 3394
3 3464 3465 3412
3 3466 3467 3468
3 3464 3411 3430
3 3469 3466 3465
3 3437 3469 3431
3 3466 3469 3437
3 3467 3466 3436
3 3470 3468 3467
3 3471 3467 3440
3 3472 3440 3439
3 2711 3439 3118
3 3474 3470 3471
3 3473 3471 3472
3 3475 3472 2711
3 3476 3475 2710
3 3477 3473 3475
3 3478 3474 3473
3 3391 3410 3412
3 3465 3468 3479
3 3418 3392 3391
3 3389 3418 3479
3 3468 3470 3390
3 3388 3390 3470
3 3386 3388 3474
3 3384 3386 3478
3 3481 3476 2399
3 3482 3477 3476
3 3480 3478 3477
3 3483 3481 2401
3 3057 3483 2706
3 3060 3484 3483
3 3484 3482 3481
3 3381 3384 3480
3 3485 3480 3482
3 3425 3382 3381
3 3486 3381 3485
3 3485 3484 3060
3 1960 3056 3486
3 3056 3183 3425
3 3427 3402 3401
3 3426 3405 3402
3 3428 3407 3405
3 3429 3409 3407
3 3430 3411 3409
3 3469 3464 3432
3 3433 3438 3437
3 2722 3114 3438
3 2874 2732 3432
3 2735 2823 3434
3 2946 3427 3487
3 3463 3462 1359
3 1899 1924 1923
3 1735 1716 1717
3 1954 1951 1942
3 1670 1737 1734
3 1695 1749 1697
3 1799 1864 1863
3 2062 2054 2055
3 1736 1733 1716
3 1750 1734 1696
3 942 3884 3898
3 3655 3487 3401
3 1576 1577 1763
3 3916 1597 1598
3 1944 145 81
3 67 5 6
3 146 1541 1542
3 1108 1134 1132
3 1502 1909 1906
3 1498 1500 1908
3 451 1921 734
3 1823 2067 3834
3 1824 2066 2067
3 1462 1461 1021
3 840 1011 1008
3 1567 1546 1954
3 1909 1502 1501
3 1938 1501 421
3 308 279 1939
3 1803 1850 1865
3 268 1481 1953
3 2064 1606 2059
3 3811 1684 1757
3 279 275 551
3 1874 1872 1868
3 1738 1720 1733
3 1777 1778 1789
3 309 1919 1914
3 1908 1907 1905
3 1788 1782 1777
3 977 980 979
3 1583 1758 1730
3 424 425 310
3 147 1542 114
3 2043 3896 3893
3 276 1909 1938
3 1942 1945 1944
3 1460 1461 1462
3 2252 3451 3055
3 2980 2253 3488
3 2208 2997 3488
3 2253 2252 3054
3 2997 925 957
3 2825 2816 2720
3 3489 2738 2720
3 2815 3490 3489
3 2333 2296 2295
3 2297 2296 2333
3 2300 2297 2335
3 2310 2300 2337
3 2311 2310 2353
3 2358 2357 2360
3 2334 2295 2358
3 2413 2412 2364
3 2412 2269 2360
3 2354 2351 2539
3 2540 2539 2538
3 2721 2720 2738
3 3113 2721 2737
3 3109 3111 3120
3 3107 3109 3119
3 3121 1753 3126
3 3111 3121 3125
3 3126 1753 1752
3 3138 3132 2528
3 3743 3774 3132
3 3489 2788 2739
3 3490 2789 2788
3 227 228 90
3 244 243 242
3 247 6 246
3 1 296 295
3 144 145 299
3 326 212 209
3 328 331 330
3 238 240 239
3 372 375 374
3 177 176 175
3 1217 1224 1227
3 3861 1230 1294
3 807 808 823
3 3857 3858 1012
3 3812 3809 1410
3 2153 2148 2158
3 3844 3834 1757
3 305 806 1921
3 2156 2152 1975
3 707 708 2030
3 1449 1225 1226
3 1671 1603 1604
3 1812 1813 1820
3 1716 1715 1714
3 175 158 401
3 1709 1704 3915
3 1711 1579 1576
3 1704 1712 1710
3 970 977 978
3 821 822 1093
3 2908 2809 2792
3 2809 2768 2794
3 2798 2909 2248
3 3661 3642 2909
3 2768 2767 2800
3 3176 3175 3177
3 3177 3380 3179
3 3180 1393 1392
3 3180 1632 1631
3 3181 1631 2243
3 3182 2243 2242
3 3491 2790 2789
3 2807 3491 3490
3 2238 3573 3571
3 1148 1149 3570
3 1149 2008 3566
3 2201 3568 3565
3 2920 3563 3564
3 3567 3559 2132
3 1776 1578 1758
3 1200 1195 1182
3 3560 3553 2194
3 3552 3575 2769
3 3926 3924 1686
3 1515 151 153
3 3548 3561 2973
3 3549 3547 2778
3 2770 2771 3574
3 3069 2770 3545
3 3546 3543 2774
3 1375 1374 1369
3 2766 3542 3555
3 2194 3553 3542
3 2774 3543 3541
3 3376 3281 3544
3 3803 3801 3538
3 2775 3541 3537
3 2239 3571 3534
3 2919 3534 3668
3 3547 3533 2785
3 1804 1849 1850
3 3533 3531 2786
3 2950 2772 3539
3 2771 2950 3530
3 2972 2223 3529
3 2223 2222 3536
3 1956 1952 319
3 305 304 303
3 2769 3575 3527
3 2912 3527 3573
3 2922 3564 3526
3 307 1939 430
3 206 207 131
3 1878 1875 1880
3 3732 3786 3524
3 2474 3069 3557
3 2475 2474 3523
3 2222 2475 3522
3 3521 3548 2802
3 2036 3562 10
3 1958 1957 449
3 2002 3554 3519
3 8 9 333
3 2008 2007 3517
3 2007 2972 3535
3 3876 671 672
3 3514 3549 2777
3 2934 3513 3512
3 110 1148 3569
3 3509 3513 2934
3 682 3875 3884
3 3507 3556 2809
3 735 732 731
3 1794 1803 1802
3 3504 3509 2937
3 3506 3504 2938
3 2949 3511 3503
3 2939 2948 3503
3 3800 3790 3511
3 2867 3508 3501
3 2868 3501 3521
3 1023 1033 1022
3 3499 3502 2947
3 550 1938 441
3 2971 3498 3567
3 2031 3532 3498
3 215 92 1923
3 202 201 200
3 1827 1847 1846
3 1957 1956 448
3 271 270 177
3 2870 3544 3494
3 3618 3668 3563
3 2800 2767 3642
3 2004 3757 3653
3 959 885 898
3 3656 3654 3611
3 3779 3787 3645
3 3150 3645 3592
3 2192 3603 3622
3 3606 3602 3144
3 3602 3648 2760
3 3591 3606 3143
3 2925 3657 3633
3 3633 3591 3103
3 3754 3753 3745
3 565 566 3757
3 3487 3655 1863
3 1601 1585 2078
3 2867 3657 3610
3 2921 3610 3609
3 2922 3609 3617
3 3669 3612 2917
3 3618 3669 3613
3 2920 3617 3669
3 2919 3613 3585
3 3612 3641 2914
3 2916 2765 3621
3 2915 2916 3640
3 2238 3586 3651
3 2910 3639 3651
3 3642 3639 2910
3 2796 2800 3661
3 2796 3590 3597
3 3621 3627 2762
3 3607 3627 2763
3 2193 3622 3647
3 2220 3647 3648
3 2755 3607 3608
3 2749 3597 3608
3 3668 3534 1816
3 3762 3769 1690
3 2514 3620 3589
3 2547 3589 3592
3 2512 2488 3631
3 2512 3615 3620
3 2508 3632 3619
3 2509 3631 3632
3 2288 3619 3638
3 2282 3638 3616
3 2239 3585 3586
3 3658 3656 3623
3 715 2120 3886
3 726 1998 3760
3 2164 2170 2169
3 3659 3658 3625
3 3742 3580 3577
3 2174 2171 768
3 2099 499 2094
3 3757 566 3756
3 639 3559 3567
3 1652 3575 3552
3 1894 3535 3529
3 745 3529 3536
3 1652 1809 3527
3 3761 1602 1603
3 2092 2074 2072
3 958 995 994
3 961 898 918
3 1399 1400 1397
3 999 816 1126
3 955 958 883
3 1661 3547 3549
3 2033 3557 3545
3 3925 1688 3538
3 3534 3571 765
3 3571 3573 764
3 333 3569 3570
3 1867 3530 3539
3 1683 1650 1651
3 1681 1682 774
3 1584 1602 3761
3 3762 3761 1671
3 2172 2173 489
3 1657 3543 3546
3 3555 3542 1649
3 1570 3753 2009
3 1586 3663 3670
3 2098 2094 2076
3 786 3760 1998
3 1999 3693 785
3 3154 338 3696
3 3712 3154 3682
3 2179 2178 3684
3 3495 2179 3683
3 1683 3845 3839
3 1759 463 3494
3 2606 3688 3692
3 2580 3675 3688
3 2370 2501 3699
3 2370 3694 3692
3 2586 3675 3674
3 2585 3674 3696
3 2496 3690 3686
3 2501 2502 3686
3 2493 3690 3689
3 3689 3687 2471
3 3687 3700 2467
3 3700 3702 2468
3 725 3907 3891
3 580 3566 3517
3 9 3510 3569
3 1836 3513 3509
3 740 3536 3522
3 1298 3523 3557
3 1850 3506 3503
3 3526 3564 1819
3 579 3517 3535
3 1757 1684 3521
3 1692 3556 3507
3 3503 3511 1866
3 1893 1825 3567
3 2125 1417 3812
3 3905 2125 3840
3 2112 3910 3866
3 2178 3712 3788
3 623 3902 3903
3 2191 3603 3787
3 2176 3540 3786
3 1363 3823 3832
3 3857 3854 1469
3 3134 1752 3774
3 2068 3811 3834
3 1350 3860 3852
3 2107 3881 3900
3 2088 2091 3735
3 3827 3833 1357
3 2000 3748 3782
3 2186 3782 3718
3 2129 3755 3751
3 2003 3751 3748
3 2013 3723 3778
3 2200 3778 3755
3 3166 3719 3758
3 3167 3723 3719
3 3158 3708 3763
3 3159 3763 3764
3 3729 3706 3157
3 3157 3706 3708
3 2199 3068 3729
3 3684 3788 3741
3 3721 3773 2196
3 3789 3735 2091
3 3773 3789 3720
3 3153 3705 3789
3 3154 3712 3705
3 2090 3718 3720
3 2195 3147 3749
3 2192 2195 3775
3 3603 2192 3780
3 2085 2191 3779
3 2086 2085 3777
3 2203 3741 3750
3 2204 3750 3749
3 3908 3885 573
3 2123 2086 3776
3 2207 2123 3759
3 3710 3784 3139
3 3784 3744 3137
3 3744 3743 3138
3 3770 3711 3135
3 3711 3710 3136
3 3774 3766 3130
3 3766 3781 3131
3 1812 3838 3837
3 1292 3853 3855
3 2183 2320 3747
3 2180 2183 3731
3 3764 3767 3078
3 3767 3733 3079
3 708 3872 3874
3 2773 2960 3736
3 3785 3768 2133
3 3808 3807 765
3 2967 3783 3765
3 2968 3758 3783
3 2957 3746 3736
3 2131 3746 3765
3 2320 2184 3770
3 3859 3847 1448
3 3904 3873 581
3 3885 3888 576
3 3846 3825 1817
3 704 3901 3886
3 3815 3911 3906
3 2110 3882 3910
3 3809 3828 1365
3 1811 3838 3821
3 674 3850 3851
3 3495 3704 3850
3 2109 3866 3867
3 2103 3895 3900
3 2108 3867 3898
3 3841 3830 702
3 1679 3810 3845
3 1638 1626 3818
3 622 3903 3905
3 2138 2139 3865
3 1807 1639 3843
3 3819 3820 1818
3 3871 3913 3899
3 1645 3831 3829
3 3888 3889 632
3 2138 3864 3874
3 2155 2154 3870
3 673 3851 3912
3 2116 3816 3811
3 1814 3821 3846
3 3854 3848 1443
3 696 3905 3911
3 865 841 3835
3 3863 3868 2135
3 3584 3730 3725
3 3582 3739 3730
3 3752 3745 3737
3 3739 3582 3580
3 1087 3737 3745
3 3738 3739 3742
3 2790 3491 3492
3 3491 2807 2806
3 2791 3492 3493
3 3492 2806 2805
3 3507 2908 3493
3 3515 3493 2805
3 2947 3502 3790
3 2104 3907 3895
3 3537 3801 3803
3 679 3877 3875
3 1890 1889 3909
3 2904 3798 3800
3 2899 3796 3798
3 2900 3796 3806
3 2733 2877 3805
3 2876 3806 3805
3 2819 3799 3793
3 2817 3795 3791
3 2822 3792 3791
3 2821 3792 3797
3 2818 2734 3799
3 2816 3795 3794
3 2808 3804 3794
3 2807 3804 3802
3 2804 3803 3802
3 1701 3920 3922
3 3921 3919 1796
3 3914 3915 1705
3 3917 3926 1691
3 1656 3897 3879
3 1889 1876 3894
3 3771 3769 1673
3 1688 1689 3771
3 3925 3801 3537
3 3515 3538 1688
3 3916 3922 1702
3 1597 3916 3927
3 3879 3883 1875
3 1690 1689 3924
3 3924 3925 1687
3 3933 3932 3936
3 3933 3937 3938
3 3931 3935 3936
3 3937 3941 3942
3 3936 3935 3939
3 3936 3940 3941
3 3941 3945 3946
3 3940 3939 3943
3 3941 3940 3944
3 3946 3945 3949
3 3943 3947 3948
3 3944 3948 3949
3 3949 3953 3954
3 3948 3947 3951
3 3949 3948 3952
3 3954 3953 3957
3 3952 3951 3955
3 3952 3956 3957
3 3958 3957 3961
3 3956 3955 3959
3 3957 3956 3960
3 3961 3965 3966
3 3959 3963 3964
3 3960 3964 3965
3 3965 3969 3970
3 3964 3963 3967
3 3965 3964 3968
3 3969 3973 3974
3 3967 3971 3972
3 3968 3972 3973
3 3973 3977 3978
3 3972 3971 3975
3 3973 3972 3976
3 3978 3977 3981
3 3975 3979 3980
3 3976 3980 3981
3 3981 3985 3986
3 3980 3979 3983
3 3981 3980 3984
3 3986 3985 3989
3 3983 3987 3988
3 3984 3988 3989
3 3990 3989 3993
3 3988 3987 3991
3 3989 3988 3992
3 3994 3993 3997
3 3991 3995 3996
3 3992 3996 3997
3 3997 4001 4002
3 3996 3995 3999
3 3997 3996 4000
3 4001 4005 4006
3 3999 4003 4004
3 4000 4004 4005
3 4005 4009 4010
3 4004 4003 4007
3 4005 4004 4008
3 4010 4009 4013
3 4007 4011 4012
3 4008 4012 4013
3 4013 4017 4018
3 4012 4011 4015
3 4013 4012 4016
3 4018 4017 4021
3 4015 4019 4020
3 4016 4020 4021
3 4022 4021 4025
3 4020 4019 4023
3 4021 4020 4024
3 4026 4025 4029
3 4023 4027 4028
3 4024 4028 4029
3 4030 4029 4033
3 4028 4027 4031
3 4029 4028 4032
3 4033 4037 4038
3 4031 4035 4036
3 4032 4036 4037
3 4037 4041 4042
3 4036 4035 4039
3 4037 4036 4040
3 4042 4041 4045
3 4039 4043 4044
3 4040 4044 4045
3 4045 4049 4050
3 4044 4043 4047
3 4045 4044 4048
3 4050 4049 4054
3 4047 4052 4053
3 4048 4053 4054
3 4055 4054 4058
3 4052 4056 4057
3 4054 4053 4057
3 4059 4058 3933
3 4057 4056 3931
3 4057 3932 3933
3 4068 4067 4080
3 4065 4078 4079
3 4064 4063 4076
3 4062 4061 4074
3 4070 4083 4084
3 4068 4081 4082
3 4066 4079 4080
3 4065 4064 4077
3 4062 4075 4076
3 4060 4073 4074
3 4071 4084 4085
3 4070 4069 4082
3 4075 4088 4089
3 4073 4086 4087
3 4085 4084 4097
3 4082 4095 4096
3 4081 4080 4093
3 4078 4091 4092
3 4077 4076 4089
3 4075 4074 4087
3 4084 4083 4096
3 4081 4094 4095
3 4079 4092 4093
3 4078 4077 4090
3 4088 4101 4102
3 4087 4086 4099
3 4097 4110 4111
3 4095 4108 4109
3 4094 4093 4106
3 4091 4104 4105
3 4089 4102 4103
3 4088 4087 4100
3 4096 4109 4110
3 4094 4107 4108
3 4093 4092 4105
3 4091 4090 4103
3 4102 4101 4114
3 4099 4112 4113
3 4111 4110 4123
3 4109 4108 4121
3 4106 4119 4120
3 4104 4117 4118
3 4102 4115 4116
3 4100 4113 4114
3 4109 4122 4123
3 4108 4107 4120
3 4106 4105 4118
3 4104 4103 4116
3 4114 4127 4128
3 4113 4112 4125
3 4123 4136 4137
3 4122 4121 4134
3 4119 4132 4133
3 4118 4117 4130
3 4116 4115 4128
3 4113 4126 4127
3 4123 4122 4135
3 4121 4120 4133
3 4118 4131 4132
3 4116 4129 4130
3 4128 4127 4140
3 4125 4138 4139
3 4137 4136 4149
3 4135 4134 4147
3 4132 4145 4146
3 4130 4143 4144
3 4129 4128 4141
3 4126 4139 4140
3 4136 4135 4148
3 4134 4133 4146
3 4131 4144 4145
3 4130 4129 4142
3 4141 4140 4153
3 4139 4138 4151
3 4149 4162 4163
3 4148 4147 4160
3 4145 4158 4159
3 4143 4156 4157
3 4141 4154 4155
3 4139 4152 4153
3 4148 4161 4162
3 4147 4146 4159
3 4145 4144 4157
3 4143 4142 4155
3 4154 4153 4166
3 4152 4151 4164
3 4162 4175 4176
3 4160 4173 4174
3 4158 4171 4172
3 4157 4156 4169
3 4154 4167 4168
3 4152 4165 4166
3 4162 4161 4174
3 4160 4159 4172
3 4158 4157 4170
3 4155 4168 4169
3 4166 4179 4180
3 4164 4177 4178
3 4175 4188 4189
3 4174 4173 4186
3 4172 4171 4184
3 4169 4182 4183
3 4168 4167 4180
3 4166 4165 4178
3 4174 4187 4188
3 4172 4185 4186
3 4170 4183 4184
3 4169 4168 4181
3 4179 4192 4193
3 4177 4190 4191
3 4189 4188 4201
3 4186 4199 4200
3 4185 4184 4197
3 4182 4195 4196
3 4181 4180 4193
3 4179 4178 4191
3 4188 4187 4200
3 4185 4198 4199
3 4183 4196 4197
3 4182 4181 4194
3 4192 4205 4206
3 4191 4190 4203
3 4201 4214 4215
3 4199 4212 4213
3 4198 4197 4210
3 4195 4208 4209
3 4193 4206 4207
3 4192 4191 4204
3 4200 4213 4214
3 4198 4211 4212
3 4197 4196 4209
3 4195 4194 4207
3 4206 4205 4218
3 4203 4216 4217
3 4215 4214 4227
3 4212 4225 4226
3 4210 4223 4224
3 4208 4221 4222
3 4206 4219 4220
3 4204 4217 4218
3 4213 4226 4227
3 4212 4211 4224
3 4210 4209 4222
3 4208 4207 4220
3 4218 4231 4232
3 4217 4216 4229
3 4227 4240 4241
3 4225 4238 4239
3 4224 4223 4236
3 4222 4221 4234
3 4220 4219 4232
3 4217 4230 4231
3 4227 4226 4239
3 4225 4224 4237
3 4222 4235 4236
3 4220 4233 4234
3 4232 4231 4244
3 4229 4242 4243
3 4241 4240 4253
3 4239 4238 4251
3 4236 4249 4250
3 4234 4247 4248
3 4233 4232 4245
3 4230 4243 4244
3 4240 4239 4252
3 4238 4237 4250
3 4235 4248 4249
3 4234 4233 4246
3 4245 4244 4257
3 4243 4242 4255
3 4253 4266 4267
3 4252 4251 4264
3 4249 4262 4263
3 4247 4260 4261
3 4245 4258 4259
3 4243 4256 4257
3 4252 4265 4266
3 4251 4250 4263
3 4249 4248 4261
3 4247 4246 4259
3 4258 4257 4270
3 4256 4255 4268
3 4266 4279 4280
3 4264 4277 4278
3 4262 4275 4276
3 4261 4260 4273
3 4258 4271 4272
3 4256 4269 4270
3 4265 4278 4279
3 4264 4263 4276
3 4262 4261 4274
3 4259 4272 4273
3 4270 4283 4284
3 4268 4281 4282
3 4280 4279 4292
3 4278 4277 4290
3 4276 4275 4288
3 4273 4286 4287
3 4272 4271 4284
3 4270 4269 4282
3 4279 4278 4291
3 4276 4289 4290
3 4274 4287 4288
3 4273 4272 4285
3 4283 4296 4297
3 4281 4294 4295
3 4293 4292 4305
3 4290 4303 4304
3 4289 4288 4301
3 4286 4299 4300
3 4285 4284 4297
3 4283 4282 4295
3 4292 4291 4304
3 4289 4302 4303
3 4287 4300 4301
3 4286 4285 4298
3 4296 4309 4310
3 4295 4294 4307
3 4305 4318 4319
3 4303 4316 4317
3 4302 4301 4314
3 4299 4312 4313
3 4297 4310 4311
3 4296 4295 4308
3 4304 4317 4318
3 4303 4302 4315
3 4301 4300 4313
3 4299 4298 4311
3 4309 4322 4323
3 4307 4320 4321
3 4319 4318 4331
3 4317 4316 4329
3 4315 4314 4327
3 4312 4325 4326
3 4310 4323 4324
3 4309 4308 4321
3 4317 4330 4331
3 4315 4328 4329
3 4314 4313 4326
3 4311 4324 4325
3 4322 4335 4336
3 4321 4320 4333
3 4331 4344 4345
3 4329 4342 4343
3 4328 4327 4340
3 4326 4325 4338
3 4324 4323 4336
3 4321 4334 4335
3 4331 4330 4343
3 4329 4328 4341
3 4326 4339 4340
3 4324 4337 4338
3 4336 4335 4349
3 4333 4347 4348
3 4345 4344 4358
3 4343 4342 4356
3 4340 4354 4355
3 4339 4338 4352
3 4337 4336 4350
3 4334 4348 4349
3 4344 4343 4357
3 4342 4341 4355
3 4339 4353 4354
3 4337 4351 4352
3 4350 4349 4362
3 4348 4347 4360
3 4358 4371 4372
3 4357 4356 4369
3 4354 4367 4368
3 4353 4352 4365
3 4350 4363 4364
3 4348 4361 4362
3 4357 4370 4371
3 4356 4355 4368
3 4354 4353 4366
3 4351 4364 4365
3 4363 4362 4375
3 4361 4360 4373
3 4372 4371 4384
3 4369 4382 4383
3 4367 4380 4381
3 4366 4365 4378
3 4363 4376 4377
3 4361 4374 4375
3 4371 4370 4383
3 4369 4368 4381
3 4367 4366 4379
3 4364 4377 4378
3 4375 4388 4389
3 4373 4386 4387
3 4384 4397 4398
3 4383 4382 4395
3 4381 4380 4393
3 4378 4391 4392
3 4377 4376 4389
3 4375 4374 4387
3 4383 4396 4397
3 4381 4394 4395
3 4379 4392 4393
3 4378 4377 4390
3 4388 4401 4402
3 4386 4399 4400
3 4398 4397 4410
3 4395 4408 4409
3 4394 4393 4406
3 4392 4391 4404
3 4390 4389 4402
3 4388 4387 4400
3 4397 4396 4409
3 4394 4407 4408
3 4392 4405 4406
3 4390 4403 4404
3 4401 4414 4415
3 4400 4399 4412
3 4410 4423 4424
3 4408 4421 4422
3 4407 4406 4419
3 4405 4404 4417
3 4402 4415 4416
3 4401 4400 4413
3 4409 4422 4423
3 4407 4420 4421
3 4406 4405 4418
3 4403 4416 4417
3 4415 4414 4427
3 4412 4425 4426
3 4424 4423 4436
3 4422 4421 4434
3 4420 4419 4432
3 4417 4430 4431
3 4415 4428 4429
3 4414 4413 4426
3 4422 4435 4436
3 4420 4433 4434
3 4419 4418 4431
3 4417 4416 4429
3 4427 4440 4441
3 4425 4438 4439
3 4436 4449 4450
3 4434 4447 4448
3 4433 4432 4445
3 4431 4430 4443
3 4429 4428 4441
3 4426 4439 4440
3 4436 4435 4448
3 4434 4433 4446
3 4431 4444 4445
3 4429 4442 4443
3 4441 4440 4453
3 4438 4451 4452
3 4450 4449 4462
3 4448 4447 4460
3 4445 4458 4459
3 4443 4456 4457
3 4442 4441 4454
3 4439 4452 4453
3 4449 4448 4461
3 4446 4459 4460
3 4444 4457 4458
3 4443 4442 4455
3 4454 4453 4466
3 4452 4451 4464
3 4462 4475 4476
3 4461 4460 4473
3 4458 4471 4472
3 4456 4469 4470
3 4454 4467 4468
3 4452 4465 4466
3 4461 4474 4475
3 4460 4459 4472
3 4458 4457 4470
3 4456 4455 4468
3 4467 4466 4062
3 4465 4464 4060
3 4476 4475 4071
3 4473 4069 4070
3 4471 4067 4068
3 4470 4469 4065
3 4467 4063 4064
3 4465 4061 4062
3 4475 4474 4070
3 4473 4472 4068
3 4471 4470 4066
3 4468 4064 4065
3 3934 4060 4464
3 4464 4451 4055
3 4451 4438 4050
3 4438 4425 4046
3 4046 4425 4412
3 4042 4412 4399
3 4038 4399 4386
3 4386 4373 4030
3 4030 4373 4360
3 4360 4347 4022
3 4347 4333 4018
3 4333 4320 4014
3 4014 4320 4307
3 4010 4307 4294
3 4006 4294 4281
3 4281 4268 3998
3 3998 4268 4255
3 4255 4242 3990
3 4242 4229 3986
3 4229 4216 3982
3 3982 4216 4203
3 3978 4203 4190
3 3974 4190 4177
3 4177 4164 3966
3 3966 4164 4151
3 4151 4138 3958
3 4138 4125 3954
3 4125 4112 3950
3 3950 4112 4099
3 3946 4099 4086
3 3942 4086 4073
3 4073 4060 3934
3 4479 4478 4482
3 4479 4483 4484
3 4478 4477 4481
3 4483 4487 4488
3 4481 4485 4486
3 4482 4486 4487
3 4487 4491 4492
3 4486 4485 4489
3 4487 4486 4490
3 4492 4491 4495
3 4489 4493 4494
3 4490 4494 4495
3 4495 4499 4500
3 4494 4493 4497
3 4495 4494 4498
3 4500 4499 4503
3 4497 4501 4502
3 4498 4502 4503
3 4504 4503 4507
3 4502 4501 4505
3 4503 4502 4506
3 4508 4507 4511
3 4505 4509 4510
3 4506 4510 4511
3 4512 4511 4515
3 4510 4509 4513
3 4511 4510 4514
3 4515 4519 4520
3 4513 4517 4518
3 4514 4518 4519
3 4519 4523 4524
3 4517 4521 4522
3 4519 4518 4522
3 4524 4523 4527
3 4521 4525 4526
3 4522 4526 4527
3 4527 4531 4532
3 4526 4525 4529
3 4527 4526 4530
3 4532 4531 4535
3 4529 4533 4534
3 4530 4534 4535
3 4536 4535 4539
3 4533 4537 4538
3 4535 4534 4538
3 4540 4539 4543
3 4538 4537 4541
3 4538 4542 4543
3 4543 4547 4548
3 4541 4545 4546
3 4543 4542 4546
3 4547 4551 4552
3 4546 4545 4549
3 4546 4550 4551
3 4551 4555 4556
3 4550 4549 4553
3 4551 4550 4554
3 4556 4555 4559
3 4553 4557 4558
3 4554 4558 4559
3 4559 4563 4564
3 4558 4557 4561
3 4559 4558 4562
3 4564 4563 4567
3 4561 4565 4566
3 4562 4566 4567
3 4568 4567 4571
3 4566 4565 4569
3 4567 4566 4570
3 4571 4575 4576
3 4569 4573 4574
3 4570 4574 4575
3 4575 4579 4580
3 4574 4573 4577
3 4575 4574 4578
3 4579 4583 4584
3 4577 4581 4582
3 4578 4582 4583
3 4583 4587 4588
3 4582 4581 4585
3 4583 4582 4586
3 4588 4587 4591
3 4585 4589 4590
3 4586 4590 4591
3 4591 4595 4596
3 4590 4589 4593
3 4591 4590 4594
3 4596 4595 4600
3 4593 4598 4599
3 4594 4599 4600
3 4601 4600 4604
3 4599 4598 4602
3 4600 4599 4603
3 4605 4604 4479
3 4602 4477 4478
3 4603 4478 4479
3 4614 4613 4626
3 4611 4624 4625
3 4610 4609 4622
3 4608 4607 4620
3 4617 4616 4629
3 4614 4627 4628
3 4612 4625 4626
3 4611 4610 4623
3 4608 4621 4622
3 4606 4619 4620
3 4618 4617 4630
3 4616 4615 4628
3 4621 4634 4635
3 4619 4632 4633
3 4631 4630 4643
3 4628 4641 4642
3 4627 4626 4639
3 4625 4624 4637
3 4623 4622 4635
3 4621 4620 4633
3 4630 4629 4642
3 4627 4640 4641
3 4625 4638 4639
3 4623 4636 4637
3 4634 4647 4648
3 4633 4632 4645
3 4643 4656 4657
3 4641 4654 4655
3 4640 4639 4652
3 4638 4637 4650
3 4635 4648 4649
3 4634 4633 4646
3 4642 4655 4656
3 4641 4640 4653
3 4639 4638 4651
3 4636 4649 4650
3 4647 4660 4661
3 4645 4658 4659
3 4657 4656 4669
3 4655 4654 4667
3 4652 4665 4666
3 4650 4663 4664
3 4648 4661 4662
3 4647 4646 4659
3 4655 4668 4669
3 4653 4666 4667
3 4652 4651 4664
3 4650 4649 4662
3 4660 4673 4674
3 4659 4658 4671
3 4669 4682 4683
3 4667 4680 4681
3 4666 4665 4678
3 4664 4663 4676
3 4662 4661 4674
3 4660 4659 4672
3 4669 4668 4681
3 4666 4679 4680
3 4664 4677 4678
3 4662 4675 4676
3 4674 4673 4686
3 4671 4684 4685
3 4683 4682 4695
3 4681 4680 4693
3 4678 4691 4692
3 4677 4676 4689
3 4675 4674 4687
3 4672 4685 4686
3 4682 4681 4694
3 4680 4679 4692
3 4677 4690 4691
3 4675 4688 4689
3 4687 4686 4699
3 4685 4684 4697
3 4695 4708 4709
3 4694 4693 4706
3 4691 4704 4705
3 4690 4689 4702
3 4687 4700 4701
3 4685 4698 4699
3 4694 4707 4708
3 4693 4692 4705
3 4691 4690 4703
3 4688 4701 4702
3 4700 4699 4712
3 4698 4697 4710
3 4709 4708 4721
3 4706 4719 4720
3 4704 4717 4718
3 4703 4702 4715
3 4700 4713 4714
3 4698 4711 4712
3 4708 4707 4720
3 4706 4705 4718
3 4704 4703 4716
3 4701 4714 4715
3 4712 4725 4726
3 4710 4723 4724
3 4722 4721 4734
3 4720 4719 4732
3 4718 4717 4730
3 4715 4728 4729
3 4714 4713 4726
3 4712 4711 4724
3 4720 4733 4734
3 4718 4731 4732
3 4716 4729 4730
3 4715 4714 4727
3 4725 4738 4739
3 4723 4736 4737
3 4735 4734 4747
3 4732 4745 4746
3 4731 4730 4743
3 4729 4728 4741
3 4727 4726 4739
3 4725 4724 4737
3 4734 4733 4746
3 4731 4744 4745
3 4729 4742 4743
3 4727 4740 4741
3 4738 4751 4752
3 4737 4736 4749
3 4747 4760 4761
3 4745 4758 4759
3 4744 4743 4756
3 4742 4741 4754
3 4739 4752 4753
3 4738 4737 4750
3 4746 4759 4760
3 4744 4757 4758
3 4743 4742 4755
3 4740 4753 4754
3 4752 4751 4764
3 4749 4762 4763
3 4761 4760 4773
3 4758 4771 4772
3 4757 4756 4769
3 4754 4767 4768
3 4752 4765 4766
3 4751 4750 4763
3 4759 4772 4773
3 4757 4770 4771
3 4756 4755 4768
3 4754 4753 4766
3 4764 4777 4778
3 4763 4762 4775
3 4773 4786 4787
3 4771 4784 4785
3 4770 4769 4782
3 4768 4767 4780
3 4766 4765 4778
3 4764 4763 4776
3 4773 4772 4785
3 4770 4783 4784
3 4768 4781 4782
3 4766 4779 4780
3 4778 4777 4790
3 4775 4788 4789
3 4787 4786 4799
3 4785 4784 4797
3 4782 4795 4796
3 4781 4780 4793
3 4779 4778 4791
3 4776 4789 4790
3 4786 4785 4798
3 4784 4783 4796
3 4781 4794 4795
3 4779 4792 4793
3 4791 4790 4803
3 4789 4788 4801
3 4799 4812 4813
3 4798 4797 4810
3 4795 4808 4809
3 4794 4793 4806
3 4791 4804 4805
3 4789 4802 4803
3 4798 4811 4812
3 4797 4796 4809
3 4795 4794 4807
3 4792 4805 4806
3 4804 4803 4816
3 4802 4801 4814
3 4813 4812 4825
3 4810 4823 4824
3 4808 4821 4822
3 4807 4806 4819
3 4804 4817 4818
3 4802 4815 4816
3 4812 4811 4824
3 4810 4809 4822
3 4808 4807 4820
3 4805 4818 4819
3 4816 4829 4830
3 4814 4827 4828
3 4825 4838 4839
3 4824 4823 4836
3 4822 4821 4834
3 4819 4832 4833
3 4818 4817 4830
3 4816 4815 4828
3 4824 4837 4838
3 4822 4835 4836
3 4820 4833 4834
3 4819 4818 4831
3 4829 4842 4843
3 4827 4840 4841
3 4839 4838 4851
3 4836 4849 4850
3 4835 4834 4847
3 4833 4832 4845
3 4831 4830 4843
3 4829 4828 4841
3 4838 4837 4850
3 4835 4848 4849
3 4833 4846 4847
3 4831 4844 4845
3 4842 4855 4856
3 4841 4840 4853
3 4851 4864 4865
3 4849 4862 4863
3 4848 4847 4860
3 4846 4845 4858
3 4843 4856 4857
3 4842 4841 4854
3 4850 4863 4864
3 4848 4861 4862
3 4847 4846 4859
3 4844 4857 4858
3 4856 4855 4868
3 4854 4853 4866
3 4865 4864 4877
3 4863 4862 4875
3 4861 4860 4873
3 4858 4871 4872
3 4856 4869 4870
3 4855 4854 4867
3 4863 4876 4877
3 4861 4874 4875
3 4860 4859 4872
3 4858 4857 4870
3 4868 4881 4882
3 4867 4866 4879
3 4877 4890 4891
3 4876 4875 4888
3 4873 4886 4887
3 4872 4871 4884
3 4870 4869 4882
3 4867 4880 4881
3 4877 4876 4889
3 4875 4874 4887
3 4872 4885 4886
3 4870 4883 4884
3 4882 4881 4895
3 4879 4893 4894
3 4891 4890 4904
3 4889 4888 4902
3 4886 4900 4901
3 4884 4898 4899
3 4883 4882 4896
3 4880 4894 4895
3 4890 4889 4903
3 4888 4887 4901
3 4885 4899 4900
3 4884 4883 4897
3 4896 4895 4908
3 4894 4893 4906
3 4904 4917 4918
3 4903 4902 4915
3 4900 4913 4914
3 4898 4911 4912
3 4896 4909 4910
3 4894 4907 4908
3 4903 4916 4917
3 4902 4901 4914
3 4900 4899 4912
3 4898 4897 4910
3 4909 4908 4921
3 4907 4906 4919
3 4918 4917 4930
3 4915 4928 4929
3 4913 4926 4927
3 4912 4911 4924
3 4909 4922 4923
3 4907 4920 4921
3 4917 4916 4929
3 4915 4914 4927
3 4913 4912 4925
3 4910 4923 4924
3 4921 4934 4935
3 4919 4932 4933
3 4930 4943 4944
3 4929 4928 4941
3 4927 4926 4939
3 4924 4937 4938
3 4923 4922 4935
3 4921 4920 4933
3 4929 4942 4943
3 4927 4940 4941
3 4925 4938 4939
3 4924 4923 4936
3 4934 4947 4948
3 4932 4945 4946
3 4944 4943 4956
3 4941 4954 4955
3 4940 4939 4952
3 4937 4950 4951
3 4936 4935 4948
3 4934 4933 4946
3 4943 4942 4955
3 4940 4953 4954
3 4938 4951 4952
3 4937 4936 4949
3 4947 4960 4961
3 4946 4945 4958
3 4956 4969 4970
3 4954 4967 4968
3 4953 4952 4965
3 4950 4963 4964
3 4948 4961 4962
3 4947 4946 4959
3 4955 4968 4969
3 4953 4966 4967
3 4952 4951 4964
3 4950 4949 4962
3 4961 4960 4973
3 4958 4971 4972
3 4970 4969 4982
3 4967 4980 4981
3 4965 4978 4979
3 4963 4976 4977
3 4961 4974 4975
3 4959 4972 4973
3 4968 4981 4982
3 4966 4979 4980
3 4965 4964 4977
3 4963 4962 4975
3 4974 4973 4986
3 4972 4971 4984
3 4982 4995 4996
3 4980 4993 4994
3 4978 4991 4992
3 4977 4976 4989
3 4975 4974 4987
3 4972 4985 4986
3 4982 4981 4994
3 4980 4979 4992
3 4977 4990 4991
3 4975 4988 4989
3 4987 4986 4999
3 4984 4997 4998
3 4996 4995 5008
3 4994 4993 5006
3 4991 5004 5005
3 4990 4989 5002
3 4988 4987 5000
3 4985 4998 4999
3 4995 4994 5007
3 4993 4992 5005
3 4990 5003 5004
3 4988 5001 5002
3 5000 4999 5012
3 4998 4997 5010
3 5008 5021 5022
3 5007 5006 5019
3 5004 5017 5018
3 5003 5002 5015
3 5000 5013 5014
3 4998 5011 5012
3 5007 5020 5021
3 5006 5005 5018
3 5004 5003 5016
3 5001 5014 5015
3 5013 5012 4608
3 5011 5010 4606
3 5021 4617 4618
3 5019 4615 4616
3 5017 4613 4614
3 5016 5015 4611
3 5013 4609 4610
3 5011 4607 4608
3 5020 4616 4617
3 5019 5018 4614
3 5017 5016 4612
3 5014 4610 4611
3 4480 4606 5010
3 5010 4997 4601
3 4997 4984 4596
3 4984 4971 4592
3 4592 4971 4958
3 4588 4958 4945
3 4584 4945 4932
3 4932 4919 4576
3 4576 4919 4906
3 4906 4893 4568
3 4893 4879 4564
3 4879 4866 4560
3 4560 4866 4853
3 4556 4853 4840
3 4552 4840 4827
3 4827 4814 4544
3 4544 4814 4801
3 4801 4788 4536
3 4788 4775 4532
3 4775 4762 4528
3 4528 4762 4749
3 4524 4749 4736
3 4520 4736 4723
3 4723 4710 4512
3 4512 4710 4697
3 4697 4684 4504
3 4684 4671 4500
3 4671 4658 4496
3 4496 4658 4645
3 4492 4645 4632
3 4488 4632 4619
3 4619 4606 4480
